Date,Time,Event,Duration,Dist by observ.,Total               M.E. rev. ,M.E. mean RPM,M.E. BHP,Dist by engine,Slip,M/E consum.  MT,G/E consum.   MT,Comp.Blr     consum.    MT,F.O. Total consum. Per day   MT,FWG,REV counter,F.O. flowmeter,Mean pitch of propeller,FO serv.tank Temp,FO serv.tank V.C.F.,G/E F.O. Temp,G/E FO V.C.F,HS F.O. Density,ME counter corr.factor,G/E counter corr.factor,AB FO Temp,C.BLR Temp,AB F.O. V.C.F,C.BLR V.C.F,AB counter corr.factor,D.O. density,D.O. temp,D.O. consum. M3,ME cyl oil counter corr.factor,"ME  LO Consump,           L/D","G/E  LO     Consump,      L/D",Engine room    Temp,ME Scav.air Temp,HSFO      LCV,SFOC (ISO),Comp.   BLR   corr.factor,D.O.     VCF,GE flowmeter,AB(1) flowmeter,CBLR flowmeter,Cyl oil flowmeter,LSFO     LCV,LSFO  DENSITY,LSHFO IN USE,LSCO IN USE,BLR on MGO,ME on MGO,ME  Dencity Exchange,Serv.tank  temp.    exchange,AE temp.         exchange,BLR temp   exchange,Other   Lubs,D.O. Blr+ME+AE consum MT,UFS,Day Hours          retard/advan,GE on MGO,AE density  exchange,AB dencity exchenge,Comp.Blr  on DO,CBLR  exchange   density,CBLR     exchange    Temp,Arrival,Cyl.oil  by Counter
12/31/1899,2,01/02/1900,4,5,7,8,9,10,11,,,,,02/26/1900,02/27/1900,02/28/1900,03/01/1900,03/02/1900,03/03/1900,03/04/1900,03/05/1900,03/06/1900,03/07/1900,03/08/1900,03/09/1900,03/10/1900,03/11/1900,03/12/1900,03/13/1900,03/14/1900,03/15/1900,03/16/1900,03/17/1900,03/18/1900,03/19/1900,03/20/1900,03/21/1900,03/22/1900,03/23/1900,03/24/1900,03/25/1900,03/26/1900,03/27/1900,03/28/1900,03/29/1900,90,03/31/1900,92,04/02/1900,94,04/04/1900,96,04/06/1900,98,04/08/1900,100,04/10/1900,102,04/12/1900,104,04/14/1900,04/15/1900,04/16/1900,04/17/1900,04/18/1900,04/19/1900,04/20/1900
06/29/2024,17.36,BoSP,1.9,0,9680,0,,17.1,0,0.8,0.2,0,1,4,8,7,3.276,35,0.9851,35,0.9851,,1.35,1,35,35,,0.9851,1,1,25,0,1,60,10,42,44,,,1.1,0.9933,7,7,7,0,41.8,0.926,1,1,0,0,,35,35,,2000,0,1,0,0,,,0,,35,0,1
06/30/2024,4,EoSP,10.4,110.6,75530,121,,133.6,17.2,5.9,1.1,0,7,4,8,7,3.276,35,0.9851,35,0.9851,,1.35,1,35,35,,0.9851,1,1,25,0,1,60,10,42,44,,,1.1,0.9933,7,7,7,0,41.8,0.926,1,1,0,0,,35,35,,2000,0,1,0,0,,,0,,35,1,1
06/30/2024,8.24,FWE,4.4,0,21670,0,,38.3,0,1.5,0.5,0.1,2.1,4,8,7,3.276,35,0.9851,35,0.9851,,1.35,1,35,35,,0.9851,1,1,25,0,1,60,10,42,44,,,1.1,0.9933,7,7,7,0,41.8,0.926,1,1,0,0,,35,35,,2000,0,1,0,0,,,0,,35,1,1
06/30/2024,12,PORT,3.6,0,0,0,,0,0,0,0.4,0.2,0.6,4,8,7,3.276,35,0.9851,35,0.9851,,1.35,1,35,35,,0.9851,1,1,25,0,1,60,10,42,44,,,1.1,0.9933,7,7,7,0,41.8,0.926,1,1,0,0,,35,35,,2000,0,1,0,0,,,0,,35,1,1
07/01/2024,1.48,PORT,13.8,0,0,0,,0,0,0,1.4,0.7,2.1,4,8,7,3.276,35,0.9851,35,0.9851,,1.35,1,35,35,,0.9851,1,1,25,0,1,60,10,42,44,,,1.1,0.9933,7,7,7,0,41.8,0.926,1,1,0,0,,35,35,,2000,0,1,0,0,,,0,,35,0,1
07/01/2024,4.36,BoSP,2.8,0,19120,0,,33.8,0,1.8,0.3,0,2.1,4,8,7,3.276,35,0.9851,35,0.9851,,1.35,1,35,35,,0.9851,1,1,25,0,1,60,10,42,44,,,1.1,0.9933,7,7,7,0,41.8,0.926,1,1,0,0,,35,35,,2000,0,1,0,0,,,0,,35,0,1
07/01/2024,12,SEA,7.4,78.5,53550,120.6,,94.7,17.1,4.1,0.9,0,5,4,8,7,3.276,35,0.9851,35,0.9851,,1.35,1,35,35,,0.9851,1,1,25,0,1,60,10,42,44,,,1.1,0.9933,7,7,7,0,41.8,0.926,1,1,0,0,,35,35,,2000,0,1,0,0,,,0,,35,1,1
07/01/2024,15.3,EoSP,3.5,36.1,25280,120.4,,44.7,19.2,1.9,0.4,0,2.3,4,8,7,3.276,35,0.9851,35,0.9851,,1.35,1,35,35,,0.9851,1,1,25,0,1,60,10,42,44,,,1.1,0.9933,7,7,7,0,41.8,0.926,1,1,0,0,,35,35,,2000,0,1,0,0,,,0,,35,1,1
07/01/2024,17.3,FWE,2,0,9400,0,,16.6,0,0.7,0.2,0.1,1,4,8,7,3.276,35,0.9851,35,0.9851,,1.35,1,35,35,,0.9851,1,1,25,0,1,60,10,42,44,,,1.1,0.9933,7,7,7,0,41.8,0.926,1,1,0,0,,35,35,,2000,0,1,0,0,,,0,,35,1,1
07/02/2024,11.12,PORT,17.7,0,0,0,,0,0,0,1.8,0.8,2.6,4,8,7,3.276,35,0.9851,35,0.9851,,1.35,1,35,35,,0.9851,1,1,25,0,1,60,10,42,44,,,1.1,0.9933,7,7,7,0,41.8,0.926,1,1,0,0,,35,35,,2000,0,1,0,0,,,0,,35,0,1
07/02/2024,12,WAY,0.800000000000001,0,1540,0,,2.7,0,0,0.1,0,0.1,4,8,7,3.276,35,0.9851,35,0.9851,,1.35,1,35,35,,0.9851,1,1,25,0,1,60,10,42,44,,,1.1,0.9933,7,7,7,0,41.8,0.926,1,1,0,0,,35,35,,2000,0,1,0,0,,,0,,35,0,1
07/02/2024,13.36,BoSP,1.6,0,8650,0,,15.3,0,0.5,0.2,0.1,0.8,4,8,7,3.276,35,0.9851,35,0.9851,,1.35,1,35,35,,0.9851,1,1,25,0,1,60,10,42,44,,,1.1,0.9933,7,7,7,0,41.8,0.926,1,1,0,0,,35,35,,2000,0,1,0,0,,,0,,35,0,1
07/03/2024,1.3,EoSP,11.9,113.2,86330,120.9,,152.7,25.9,6.6,1.3,0,7.9,4,8,7,3.276,35,0.9851,35,0.9851,,1.35,1,35,35,,0.9851,1,1,25,0,1,60,10,42,44,,,1.1,0.9933,7,7,7,0,41.8,0.926,1,1,0,0,,35,35,,2000,0,1,0,0,,,0,,35,1,1
07/03/2024,5.24,FWE,3.9,0,21930,0,,38.8,0,1.6,0.4,0,2,4,8,7,3.276,35,0.9851,35,0.9851,,1.35,1,35,35,,0.9851,1,1,25,0,1,60,10,42,44,,,1.1,0.9933,7,7,7,0,41.8,0.926,1,1,0,0,,35,35,,2000,0,1,0,0,,,0,,35,1,1
07/03/2024,12,PORT,6.6,0,0,0,,0,0,0,0.6,0.3,0.9,4,8,7,3.276,35,0.9851,35,0.9851,,1.35,1,35,35,,0.9851,1,1,25,0,1,60,10,42,44,,,1.1,0.9933,7,7,7,0,41.8,0.926,1,1,0,0,,35,35,,2000,0,1,0,0,,,0,,35,1,1
07/03/2024,22.24,PORT,10.4,0,0,0,,0,0,0,1.1,0.6,1.7,4,8,7,3.276,35,0.9851,35,0.9851,,1.35,1,35,35,,0.9851,1,1,25,0,1,60,10,42,44,,,1.1,0.9933,7,7,7,0,41.8,0.926,1,1,0,0,,35,35,,2000,0,1,0,0,,,0,,35,0,1
07/04/2024,1.36,BoSP,3.2,0,19190,0,,33.9,0,1.6,0.4,0,2,4,8,7,3.276,35,0.9851,35,0.9851,,1.35,1,35,35,,0.9851,1,1,25,0,1,60,10,42,44,,,1.1,0.9933,7,7,7,0,41.8,0.926,1,1,0,0,,35,35,,2000,0,1,0,0,,,0,,35,0,1
07/04/2024,10,EoSP,8.4,107.3,72750,144.3,,128.7,16.6,7.5,0.9,0,8.4,4,8,7,3.276,35,0.9851,35,0.9851,,1.35,1,35,35,,0.9851,1,1,25,0,1,60,10,42,44,,,1.1,0.9933,7,7,7,0,41.8,0.926,1,1,0,0,,35,35,,2000,0,1,0,0,,,0,,35,1,1
07/04/2024,12,WAY,2,0,16620,0,,29.4,0,1.7,0.2,0,1.9,4,8,7,3.276,35,0.9851,35,0.9851,,1.35,1,35,35,,0.9851,1,1,25,0,1,60,10,42,44,,,1.1,0.9933,7,7,7,0,41.8,0.926,1,1,0,0,,35,35,,2000,0,1,0,0,,,0,,35,1,1
07/04/2024,13.06,FWE,1.1,0,4840,0,,8.6,0,0.4,0.1,0.1,0.6,4,8,7,3.276,35,0.9851,35,0.9851,,1.35,1,35,35,,0.9851,1,1,25,0,1,60,10,42,44,,,1.1,0.9933,7,7,7,0,41.8,0.926,1,1,0,0,,35,35,,2000,0,1,0,0,,,0,,35,1,1
07/05/2024,7.24,PORT,18.3,0,0,0,,0,0,0,1.9,0.8,2.7,4,8,7,3.276,35,0.9851,35,0.9851,,1.35,1,35,35,,0.9851,1,1,25,0,1,60,10,42,44,,,1.1,0.9933,7,7,7,0,41.8,0.926,1,1,0,0,,35,35,,2000,0,1,0,0,,,0,,35,0,1
07/05/2024,9.06,BoSP,1.7,0,9550,0,,16.9,0,0.8,0.2,0,1,4,8,7,3.276,35,0.9851,35,0.9851,,1.35,1,35,35,,0.9851,1,1,25,0,1,60,10,42,44,,,1.1,0.9933,7,7,7,0,41.8,0.926,1,1,0,0,,35,35,,2000,0,1,0,0,,,0,,35,0,1
07/05/2024,12,SEA,2.9,27.4,21010,120.7,,37.2,26.3,1.6,0.3,0,1.9,4,8,7,3.276,35,0.9851,35,0.9851,,1.35,1,35,35,,0.9851,1,1,25,0,1,60,10,42,44,,,1.1,0.9933,7,7,7,0,41.8,0.926,1,1,0,0,,35,35,,2000,0,1,0,0,,,0,,35,0,1
07/05/2024,21,EoSP,9,90.4,65520,121.3,,115.9,22,5.2,1,0,6.2,4,8,7,3.276,35,0.9851,35,0.9851,,1.35,1,35,35,,0.9851,1,1,25,0,1,60,10,42,44,,,1.1,0.9933,7,7,7,0,41.8,0.926,1,1,0,0,,35,35,,2000,0,1,0,0,,,0,,35,1,1
07/06/2024,1.18,FWE,4.3,0,19670,0,,34.8,0,1.2,0.5,0.1,1.8,4,8,7,3.276,35,0.9851,35,0.9851,,1.35,1,35,35,,0.9851,1,1,25,0,1,60,10,42,44,,,1.1,0.9933,7,7,7,0,41.8,0.926,1,1,0,0,,35,35,,2000,0,1,0,0,,,0,,35,1,1
07/06/2024,12,PORT,10.7,0,0,0,,0,0,0,1.3,0.5,1.8,4,8,7,3.276,35,0.9851,35,0.9851,,1.35,1,35,35,,0.9851,1,1,25,0,1,60,10,42,44,,,1.1,0.9933,7,7,7,0,41.8,0.926,1,1,0,0,,35,35,,2000,0,1,0,0,,,0,,35,1,1
07/06/2024,15.06,PORT,3.1,0,0,0,,0,0,0,0.1,0.2,0.3,4,8,7,3.276,35,0.9851,35,0.9851,,1.25,1,35,35,,0.9851,1,1,25,0.1,1,60,10,42,44,,,1.1,0.9933,7,7,7,0,41.8,0.926,1,1,0,0,,35,35,,2000,0,1,0,0,,,0,,35,0,1
07/06/2024,19.36,BoSP,4.5,0,17670,0,,31.3,0,0.9,0.5,0.1,1.5,4,8,7,3.276,35,0.9851,35,0.9851,,1.2,1,35,35,,0.9851,1,1,25,0.2,1,60,10,42,44,,,1.1,0.9933,7,7,7,0,41.8,0.926,1,1,0,0,,35,35,,2000,0,1,0,0,,,0,,35,0,1
07/07/2024,7.3,EoSP,11.9,121.5,86380,121,,152.8,20.5,5.9,1.3,0,7.2,4,8,7,3.276,35,0.9851,35,0.9851,,1.2,1,35,35,,0.9851,1,1,25,0,1,60,10,42,44,,,1.1,0.9933,7,7,7,0,41.8,0.926,1,1,0,0,,35,35,,2000,0,1,0,0,,,0,,35,1,1
07/07/2024,10.42,FWE,3.2,0,10320,0,,18.3,0,0.4,0.4,0,0.8,4,8,7,3.276,35,0.9851,35,0.9851,,1.1,1,35,35,,0.9851,1,1,25,0.1,1,60,10,42,44,,,1,0.9933,7,7,7,0,41.8,0.926,1,1,0,0,,35,35,,2000,0,1,0,0,,,0,,35,1,1
07/07/2024,12,PORT,1.3,0,0,0,,0,0,0,0.1,0.1,0.2,4,8,7,3.276,35,0.9851,35,0.9851,,1.1,1,35,35,,0.9851,0.9,1,25,0,1,60,10,42,44,,,0.9,0.9933,7,7,7,0,41.8,0.926,1,1,0,0,,35,35,,2000,0,1,0,0,,,0,,35,1,1
07/08/2024,4.12,PORT,16.2,0,0,0,,0,0,0,1.6,0.6,2.2,4,8,7,3.276,35,0.9851,35,0.9851,,1.1,1,35,35,,0.9851,0.9,1,25,0,1,60,10,42,44,,,0.9,0.9933,7,7,7,0,41.8,0.926,1,1,0,0,,35,35,,2000,0,1,0,0,,,0,,35,0,1
07/08/2024,6.36,BoSP,2.4,0,11440,0,,20.2,0,0.7,0.3,0,1,4,8,7,3.276,35,0.9851,35,0.9851,,1,1,35,35,,0.9851,0.9,1,25,0,1,60,10,42,44,,,0.9,0.9933,7,7,7,0,41.8,0.926,1,1,0,0,,35,35,,2000,0,1,0,0,,,0,,35,0,1
07/08/2024,12,SEA,5.4,74.2,51270,158.2,,90.7,18.2,4.2,0.6,0,4.8,4,8,7,3.276,35,0.9851,35,0.9851,,1,1,35,35,,0.9851,0.9,1,25,0,1,60,10,42,44,,,0.9,0.9933,7,7,7,0,41.8,0.926,1,1,0,0,,35,35,,2000,0,1,0,0,,,0,,35,0,1
07/08/2024,14.42,EoSP,2.7,30.8,25510,157.5,,45.1,31.7,2.2,0.3,0,2.5,4,8,7,3.276,35,0.9851,35,0.9851,,1,1,35,35,,0.9851,0.9,1,25,0,1,60,10,42,44,,,0.9,0.9933,7,7,7,0,41.8,0.926,1,1,0,0,,35,35,,2000,0,1,0,0,,,0,,35,1,1
07/08/2024,17.3,FWE,2.8,0,17130,0,,30.3,0,1,0.3,0,1.3,4,8,7,3.276,35,0.9851,35,0.9851,,1,1,35,35,,0.9851,0.9,1,25,0.1,1,60,10,42,44,,,0.9,0.9933,7,7,7,0,41.8,0.926,1,1,0,0,,35,35,,2000,0,1,0,0,,,0,,35,1,1
07/09/2024,11.48,PORT,18.3,0,0,0,,0,0,0,1.9,0.8,2.7,4,8,7,3.276,35,0.9851,35,0.9851,,1,1,35,35,,0.9851,0.9,1,25,0,1,60,10,42,44,,,0.9,0.9933,7,7,7,0,41.8,0.926,1,1,0,0,,35,35,,2000,0,1,0,0,,,0,,35,0,1
07/09/2024,12,WAY,0.199999999999999,0,0,0,,0,0,0,0,0,0,4,8,7,3.276,35,0.9851,35,0.9851,,1,0.9,35,35,,0.9851,1,1,25,0,1,60,10,42,44,,,0.9,0.9933,7,7,7,0,41.8,0.926,1,1,0,0,,35,35,,2000,0,1,0,0,,,0,,35,0,1
07/09/2024,16.06,BoSP,4.1,0,24970,0,,44.2,0,1.2,0.5,0,1.7,4,8,7,3.276,35,0.9851,35,0.9851,,1,0.9,35,35,,0.9851,1,1,25,0,1,60,10,42,44,,,0.9,0.9933,7,7,7,0,41.8,0.926,1,1,0,0,,35,35,,2000,0,1,0,0,,,0,,35,0,1
07/10/2024,4,EoSP,11.9,114.3,86740,121.5,,153.4,25.5,5,1.2,0,6.2,4,8,7,3.276,35,0.9851,35,0.9851,,1,0.9,35,35,,0.9851,1,1,25,0,1,60,10,42,44,,,0.9,0.9933,7,7,7,0,41.8,0.926,1,1,0,0,,35,35,,2000,0,1,0,0,,,0,,35,1,1
07/10/2024,8.12,FWE,4.2,0,18110,0,,32,0,0.7,0.4,0,1.1,4,8,7,3.276,35,0.9851,35,0.9851,,1,0.9,35,35,,0.9851,1,1,25,0,1,60,10,42,44,,,0.9,0.9933,7,7,7,0,41.8,0.926,1,1,0,0,,35,35,,2000,0,1,0,0,,,0,,35,1,1
07/10/2024,12,PORT,3.8,0,0,0,,0,0,0,0.3,0.2,0.5,4,8,7,3.276,35,0.9851,35,0.9851,,1,0.9,35,35,,0.9851,1,1,25,0,1,60,10,42,44,,,0.9,0.9933,7,7,7,0,41.8,0.926,1,1,0,0,,35,35,,2000,0,1,0,0,,,0,,35,1,1
07/10/2024,20.18,PORT,8.3,0,0,0,,0,0,0,0.8,0.3,1.1,4,8,7,3.276,35,0.9851,35,0.9851,,1,0.9,35,35,,0.9851,1,1,25,0,1,60,10,42,44,,,0.9,0.9933,7,7,7,0,41.8,0.926,1,1,0,0,,35,35,,2000,0,1,0,0,,,0,,35,0,1
07/10/2024,22.06,BoSP,1.8,0,8580,0,,15.2,0,0.3,0.2,0,0.5,4,8,7,3.276,35,0.9851,35,0.9851,,1,0.9,35,35,,0.9851,1,1,25,0,1,60,10,42,44,,,0.9,0.9933,7,7,7,0,41.8,0.926,1,1,0,0,,35,35,,2000,0,1,0,0,,,0,,35,0,1
07/11/2024,9,EoSP,10.9,118.6,82320,125.9,,145.6,18.5,4.9,1,0,5.9,4,8,7,3.276,35,0.9851,35,0.9851,,1,0.9,35,35,,0.9851,1,1,25,0,1,60,10,42,44,,,0.9,0.9933,7,7,7,0,41.8,0.926,1,1,0,0,,35,35,,2000,0,1,0,0,,,0,,35,1,1
07/11/2024,11.54,FWE,2.9,0,17020,0,,30.1,0,1,0.3,0,1.3,4,8,7,3.276,35,0.9851,35,0.9851,,1,0.9,35,35,,0.9851,1,1,25,0,1,60,10,42,44,,,0.9,0.9933,7,7,7,0,41.8,0.926,1,1,0,0,,35,35,,2000,0,1,0,0,,,0,,35,1,1
07/11/2024,12,PORT,0.100000000000001,0,0,0,,0,0,0,0,0,0,4,8,7,3.276,35,0.9851,35,0.9851,,1,0.9,35,35,,0.9851,1,1,25,0,1,60,10,42,44,,,0.9,0.9933,7,7,7,0,41.8,0.926,1,1,0,0,,35,35,,2000,0,1,0,0,,,0,,35,1,1
07/12/2024,5.48,PORT,17.8,0,0,0,,0,0,0,1.7,0.8,2.5,4,8,7,3.276,35,0.9851,35,0.9851,,1,0.9,35,35,,0.9851,1,1,25,0,1,60,10,42,44,,,0.9,0.9933,7,7,7,0,41.8,0.926,1,1,0,0,,35,35,,2000,0,1,0,0,,,0,,35,0,1
07/12/2024,8.06,BoSP,2.3,0,14510,0,,25.7,0,0.9,0.2,0,1.1,4,8,7,3.276,35,0.9851,35,0.9851,,1,0.9,35,35,,0.9851,1,1,25,0,1,60,10,42,44,,,0.9,0.9933,7,7,7,0,41.8,0.926,1,1,0,0,,35,35,,2000,0,1,0,0,,,0,,35,0,1
07/12/2024,12,SEA,3.9,40.7,28330,121.1,,50.1,18.8,1.5,0.4,0,1.9,4,8,7,3.276,35,0.9851,35,0.9851,,1,0.9,35,35,,0.9851,1,1,25,0,1,60,10,42,44,,,0.9,0.9933,7,7,7,0,41.8,0.926,1,1,0,0,,35,35,,2000,0,1,0,0,,,0,,35,0,1
07/12/2024,21,EoSP,9,93.5,65460,121.2,,115.8,19.3,3.6,0.9,0,4.5,4,8,7,3.276,35,0.9851,35,0.9851,,1,0.9,35,35,,0.9851,1,1,25,0,1,60,10,42,44,,,0.9,0.9933,7,7,7,0,41.8,0.926,1,1,0,0,,35,35,,2000,0,1,0,0,,,0,,35,1,1
07/12/2024,23.48,FWE,2.8,0,13110,0,,23.2,0,0.7,0.3,0.1,1.1,4,8,7,3.276,35,0.9851,35,0.9851,,1,0.9,35,35,,0.9851,1,1,25,0,1,60,10,42,44,,,0.9,0.9933,7,7,7,0,41.8,0.926,1,1,0,0,,35,35,,2000,0,1,0,0,,,0,,35,1,1
07/13/2024,12,PORT,12.2,0,0,0,,0,0,0,1.1,0.5,1.6,4,8,7,3.276,35,0.9851,35,0.9851,,1,0.9,35,35,,0.9851,1,1,25,0,1,60,10,42,44,,,0.9,0.9933,7,7,7,0,41.8,0.926,1,1,0,0,,35,35,,2000,0,1,0,0,,,0,,35,0,1
07/13/2024,13,PORT,1,0,0,0,,0,0,0,0.1,0,0.1,4,8,7,3.276,35,0.9851,35,0.9851,,1,0.9,35,35,,0.9851,1,1,25,0,1,60,10,42,44,,,0.9,0.9933,7,7,7,0,41.8,0.926,1,1,0,0,,35,35,,2000,0,1,0,0,,,0,,35,0,1
07/13/2024,15.06,BoSP,2.1,0,12010,0,,21.2,0,0.7,0.2,0,0.9,4,8,7,3.276,35,0.9851,35,0.9851,,1,0.9,35,35,,0.9851,1,1,25,0,1,60,10,42,44,,,0.9,0.9933,7,7,7,0,41.8,0.926,1,1,0,0,,35,35,,2000,0,1,0,0,,,0,,35,0,1
07/14/2024,4,EoSP,12.9,125.1,93660,121,,165.7,24.5,5.3,1.2,0,6.5,4,8,7,3.276,35,0.9851,35,0.9851,,1,0.9,35,35,,0.9851,1,1,25,0,1,60,10,42,44,,,0.9,0.9933,7,7,7,0,41.8,0.926,1,1,0,0,,35,35,,2000,0,1,0,0,,,0,,35,1,1
07/14/2024,8,FWE,4,0,20950,0,,37.1,0,1,0.4,0,1.4,4,8,7,3.276,35,0.9851,35,0.9851,,1,0.9,35,35,,0.9851,1,1,25,0,1,60,10,42,44,,,0.9,0.9933,7,7,7,0,41.8,0.926,1,1,0,0,,35,35,,2000,0,1,0,0,,,0,,35,1,1
07/14/2024,12,PORT,4,0,0,0,,0,0,0,0.4,0.2,0.6,4,8,7,3.276,35,0.9851,35,0.9851,,1,0.9,35,35,,0.9851,1,1,25,0,1,60,10,42,44,,,0.9,0.9933,7,7,7,0,41.8,0.926,1,1,0,0,,35,35,,2000,0,1,0,0,,,0,,35,1,1
07/14/2024,18.3,PORT,6.5,0,0,0,,0,0,0,0.6,0.3,0.9,4,8,7,3.276,35,0.9851,35,0.9851,,1,0.9,35,35,,0.9851,1,1,25,0,1,60,10,42,44,,,0.9,0.9933,7,7,7,0,41.8,0.926,1,1,0,0,,35,35,,2000,0,1,0,0,,,0,,35,0,1
07/14/2024,21.06,BoSP,2.6,0,17530,0,,31,0,1.2,0.3,0,1.5,4,8,7,3.276,35,0.9851,35,0.9851,,1,0.9,35,35,,0.9851,1,1,25,0,1,60,10,42,44,,,0.9,0.9933,7,7,7,0,41.8,0.926,1,1,0,0,,35,35,,2000,0,1,0,0,,,0,,35,0,1
07/15/2024,7,EoSP,9.9,121.7,85740,144.3,,151.7,19.8,6.5,0.9,0,7.4,4,8,7,3.276,35,0.9851,35,0.9851,,1,0.9,35,35,,0.9851,1,1,25,0,1,60,10,42,44,,,0.9,0.9933,7,7,7,0,41.8,0.926,1,1,0,0,,35,35,,2000,0,1,0,0,,,0,,35,1,1
07/15/2024,8.48,FWE,1.8,0,11380,0,,20.1,0,0.6,0.2,0,0.8,4,8,7,3.276,35,0.9851,35,0.9851,,1,0.9,35,35,,0.9851,1,1,25,0,1,60,10,42,44,,,0.9,0.9933,7,7,7,0,41.8,0.926,1,1,0,0,,35,35,,2000,0,1,0,0,,,0,,35,1,1
07/15/2024,12,ANCH,3.2,0,0,0,,0,0,0,0.3,0.2,0.5,4,8,7,3.276,35,0.9851,35,0.9851,,1,0.9,35,35,,0.9851,1,1,25,0,1,60,10,42,44,,,0.9,0.9933,7,7,7,0,41.8,0.926,1,1,0,0,,35,35,,2000,0,1,0,0,,,0,,35,1,1
07/15/2024,12.3,ANCH,0.500000000000001,0,0,0,,0,0,0,0.1,0,0.1,4,8,7,3.276,35,0.9851,35,0.9851,,1,0.9,35,35,,0.9851,1,1,25,0,1,60,10,42,44,,,0.9,0.9933,7,7,7,0,41.8,0.926,1,1,0,0,,35,35,,2000,0,1,0,0,,,0,,35,0,1
07/15/2024,17.54,FWE,5.4,0,11580,0,,20.5,0,0.6,0.6,0.2,1.4,4,8,7,3.276,35,0.9851,35,0.9851,,1,0.9,35,35,,0.9851,1,1,25,0,1,60,10,42,44,,,0.9,0.9933,7,7,7,0,41.8,0.926,1,1,0,0,,35,35,,2000,0,1,0,0,,,0,,35,1,1
07/16/2024,12,PORT,18.1,0,0,0,,0,0,0,1.7,0.7,2.4,4,8,7,3.276,35,0.9851,35,0.9851,,1,0.9,35,35,,0.9851,1,1,25,0,1,60,10,42,44,,,0.9,0.9933,7,7,7,0,41.8,0.926,1,1,0,0,,35,35,,2000,0,1,0,0,,,0,,35,0,1
07/16/2024,15,PORT,3,0,0,0,,0,0,0,0.3,0.2,0.5,4,8,7,3.276,35,0.9851,35,0.9851,,1,0.9,35,35,,0.9851,1,1,25,0,1,60,10,42,44,,,0.9,0.9933,7,7,7,0,41.8,0.926,1,1,0,0,,35,35,,2000,0,1,0,0,,,0,,35,0,1
07/16/2024,17.06,BoSP,2.1,0,11330,0,,20,0,0.6,0.2,0,0.8,4,8,7,3.276,35,0.9851,35,0.9851,,1,0.9,35,35,,0.9851,1,1,25,0,1,60,10,42,44,,,0.9,0.9933,7,7,7,0,41.8,0.926,1,1,0,0,,35,35,,2000,0,1,0,0,,,0,,35,0,1
07/17/2024,4,EoSP,10.9,122.5,84600,129.4,,149.6,18.1,5.4,1,0,6.4,4,8,7,3.276,35,0.9851,35,0.9851,,1,0.9,35,35,,0.9851,1,1,25,0,1,60,10,42,44,,,0.9,0.9933,7,7,7,0,41.8,0.926,1,1,0,0,,35,35,,2000,0,1,0,0,,,0,,35,1,1
07/17/2024,8.24,FWE,4.4,0,22840,0,,40.4,0,1,0.5,0,1.5,4,8,7,3.276,35,0.9851,35,0.9851,,1,0.9,35,35,,0.9851,1,1,25,0,1,60,10,42,44,,,0.9,0.9933,7,7,7,0,41.8,0.926,1,1,0,0,,35,35,,2000,0,1,0,0,,,0,,35,1,1
07/17/2024,12,PORT,3.6,0,0,0,,0,0,0,0.4,0.2,0.6,4,8,7,3.276,35,0.9851,35,0.9851,,1,0.9,35,35,,0.9851,1,1,25,0,1,60,10,42,44,,,0.9,0.9933,7,7,7,0,41.8,0.926,1,1,0,0,,35,35,,2000,0,1,0,0,,,0,,35,1,1
07/17/2024,19.06,PORT,7.1,0,0,0,,0,0,0,0.7,0.3,1,4,8,7,3.276,35,0.9851,35,0.9851,,1,0.9,35,35,,0.9851,1,1,25,0,1,60,10,42,44,,,0.9,0.9933,7,7,7,0,41.8,0.926,1,1,0,0,,35,35,,2000,0,1,0,0,,,0,,35,0,1
07/17/2024,22.06,BoSP,3,0,17960,0,,31.8,0,1,0.3,0,1.3,4,8,7,3.276,35,0.9851,35,0.9851,,1,0.9,35,35,,0.9851,1,1,25,0,1,60,10,42,44,,,0.9,0.9933,7,7,7,0,41.8,0.926,1,1,0,0,,35,35,,2000,0,1,0,0,,,0,,35,0,1
07/18/2024,10,EoSP,11.9,123.5,90910,127.3,,160.8,23.2,5.7,1.1,0,6.8,4,8,7,3.276,35,0.9851,35,0.9851,,1,0.9,35,35,,0.9851,1,1,25,0,1,60,10,42,44,,,0.9,0.9933,7,7,7,0,41.8,0.926,1,1,0,0,,35,35,,2000,0,1,0,0,,,0,,35,0,1
07/18/2024,12,WAY,2,0,14120,0,,25,0,0.8,0.2,0,1,4,8,7,3.276,35,0.9851,35,0.9851,,0.95,0.9,35,35,,0.9851,1,1,25,0,1,60,10,42,44,,,0.9,0.9933,7,7,7,0,41.8,0.926,1,1,0,0,,35,35,,2000,0,1,0,0,,,0,,35,1,1
07/18/2024,13,FWE,1,0,2750,0,,4.9,0,0.1,0.1,0,0.2,4,8,7,3.276,35,0.9851,35,0.9851,,0.95,0.9,35,35,,0.9851,1,1,25,0,1,60,10,42,44,,,0.9,0.9933,7,7,7,0,41.8,0.926,1,1,0,0,,35,35,,2000,0,1,0,0,,,0,,35,1,1
07/19/2024,6.24,PORT,17.4,0,0,0,,0,0,0,1.7,0.7,2.4,4,8,7,3.276,35,0.9851,35,0.9851,,0.95,0.9,35,35,,0.9851,1,1,25,0,1,60,10,42,44,,,0.9,0.9933,7,7,7,0,41.8,0.926,1,1,0,0,,35,35,,2000,0,1,0,0,,,0,,35,0,1
07/19/2024,8.06,BoSP,1.7,0,9650,0,,17.1,0,0.5,0.2,0,0.7,4,8,7,3.276,35,0.9851,35,0.9851,,0.95,0.9,35,35,,0.9851,1,1,25,0,1,60,10,42,44,,,0.9,0.9933,7,7,7,0,41.8,0.926,1,1,0,0,,35,35,,2000,0,1,0,0,,,0,,35,0,1
07/19/2024,12,SEA,3.9,44.2,30100,128.6,,53.2,16.9,1.7,0.4,0,2.1,4,8,7,3.276,35,0.9851,35,0.9851,,0.95,0.9,35,35,,0.9851,1,1,25,0,1,60,10,42,44,,,0.9,0.9933,7,7,7,0,41.8,0.926,1,1,0,0,,35,35,,2000,0,1,0,0,,,0,,35,0,1
07/19/2024,19,EoSP,7,84.4,54110,128.8,,95.7,11.8,3.2,0.7,0,3.9,4,8,7,3.276,35,0.9851,35,0.9851,,0.95,0.9,35,35,,0.9851,1,1,25,0,1,60,10,42,44,,,0.9,0.9933,7,7,7,0,41.8,0.926,1,1,0,0,,35,35,,2000,0,1,0,0,,,0,,35,1,1
07/20/2024,0.36,FWE,5.6,0,17440,0,,30.8,0,0.5,0.6,0.2,1.3,4,8,7,3.276,35,0.9851,35,0.9851,,0.95,0.9,35,35,,0.9851,1,1,25,0,1,60,10,42,44,,,0.9,0.9933,7,7,7,0,41.8,0.926,1,1,0,0,,35,35,,2000,0,1,0,0,,,0,,35,1,1
07/20/2024,12,PORT,11.4,0,0,0,,0,0,0,1.1,0.5,1.6,4,8,7,3.276,35,0.9851,35,0.9851,,0.95,0.9,35,35,,0.9851,1,1,25,0,1,60,10,42,44,,,0.9,0.9933,7,7,7,0,41.8,0.926,1,1,0,0,,35,35,,2000,0,1,0,0,,,0,,35,0,1
07/20/2024,14.54,PORT,2.9,0,0,0,,0,0,0,0.3,0.2,0.5,4,8,7,3.276,35,0.9851,35,0.9851,,0.95,0.9,35,35,,0.9851,1,1,25,0,1,60,10,42,44,,,0.9,0.9933,7,7,7,0,41.8,0.926,1,1,0,0,,35,35,,2000,0,1,0,0,,,0,,35,0,1
07/20/2024,17.36,BoSP,2.7,0,16340,0,,28.9,0,1,0.3,0,1.3,4,8,7,3.276,35,0.9851,35,0.9851,,0.95,0.9,35,35,,0.9851,1,1,25,0,1,60,10,42,44,,,0.9,0.9933,7,7,7,0,41.8,0.926,1,1,0,0,,35,35,,2000,0,1,0,0,,,0,,35,0,1
07/21/2024,6,EoSP,12.4,128.6,95720,128.7,,169.3,24,5.8,1.1,0,6.9,4,8,7,3.276,35,0.9851,35,0.9851,,0.95,0.9,35,35,,0.9851,1,1,25,0,1,60,10,42,44,,,0.9,0.9933,7,7,7,0,41.8,0.926,1,1,0,0,,35,35,,2000,0,1,0,0,,,0,,35,1,1
07/21/2024,8.54,FWE,2.9,0,14730,0,,26.1,0,0.8,0.3,0,1.1,4,8,7,3.276,35,0.9851,35,0.9851,,0.95,0.9,35,35,,0.9851,1,1,25,0,1,60,10,42,44,,,0.9,0.9933,7,7,7,0,41.8,0.926,1,1,0,0,,35,35,,2000,0,1,0,0,,,0,,35,1,1
07/21/2024,12,PORT,3.1,0,0,0,,0,0,0,0.3,0.1,0.4,4,8,7,3.276,35,0.9851,35,0.9851,,0.95,0.9,35,35,,0.9851,1,1,25,0,1,60,10,42,44,,,0.9,0.9933,7,7,7,0,41.8,0.926,1,1,0,0,,35,35,,2000,0,1,0,0,,,0,,35,1,1
07/22/2024,11.12,PORT,23.2,0,0,0,,0,0,0,2.3,0.9,3.2,4,8,7,3.276,35,0.9851,35,0.9851,,0.95,0.9,35,35,,0.9851,1,1,25,0,1,60,10,42,44,,,0.9,0.9933,7,7,7,0,41.8,0.926,1,1,0,0,,35,35,,2000,0,1,0,0,,,0,,35,0,1
07/22/2024,12,WAY,0.800000000000001,0,1010,0,,1.8,0,0,0.1,0,0.1,4,8,7,3.276,35,0.9851,35,0.9851,,0.95,0.9,35,35,,0.9851,1,1,25,0,1,60,10,42,44,,,0.9,0.9933,7,7,7,0,41.8,0.926,1,1,0,0,,35,35,,2000,0,1,0,0,,,0,,35,0,1
07/22/2024,13.36,BoSP,1.6,0,10960,0,,19.4,0,0.5,0.2,0,0.7,4,8,7,3.276,35,0.9851,35,0.9851,,0.95,0.9,35,35,,0.9851,1,1,25,0,1,60,10,42,44,,,0.9,0.9933,7,7,7,0,41.8,0.926,1,1,0,0,,35,35,,2000,0,1,0,0,,,0,,35,0,1
07/23/2024,2,EoSP,12.4,136.6,95760,128.7,,169.4,19.4,5.7,1.2,0,6.9,4,8,7,3.276,35,0.9851,35,0.9851,,0.95,0.9,35,35,,0.9851,1,1,25,0,1,60,10,42,44,,,0.9,0.9933,7,7,7,0,41.8,0.926,1,1,0,0,,35,35,,2000,0,1,0,0,,,0,,35,1,1
07/23/2024,6,FWE,4,0,18210,0,,32.2,0,1,0.3,0,1.3,4,8,7,3.276,35,0.9851,35,0.9851,,0.95,0.9,35,35,,0.9851,1,1,25,0.1,1,60,10,42,44,,,0.9,0.9933,7,7,7,0,41.8,0.926,1,1,0,0,,35,35,,2000,0,1,0,0,,,0,,35,1,1
07/23/2024,12,PORT,6,0,0,0,,0,0,0,0,0,0,4,8,7,3.276,35,0.9851,35,0.9851,,0.95,0.9,35,35,,0.9851,1,1,25,0.6,1,60,10,42,44,,,0.9,0.9933,7,7,7,0,41.8,0.926,1,1,0,0,,35,35,,2000,0,1,0,0,,,0,,35,1,1
07/24/2024,2,PORT,14,0,0,0,,0,0,0,1.2,0.6,1.8,4,8,7,3.276,35,0.9851,35,0.9851,,0.95,0.9,35,35,,0.9851,1,1,25,0.3,1,60,10,42,44,,,0.9,0.9933,7,7,7,0,41.8,0.926,1,1,0,0,,35,35,,2000,0,1,0,0,,,0,,35,0,1
07/24/2024,4.36,BoSP,2.6,0,17780,0,,31.5,0,1.3,0.2,0,1.5,4,8,7,3.276,35,0.9851,35,0.9851,,0.95,0.9,35,35,,0.9851,1,1,25,0,1,60,10,42,44,,,0.9,0.9933,7,7,7,0,41.8,0.926,1,1,0,0,,35,35,,2000,0,1,0,0,,,0,,35,0,1
07/24/2024,12,SEA,7.4,84.5,57110,128.6,,101,16.3,3.4,0.7,0,4.1,4,8,7,3.276,35,0.9851,35,0.9851,,0.95,0.9,35,35,,0.9851,1,1,25,0,1,60,10,42,44,,,0.9,0.9933,7,7,7,0,41.8,0.926,1,1,0,0,,35,35,,2000,0,1,0,0,,,0,,35,1,1
07/24/2024,16,EoSP,4,44.2,30890,128.7,,54.6,19,1.9,0.4,0,2.3,4,8,7,3.276,35,0.9851,35,0.9851,,0.95,0.9,35,35,,0.9851,1,1,25,0,1,60,10,42,44,,,0.9,0.9933,7,7,7,0,41.8,0.926,1,1,0,0,,35,35,,2000,0,1,0,0,,,0,,35,1,1
07/24/2024,18.3,FWE,2.5,0,13790,0,,24.4,0,0.6,0.3,0,0.9,4,8,7,3.276,35,0.9851,35,0.9851,,0.95,0.9,35,35,,0.9851,1,1,25,0,1,60,10,42,44,,,0.9,0.9933,7,7,7,0,41.8,0.926,1,1,0,0,,35,35,,2000,0,1,0,0,,,0,,35,1,1
07/25/2024,12,PORT,17.5,0,10,0,,0,0,0,1.6,0.7,2.3,4,8,7,3.276,35,0.9851,35,0.9851,,0.95,0.9,35,35,,0.9851,1,1,25,0,1,60,10,42,44,,,0.9,0.9933,7,7,7,0,41.8,0.926,1,1,0,0,,35,35,,2000,0,1,0,0,,,0,,35,0,1
07/25/2024,18,PORT,6,0,0,0,,0,0,0,0.6,0.3,0.9,4,8,7,3.276,35,0.9851,35,0.9851,,0.95,0.9,35,35,,0.9851,1,1,25,0,1,60,10,42,44,,,0.9,0.9933,7,7,7,0,41.8,0.926,1,1,0,0,,35,35,,2000,0,1,0,0,,,0,,35,0,1
07/25/2024,20.06,BoSP,2.1,0,12150,0,,21.5,0,0.7,0.2,0,0.9,4,8,7,3.276,35,0.9851,35,0.9851,,0.95,0.9,35,35,,0.9851,1,1,25,0,1,60,10,42,44,,,0.9,0.9933,7,7,7,0,41.8,0.926,1,1,0,0,,35,35,,2000,0,1,0,0,,,0,,35,0,1
07/26/2024,8,EoSP,11.9,129.5,91890,128.7,,162.5,20.3,5.5,1.1,0,6.6,4,8,7,3.276,35,0.9851,35,0.9851,,0.95,0.9,35,35,,0.9851,1,1,25,0,1,60,10,42,44,,,0.9,0.9933,7,7,7,0,41.8,0.926,1,1,0,0,,35,35,,2000,0,1,0,0,,,0,,35,0,1
07/26/2024,11.12,FWE,3.2,0,18520,0,,32.8,0,1,0.3,0,1.3,4,8,7,3.276,35,0.9851,35,0.9851,,0.95,0.9,35,35,,0.9851,1,1,25,0,1,60,10,42,44,,,0.9,0.9933,7,7,7,0,41.8,0.926,1,1,0,0,,35,35,,2000,0,1,0,0,,,0,,35,1,1
07/26/2024,12,FWE,0.800000000000001,0,0,0,,0,0,0,0.1,0.1,0.2,4,8,7,3.276,35,0.9851,35,0.9851,,0.95,0.9,35,35,,0.9851,1,1,25,0,1,60,10,42,44,,,0.9,0.9933,7,7,7,0,41.8,0.926,1,1,0,0,,35,35,,2000,0,1,0,0,,,0,,35,1,1
07/27/2024,12,PORT,24,0,0,0,,0,0,0,2.3,1,3.3,4,8,7,3.276,35,0.9851,35,0.9851,,0.95,0.9,35,35,,0.9851,1,1,25,0,1,60,10,42,44,,,0.9,0.9933,7,7,7,0,41.8,0.926,1,1,0,0,,35,35,,2000,0,1,0,0,,,0,,35,0,1
07/28/2024,12,PORT,24,0,0,0,,0,0,0,2.2,1,3.2,4,8,7,3.276,35,0.9851,35,0.9851,,0.95,0.9,35,35,,0.9851,1,1,25,0,1,60,10,42,44,,,0.9,0.9933,7,7,7,0,41.8,0.926,1,1,0,0,,35,35,,2000,0,1,0,0,,,0,,35,0,1
07/29/2024,1,PORT,13,0,0,0,,0,0,0,1.2,0.5,1.7,4,8,7,3.276,35,0.9851,35,0.9851,,0.95,0.9,35,35,,0.9851,1,1,25,0,1,60,10,42,44,,,0.9,0.9933,7,7,7,0,41.8,0.926,1,1,0,0,,35,35,,2000,0,1,0,0,,,0,,35,0,1
07/29/2024,4.06,BoSP,3.1,0,16170,0,,28.6,0,0.7,0.3,0,1,4,8,7,3.276,35,0.9851,35,0.9851,,0.95,0.9,35,35,,0.9851,1,1,25,0,1,60,10,42,44,,,0.9,0.9933,7,7,7,0,41.8,0.926,1,1,0,0,,35,35,,2000,0,1,0,0,,,0,,35,0,1
07/29/2024,12,SEA,7.9,84.1,60130,126.9,,106.4,21,3.6,0.7,0,4.3,4,8,7,3.276,35,0.9851,35,0.9851,,0.95,0.9,35,35,,0.9851,1,1,25,0,1,60,10,42,44,,,0.9,0.9933,7,7,7,0,41.8,0.926,1,1,0,0,,35,35,,2000,0,1,0,0,,,0,,35,1,1
07/29/2024,16,EoSP,4,43.7,30420,126.8,,53.8,18.8,1.9,0.4,0,2.3,4,8,7,3.276,35,0.9851,35,0.9851,,0.95,0.9,35,35,,0.9851,1,1,25,0,1,60,10,42,44,,,0.9,0.9933,7,7,7,0,41.8,0.926,1,1,0,0,,35,35,,2000,0,1,0,0,,,0,,35,1,1
07/29/2024,18.48,FWE,2.8,0,15930,0,,28.2,0,0.9,0.3,0,1.2,4,8,7,3.276,35,0.9851,35,0.9851,,0.95,0.9,35,35,,0.9851,1,1,25,0,1,60,10,42,44,,,0.9,0.9933,7,7,7,0,41.8,0.926,1,1,0,0,,35,35,,2000,0,1,0,0,,,0,,35,1,1
07/30/2024,12,PORT,17.2,0,0,0,,0,0,0,1.6,0.7,2.3,4,8,7,3.276,35,0.9851,35,0.9851,,0.95,0.9,35,35,,0.9851,1,1,25,0,1,60,10,42,44,,,0.9,0.9933,7,7,7,0,41.8,0.926,1,1,0,0,,35,35,,2000,0,1,0,0,,,0,,35,0,1
07/30/2024,18.48,PORT,6.8,0,0,0,,0,0,0,0.7,0.3,1,4,8,7,3.276,35,0.9851,35,0.9851,,0.95,0.9,35,35,,0.9851,1,1,25,0,1,60,10,42,44,,,0.9,0.9933,7,7,7,0,41.8,0.926,1,1,0,0,,35,35,,2000,0,1,0,0,,,0,,35,0,1
07/30/2024,21.06,BoSP,2.3,0,9800,0,,17.3,0,0.6,0.2,0,0.8,4,8,7,3.276,35,0.9851,35,0.9851,,0.95,0.9,35,35,,0.9851,1,1,25,0,1,60,10,42,44,,,0.9,0.9933,7,7,7,0,41.8,0.926,1,1,0,0,,35,35,,2000,0,1,0,0,,,0,,35,0,1
07/31/2024,9,EoSP,11.9,135.7,92810,130,,164.2,17.4,5.6,1.1,0,6.7,4,8,7,3.276,35,0.9851,35,0.9851,,0.95,0.9,35,35,,0.9851,1,1,25,0,1,60,10,42,44,,,0.9,0.9933,7,7,7,0,41.8,0.926,1,1,0,0,,35,35,,2000,0,1,0,0,,,0,,35,1,1
07/31/2024,11.48,FWE,2.8,0,16000,0,,28.3,0,0.8,0.3,0,1.1,4,8,7,3.276,35,0.9851,35,0.9851,,0.95,0.9,35,35,,0.9851,1,1,25,0,1,60,10,42,44,,,0.9,0.9933,7,7,7,0,41.8,0.926,1,1,0,0,,35,35,,2000,0,1,0,0,,,0,,35,1,1
07/31/2024,12,PORT,0.199999999999999,0,0,0,,0,0,0,0,0,0,4,8,7,3.276,35,0.9851,35,0.9851,,0.95,0.9,35,35,,0.9851,1,1,25,0,1,60,10,42,44,,,0.9,0.9933,7,7,7,0,41.8,0.926,1,1,0,0,,35,35,,2000,0,1,0,0,,,0,,35,1,1
08/01/2024,12,PORT,24,0,0,0,,0,0,0,2.4,1,3.4,4,8,7,3.276,35,0.9851,35,0.9851,,0.95,0.9,35,35,,0.9851,1,1,25,0,1,60,10,42,44,,,0.9,0.9933,7,7,7,0,41.8,0.926,1,1,0,0,,35,35,,2000,0,1,0,0,,,0,,35,0,1
08/01/2024,18.48,PORT,6.8,0,0,0,,0,0,0,0.7,0.3,1,4,8,7,3.276,35,0.9851,35,0.9851,,0.95,0.9,35,35,,0.9851,1,1,25,0,1,60,10,42,44,,,0.9,0.9933,7,7,7,0,41.8,0.926,1,1,0,0,,35,35,,2000,0,1,0,0,,,0,,35,0,1
08/01/2024,21.36,BoSP,2.8,0,19900,0,,35.2,0,1.4,0.3,0,1.7,4,8,7,3.276,35,0.9851,35,0.9851,,0.95,0.9,35,35,,0.9851,1,1,25,0,1,60,10,42,44,,,0.9,0.9933,7,7,7,0,41.8,0.926,1,1,0,0,,35,35,,2000,0,1,0,0,,,0,,35,0,1
08/02/2024,9.3,EoSP,11.9,127.7,90730,127.1,,160.5,20.4,5.5,1.1,0,6.6,4,8,7,3.276,35,0.9851,35,0.9851,,0.95,0.9,35,35,,0.9851,1,1,25,0,1,60,10,42,44,,,0.9,0.9933,7,7,7,0,41.8,0.926,1,1,0,0,,35,35,,2000,0,1,0,0,,,0,,35,1,1
08/02/2024,12,WAY,2.5,0,4000,0,,7.1,0,0.1,0.3,0,0.4,4,8,7,3.276,35,0.9851,35,0.9851,,0.95,0.9,35,35,,0.9851,1,1,25,0,1,60,10,42,44,,,0.9,0.9933,7,7,7,0,41.8,0.926,1,1,0,0,,35,35,,2000,0,1,0,0,,,0,,35,1,1
08/02/2024,15.42,FWE,3.7,0,10490,0,,18.6,0,0.5,0.4,0.2,1.1,4,8,7,3.276,35,0.9851,35,0.9851,,0.95,0.9,35,35,,0.9851,1,1,25,0.1,1,60,10,42,44,,,0.9,0.9933,7,7,7,0,41.8,0.926,1,1,0,0,,35,35,,2000,0,1,0,0,,,0,,35,1,1
08/03/2024,12,PORT,20.3,0,0,0,,0,0,0,2,0.8,2.8,4,8,7,3.276,35,0.9851,35,0.9851,,0.95,0.9,35,35,,0.9851,1,1,25,0,1,60,10,42,44,,,0.9,0.9933,7,7,7,0,41.8,0.926,1,1,0,0,,35,35,,2000,0,1,0,0,,,0,,35,0,1
08/03/2024,12.06,PORT,0.100000000000001,0,0,0,,0,0,0,0,0,0,4,8,7,3.276,35,0.9851,35,0.9851,,0.95,0.9,35,35,,0.9851,1,1,25,0,1,60,10,42,44,,,0.9,0.9933,7,7,7,0,41.8,0.926,1,1,0,0,,35,35,,2000,0,1,0,0,,,0,,35,0,1
08/03/2024,14.06,BoSP,2,0,9990,0,,17.7,0,0.4,0.2,0,0.6,4,8,7,3.276,35,0.9851,35,0.9851,,0.95,0.9,35,35,,0.9851,1,1,25,0,1,60,10,42,44,,,0.9,0.9933,7,7,7,0,41.8,0.926,1,1,0,0,,35,35,,2000,0,1,0,0,,,0,,35,0,1
08/04/2024,2,EoSP,11.9,129.3,92280,129.2,,163.2,20.8,5.8,1.1,0,6.9,4,8,7,3.276,35,0.9851,35,0.9851,,0.95,0.9,35,35,,0.9851,1,1,25,0,1,60,10,42,44,,,0.9,0.9933,7,7,7,0,41.8,0.926,1,1,0,0,,35,35,,2000,0,1,0,0,,,0,,35,1,1
08/04/2024,3.12,FWE,1.2,0,5860,0,,10.4,0,0.4,0.1,0,0.5,4,8,7,3.276,35,0.9851,35,0.9851,,0.95,0.9,35,35,,0.9851,1,1,25,0,1,60,10,42,44,,,0.9,0.9933,7,7,7,0,41.8,0.926,1,1,0,0,,35,35,,2000,0,1,0,0,,,0,,35,1,1
08/04/2024,12,ANCH,8.8,0,0,0,,0,0,0,0.8,0.4,1.2,4,8,7,3.276,35,0.9851,35,0.9851,,0.95,0.9,35,35,,0.9851,1,1,25,0,1,60,10,42,44,,,0.9,0.9933,7,7,7,0,41.8,0.926,1,1,0,0,,35,35,,2000,0,1,0,0,,,0,,35,0,1
08/04/2024,16.48,ANCH,4.8,0,0,0,,0,0,0,0.5,0.2,0.7,4,8,7,3.276,35,0.9851,35,0.9851,,0.95,0.9,35,35,,0.9851,1,1,25,0,1,60,10,42,44,,,0.9,0.9933,7,7,7,0,41.8,0.926,1,1,0,0,,35,35,,2000,0,1,0,0,,,0,,35,1,1
08/04/2024,19.42,FWE,2.9,0,14430,0,,25.5,0,0.8,0.3,0,1.1,4,8,7,3.276,35,0.9851,35,0.9851,,0.95,0.9,35,35,,0.9851,1,1,25,0,1,60,10,42,44,,,0.9,0.9933,7,7,7,0,41.8,0.926,1,1,0,0,,35,35,,2000,0,1,0,0,,,0,,35,1,1
08/05/2024,12,PORT,16.3,0,0,0,,0,0,0,1.5,0.7,2.2,4,8,7,3.276,35,0.9851,35,0.9851,,0.95,0.9,35,35,,0.9851,1,1,25,0,1,60,10,42,44,,,0.9,0.9933,7,7,7,0,41.8,0.926,1,1,0,0,,35,35,,2000,0,1,0,0,,,0,,35,0,1
08/05/2024,12.06,PORT,0.100000000000001,0,0,0,,0,0,0,0,0,0,4,8,7,3.276,35,0.9851,35,0.9851,,0.95,0.9,35,35,,0.9851,1,1,25,0,1,60,10,42,44,,,0.9,0.9933,7,7,7,0,41.8,0.926,1,1,0,0,,35,35,,2000,0,1,0,0,,,0,,35,0,1
08/05/2024,15.06,BoSP,3,0,19370,0,,34.3,0,1.1,0.3,0,1.4,4,8,7,3.276,35,0.9851,35,0.9851,,0.95,0.9,35,35,,0.9851,1,1,25,0,1,60,10,42,44,,,0.9,0.9933,7,7,7,0,41.8,0.926,1,1,0,0,,35,35,,2000,0,1,0,0,,,0,,35,0,1
08/06/2024,3,EoSP,11.9,113.4,90540,126.8,,160.2,29.2,5.5,1.1,0,6.6,4,8,7,3.276,35,0.9851,35,0.9851,,0.95,0.9,35,35,,0.9851,1,1,25,0,1,60,10,42,44,,,0.9,0.9933,7,7,7,0,41.8,0.926,1,1,0,0,,35,35,,2000,0,1,0,0,,,0,,35,1,1
08/06/2024,5.42,FWE,2.7,0,14470,0,,25.6,0,0.7,0.3,0,1,4,8,7,3.276,35,0.9851,35,0.9851,,0.95,0.9,35,35,,0.9851,1,1,25,0,1,60,10,42,44,,,0.9,0.9933,7,7,7,0,41.8,0.926,1,1,0,0,,35,35,,2000,0,1,0,0,,,0,,35,1,1
08/06/2024,12,PORT,6.3,0,0,0,,0,0,0,0.6,0.3,0.9,4,8,7,3.276,35,0.9851,35,0.9851,,0.95,0.9,35,35,,0.9851,1,1,25,0,1,60,10,42,44,,,0.9,0.9933,7,7,7,0,41.8,0.926,1,1,0,0,,35,35,,2000,0,1,0,0,,,0,,35,1,1
08/06/2024,23,PORT,11,0,0,0,,0,0,0,1.1,0.5,1.6,4,8,7,3.276,35,0.9851,35,0.9851,,0.95,0.9,35,35,,0.9851,1,1,25,0,1,60,10,42,44,,,0.9,0.9933,7,7,7,0,41.8,0.926,1,1,0,0,,35,35,,2000,0,1,0,0,,,0,,35,1,1
08/07/2024,0.36,BoSP,1.6,0,9660,0,,17.1,0,0.6,0.2,0,0.8,4,8,7,3.276,35,0.9851,35,0.9851,,0.95,0.9,35,35,,0.9851,1,1,25,0,1,60,10,42,44,,,0.9,0.9933,7,7,7,0,41.8,0.926,1,1,0,0,,35,35,,2000,0,1,0,0,,,0,,35,0,1
08/07/2024,10.36,EoSP,10,109.9,77240,128.7,,136.6,19.5,4.6,0.9,0,5.5,4,8,7,3.276,35,0.9851,35,0.9851,,0.95,0.9,35,35,,0.9851,1,1,25,0,1,60,10,42,44,,,0.9,0.9933,7,7,7,0,41.8,0.926,1,1,0,0,,35,35,,2000,0,1,0,0,,,0,,35,1,1
08/07/2024,12,WAY,1.4,0,5410,0,,9.6,0,0.2,0.1,0,0.3,4,8,7,3.276,35,0.9851,35,0.9851,,0.95,0.9,35,35,,0.9851,1,1,25,0,1,60,10,42,44,,,0.9,0.9933,7,7,7,0,41.8,0.926,1,1,0,0,,35,35,,2000,0,1,0,0,,,0,,35,1,1
08/07/2024,15.06,FWE,3.1,0,15000,0,,26.5,0,0.6,0.3,0,0.9,4,8,7,3.276,35,0.9851,35,0.9851,,0.95,0.9,35,35,,0.9851,1,1,25,0,1,60,10,42,44,,,0.9,0.9933,7,7,7,0,41.8,0.926,1,1,0,0,,35,35,,2000,0,1,0,0,,,0,,35,1,1
08/08/2024,12,PORT,20.9,0,0,0,,0,0,0,2,0.8,2.8,4,8,7,3.276,35,0.9851,35,0.9851,,0.95,0.9,35,35,,0.9851,1,1,25,0,1,60,10,42,44,,,0.9,0.9933,7,7,7,0,41.8,0.926,1,1,0,0,,35,35,,2000,0,1,0,0,,,0,,35,1,1
08/08/2024,22.54,PORT,10.9,0,0,0,,0,0,0,1,0.5,1.5,4,8,7,3.276,35,0.9851,35,0.9851,,0.95,0.9,35,35,,0.9851,1,1,25,0,1,60,10,42,44,,,0.9,0.9933,7,7,7,0,41.8,0.926,1,1,0,0,,35,35,,2000,0,1,0,0,,,0,,35,0,1
08/09/2024,1.36,BoSP,2.7,0,18840,0,,33.3,0,1.4,0.2,0,1.6,4,8,7,3.276,35,0.9851,35,0.9851,,0.95,0.9,35,35,,0.9851,1,1,25,0.2,1,60,10,42,44,,,0.9,0.9933,7,7,7,0,41.8,0.926,1,1,0,0,,35,35,,2000,0,1,0,0,,,0,,35,0,1
08/09/2024,12,SEA,10.4,99.6,79220,127,,140.1,28.9,5,1,0,6,4,8,7,3.276,35,0.9851,35,0.9851,,0.95,0.9,35,35,,0.9851,1,1,25,0,1,60,10,42,44,,,0.9,0.9933,7,7,7,0,41.8,0.926,1,1,0,0,,35,35,,2000,0,1,0,0,,,0,,35,1,1
08/09/2024,14.3,EoSP,2.5,23.9,19080,127.2,,33.8,29.3,1.2,0.3,0,1.5,4,8,7,3.276,35,0.9851,35,0.9851,,0.95,0.9,35,35,,0.9851,1,1,25,0,1,60,10,42,44,,,0.9,0.9933,7,7,7,0,41.8,0.926,1,1,0,0,,35,35,,2000,0,1,0,0,,,0,,35,1,1
08/09/2024,19.3,FWE,5,0,22180,0,,39.2,0,1.4,0.4,0,1.8,4,8,7,3.276,35,0.9851,35,0.9851,,0.95,0.9,35,35,,0.9851,1,1,25,0.2,1,60,10,42,44,,,0.9,0.9933,7,7,7,0,41.8,0.926,1,1,0,0,,35,35,,2000,0,1,0,0,,,0,,35,1,1
08/10/2024,10.42,PORT,15.2,0,0,0,,0,0,0,1.4,0.7,2.1,4,8,7,3.276,35,0.9851,35,0.9851,,0.95,0.9,35,35,,0.9851,1,1,25,0,1,60,10,42,44,,,0.9,0.9933,7,7,7,0,41.8,0.926,1,1,0,0,,35,35,,2000,0,1,0,0,,,0,,35,0,1
08/10/2024,12,WAY,1.3,0,6010,0,,10.6,0,0.3,0.1,0,0.4,4,8,7,3.276,35,0.9851,35,0.9851,,0.95,0.9,35,35,,0.9851,1,1,25,0.2,1,60,10,42,44,,,0.9,0.9933,7,7,7,0,41.8,0.926,1,1,0,0,,35,35,,2000,0,1,0,0,,,0,,35,0,1
08/10/2024,13.06,BoSP,1.1,0,6430,0,,11.4,0,0.3,0.1,0,0.4,4,8,7,3.276,35,0.9851,35,0.9851,,0.95,0.9,35,35,,0.9851,1,1,25,0,1,60,10,42,44,,,0.9,0.9933,7,7,7,0,41.8,0.926,1,1,0,0,,35,35,,2000,0,1,0,0,,,0,,35,0,1
08/10/2024,23.48,EoSP,10.7,127.4,82580,128.6,,146.1,12.8,4.9,1,0,5.9,4,8,7,3.276,35,0.9851,35,0.9851,,0.95,0.9,35,35,,0.9851,1,1,25,0,1,60,10,42,44,,,0.9,0.9933,7,7,7,0,41.8,0.926,1,1,0,0,,35,35,,2000,0,1,0,0,,,0,,35,1,1
08/11/2024,3.12,FWE,3.4,0,19780,0,,35,0,1.1,0.3,0,1.4,4,8,7,3.276,35,0.9851,35,0.9851,,0.95,0.9,35,35,,0.9851,1,1,25,0.1,1,60,10,42,44,,,0.9,0.9933,7,7,7,0,41.8,0.926,1,1,0,0,,35,35,,2000,0,1,0,0,,,0,,35,1,1
08/11/2024,12,PORT,8.8,0,0,0,,0,0,0,0.8,0.4,1.2,4,8,7,3.276,35,0.9851,35,0.9851,,0.95,0.9,35,35,,0.9851,1,1,25,0,1,60,10,42,44,,,0.9,0.9933,7,7,7,0,41.8,0.926,1,1,0,0,,35,35,,2000,0,1,0,0,,,0,,35,1,1
08/12/2024,3.24,PORT,15.4,0,0,0,,0,0,0,1.5,0.7,2.2,4,8,7,3.276,35,0.9851,35,0.9851,,0.95,0.9,35,35,,0.9851,1,1,25,0,1,60,10,42,44,,,0.9,0.9933,7,7,7,0,41.8,0.926,1,1,0,0,,35,35,,2000,0,1,0,0,,,0,,35,0,1
08/12/2024,6.06,BoSP,2.7,0,18400,0,,32.5,0,1.4,0.2,0,1.6,4,8,7,3.276,35,0.9851,35,0.9851,,0.95,0.9,35,35,,0.9851,1,1,25,0.1,1,60,10,42,44,,,0.9,0.9933,7,7,7,0,41.8,0.926,1,1,0,0,,35,35,,2000,0,1,0,0,,,0,,35,0,1
08/12/2024,12,SEA,5.9,70.8,50490,142.6,,89.3,20.7,3.5,0.6,0,4.1,4,8,7,3.276,35,0.9851,35,0.9851,,0.9,0.9,35,35,,0.9851,1,1,25,0,1,60,10,42,44,,,0.9,0.9933,7,7,7,0,41.8,0.926,1,1,0,0,,35,35,,2000,0,1,0,0,,,0,,35,1,1
08/12/2024,16,EoSP,4,45.7,33360,139,,59,22.5,2.1,0.4,0,2.5,4,8,7,3.276,35,0.9851,35,0.9851,,0.85,0.9,35,35,,0.9851,1,1,25,0,1,60,10,42,44,,,0.9,0.9933,7,7,7,0,41.8,0.926,1,1,0,0,,35,35,,2000,0,1,0,0,,,0,,35,1,1
08/12/2024,19.24,FWE,3.4,0,9970,0,,17.6,0,0.5,0.3,0.1,0.9,4,8,7,3.276,35,0.9851,35,0.9851,,0.95,0.9,35,35,,0.9851,1,1,25,0.2,1,60,10,42,44,,,0.9,0.9933,7,7,7,0,41.8,0.926,1,1,0,0,,35,35,,2000,0,1,0,0,,,0,,35,1,1
08/13/2024,12,PORT,16.6,0,0,0,,0,0,0,1.6,0.7,2.3,4,8,7,3.276,35,0.9851,35,0.9851,,0.95,0.9,35,35,,0.9851,1,1,25,0,1,60,10,42,44,,,0.9,0.9933,7,7,7,0,41.8,0.926,1,1,0,0,,35,35,,2000,0,1,0,0,,,0,,35,0,1
08/13/2024,18.36,PORT,6.6,0,0,0,,0,0,0,0.6,0.3,0.9,4,8,7,3.276,35,0.9851,35,0.9851,,0.95,0.9,35,35,,0.9851,1,1,25,0,1,60,10,42,44,,,0.9,0.9933,7,7,7,0,41.8,0.926,1,1,0,0,,35,35,,2000,0,1,0,0,,,0,,35,0,1
08/13/2024,20.36,BoSP,2,0,11540,0,,20.4,0,0.6,0.2,0,0.8,4,8,7,3.276,35,0.9851,35,0.9851,,0.95,0.9,35,35,,0.9851,1,1,25,0.1,1,60,10,42,44,,,0.9,0.9933,7,7,7,0,41.8,0.926,1,1,0,0,,35,35,,2000,0,1,0,0,,,0,,35,0,1
08/14/2024,6,EoSP,9.4,107.2,72940,129.3,,129,16.9,4.4,0.9,0,5.3,4,8,7,3.276,35,0.9851,35,0.9851,,0.95,0.9,35,35,,0.9851,1,1,25,0,1,60,10,42,44,,,0.9,0.9933,7,7,7,0,41.8,0.926,1,1,0,0,,35,35,,2000,0,1,0,0,,,0,,35,1,1
08/14/2024,10.42,FWE,4.7,0,25260,0,,44.7,0,1.1,0.4,0,1.5,4,8,7,3.276,35,0.9851,35,0.9851,,0.95,0.9,35,35,,0.9851,1,1,25,0.2,1,60,10,42,44,,,0.9,0.9933,7,7,7,0,41.8,0.926,1,1,0,0,,35,35,,2000,0,1,0,0,,,0,,35,1,1
08/14/2024,12,PORT,1.3,0,0,0,,0,0,0,0,0,0,4,8,7,3.276,35,0.9851,35,0.9851,,0.95,0.9,35,35,,0.9851,1,1,25,0.2,1,60,10,42,44,,,0.9,0.9933,7,7,7,0,41.8,0.926,1,1,0,0,,35,35,,2000,0,1,0,0,,,0,,35,1,1
08/15/2024,5.06,PORT,17.1,0,0,0,,0,0,0,1.3,0.6,1.9,4,8,7,3.276,35,0.9851,35,0.9851,,0.95,0.9,35,35,,0.9851,1,1,25,0.4,1,60,10,42,44,,,0.9,0.9933,7,7,7,0,41.8,0.926,1,1,0,0,,35,35,,2000,0,1,0,0,,,0,,35,0,1
08/15/2024,8.06,BoSP,3,0,22560,0,,39.9,0,1.6,0.3,0,1.9,4,8,7,3.276,35,0.9851,35,0.9851,,0.95,0.9,35,35,,0.9851,1,1,25,0.1,1,60,10,42,44,,,0.9,0.9933,7,7,7,0,41.8,0.926,1,1,0,0,,35,35,,2000,0,1,0,0,,,0,,35,0,1
08/15/2024,12,SEA,3.9,40.9,30160,128.9,,53.3,23.3,1.9,0.4,0,2.3,4,8,7,3.276,35,0.9851,35,0.9851,,0.95,0.9,35,35,,0.9851,1,1,25,0,1,60,10,42,44,,,0.9,0.9933,7,7,7,0,41.8,0.926,1,1,0,0,,35,35,,2000,0,1,0,0,,,0,,35,0,1
08/15/2024,15,EoSP,3,34,23190,128.8,,41,17.1,1.5,0.3,0,1.8,4,8,7,3.276,35,0.9851,35,0.9851,,0.95,0.9,35,35,,0.9851,1,1,25,0,1,60,10,42,44,,,0.9,0.9933,7,7,7,0,41.8,0.926,1,1,0,0,,35,35,,2000,0,1,0,0,,,0,,35,1,1
08/16/2024,1.18,FWE,10.3,0,40450,0,,71.6,0,2.3,1,0.2,3.5,4,8,7,3.276,35,0.9851,35,0.9851,,0.95,0.9,35,35,,0.9851,1,1,25,0.1,1,60,10,42,44,,,0.9,0.9933,7,7,7,0,41.8,0.926,1,1,0,0,,35,35,,2000,0,1,0,0,,,0,,35,1,1
08/16/2024,12,PORT,10.7,0,0,0,,0,0,0,1,0.4,1.4,4,8,7,3.276,35,0.9851,35,0.9851,,0.95,0.9,35,35,,0.9851,1,1,25,0,1,60,10,42,44,,,0.9,0.9933,7,7,7,0,41.8,0.926,1,1,0,0,,35,35,,2000,0,1,0,0,,,0,,35,0,1
08/16/2024,21.36,PORT,9.6,0,0,0,,0,0,0,0.9,0.4,1.3,4,8,7,3.276,35,0.9851,35,0.9851,,0.95,0.9,35,35,,0.9851,1,1,25,0,1,60,10,42,44,,,0.9,0.9933,7,7,7,0,41.8,0.926,1,1,0,0,,35,35,,2000,0,1,0,0,,,0,,35,0,1
08/16/2024,22.36,BoSP,1,0,4570,0,,8.1,0,0.2,0.1,0,0.3,4,8,7,3.276,35,0.9851,35,0.9851,,0.95,0.9,35,35,,0.9851,1,1,25,0,1,60,10,42,44,,,0.9,0.9933,7,7,7,0,41.8,0.926,1,1,0,0,,35,35,,2000,0,1,0,0,,,0,,35,0,1
08/17/2024,9.48,EoSP,11.2,126.8,86610,128.9,,153.2,17.2,5.3,1,0,6.3,4,8,7,3.276,35,0.9851,35,0.9851,,0.95,0.9,35,35,,0.9851,1,1,25,0,1,60,10,42,44,,,0.9,0.9933,7,7,7,0,41.8,0.926,1,1,0,0,,35,35,,2000,0,1,0,0,,,0,,35,1,1
08/17/2024,10.36,FWE,0.799999999999998,0,3830,0,,6.8,0,0.1,0.1,0,0.2,4,8,7,3.276,35,0.9851,35,0.9851,,0.95,0.9,35,35,,0.9851,1,1,25,0,1,60,10,42,44,,,0.9,0.9933,7,7,7,0,41.8,0.926,1,1,0,0,,35,35,,2000,0,1,0,0,,,0,,35,1,1
08/17/2024,12,ANCH,1.4,0,0,0,,0,0,0,0.1,0.1,0.2,4,8,7,3.276,35,0.9851,35,0.9851,,0.95,0.9,35,35,,0.9851,1,1,25,0,1,60,10,42,44,,,0.9,0.9933,7,7,7,0,41.8,0.926,1,1,0,0,,35,35,,2000,0,1,0,0,,,0,,35,1,1
08/17/2024,22,ANCH,10,0,0,0,,0,0,0,1,0.4,1.4,4,8,7,3.276,35,0.9851,35,0.9851,,0.95,0.9,35,35,,0.9851,1,1,25,0,1,60,10,42,44,,,0.9,0.9933,7,7,7,0,41.8,0.926,1,1,0,0,,35,35,,2000,0,1,0,0,,,0,,35,0,1
08/18/2024,1.48,FWE,3.8,0,21600,0,,38.2,0,1.3,0.4,0,1.7,4,8,7,3.276,35,0.9851,35,0.9851,,0.95,0.9,35,35,,0.9851,1,1,25,0,1,60,10,42,44,,,0.9,0.9933,7,7,7,0,41.8,0.926,1,1,0,0,,35,35,,2000,0,1,0,0,,,0,,35,1,1
08/18/2024,12,PORT,10.2,0,0,0,,0,0,0,1,0.4,1.4,4,8,7,3.276,35,0.9851,35,0.9851,,0.95,0.9,35,35,,0.9851,1,1,25,0,1,60,10,42,44,,,0.9,0.9933,7,7,7,0,41.8,0.926,1,1,0,0,,35,35,,2000,0,1,0,0,,,0,,35,0,1
08/18/2024,17,PORT,5,0,0,0,,0,0,0,0.5,0.2,0.7,4,8,7,3.276,35,0.9851,35,0.9851,,0.95,0.9,35,35,,0.9851,1,1,25,0,1,60,10,42,44,,,0.9,0.9933,7,7,7,0,41.8,0.926,1,1,0,0,,35,35,,2000,0,1,0,0,,,0,,35,0,1
08/18/2024,19.48,BoSP,2.8,0,18420,0,,32.6,0,1,0.4,0,1.4,4,8,7,3.276,35,0.9851,35,0.9851,,0.95,0.9,35,35,,0.9851,1,1,25,0,1,60,10,42,44,,,0.9,0.9933,7,7,7,0,41.8,0.926,1,1,0,0,,35,35,,2000,0,1,0,0,,,0,,35,0,1
08/19/2024,7.42,EoSP,11.9,118.3,90570,126.8,,160.2,26.2,5.8,1,0,6.8,4,8,7,3.276,35,0.9851,35,0.9851,,0.95,0.9,35,35,,0.9851,1,1,25,0,1,60,10,42,44,,,0.9,0.9933,7,7,7,0,41.8,0.926,1,1,0,0,,35,35,,2000,0,1,0,0,,,0,,35,1,1
08/19/2024,10.24,FWE,2.7,0,9620,0,,17,0,0.4,0.3,0,0.7,4,8,7,3.276,35,0.9851,35,0.9851,,0.95,0.9,35,35,,0.9851,1,1,25,0,1,60,10,42,44,,,0.9,0.9933,7,7,7,0,41.8,0.926,1,1,0,0,,35,35,,2000,0,1,0,0,,,0,,35,1,1
08/19/2024,12,PORT,1.6,0,0,0,,0,0,0,0.1,0.1,0.2,4,8,7,3.276,35,0.9851,35,0.9851,,0.95,0.9,35,35,,0.9851,1,1,25,0,1,60,10,42,44,,,0.9,0.9933,7,7,7,0,41.8,0.926,1,1,0,0,,35,35,,2000,0,1,0,0,,,0,,35,1,1
08/20/2024,8.42,PORT,20.7,0,0,0,,0,0,0,2,0.8,2.8,4,8,7,3.276,35,0.9851,35,0.9851,,0.95,0.9,35,35,,0.9851,1,1,25,0,1,60,10,42,44,,,0.9,0.9933,7,7,7,0,41.8,0.926,1,1,0,0,,35,35,,2000,0,1,0,0,,,0,,35,0,1
08/20/2024,12,BoSP,3.3,0,15570,0,,27.5,0,0.9,0.3,0.1,1.3,4,8,7,3.276,35,0.9851,35,0.9851,,0.95,0.9,35,35,,0.9851,1,1,25,0,1,60,10,42,44,,,0.9,0.9933,7,7,7,0,41.8,0.926,1,1,0,0,,35,35,,2000,0,1,0,0,,,0,,35,0,1
08/20/2024,21.18,EoSP,9.3,111.5,71340,127.8,,126.2,11.6,4.3,0.9,0,5.2,4,8,7,3.276,35,0.9851,35,0.9851,,0.95,0.9,35,35,,0.9851,1,1,25,0,1,60,10,42,44,,,0.9,0.9933,7,7,7,0,41.8,0.926,1,1,0,0,,35,35,,2000,0,1,0,0,,,0,,35,1,1
08/20/2024,22.12,FWE,0.900000000000002,0,3730,0,,6.6,0,0.2,0.1,0,0.3,4,8,7,3.276,35,0.9851,35,0.9851,,0.95,0.9,35,35,,0.9851,1,1,25,0,1,60,10,42,44,,,0.9,0.9933,7,7,7,0,41.8,0.926,1,1,0,0,,35,35,,2000,0,1,0,0,,,0,,35,1,1
08/21/2024,5.36,ANCH,7.4,0,0,0,,0,0,0,0.7,0.3,1,4,8,7,3.276,35,0.9851,35,0.9851,,0.95,0.9,35,35,,0.9851,1,1,25,0,1,60,10,42,44,,,0.9,0.9933,7,7,7,0,41.8,0.926,1,1,0,0,,35,35,,2000,0,1,0,0,,,0,,35,0,1
08/21/2024,10.06,FWE,4.5,0,22440,0,,39.7,0,1.3,0.5,0.1,1.9,4,8,7,3.276,35,0.9851,35,0.9851,,0.95,0.9,35,35,,0.9851,1,1,25,0,1,60,10,42,44,,,0.9,0.9933,7,7,7,0,41.8,0.926,1,1,0,0,,35,35,,2000,0,1,0,0,,,0,,35,1,1
08/21/2024,12,PORT,1.9,0,0,0,,0,0,0,0.2,0.1,0.3,4,8,7,3.276,35,0.9851,35,0.9851,,0.95,0.9,35,35,,0.9851,1,1,25,0,1,60,10,42,44,,,0.9,0.9933,7,7,7,0,41.8,0.926,1,1,0,0,,35,35,,2000,0,1,0,0,,,0,,35,0,1
08/22/2024,12,PORT,24,0,0,0,,0,0,0,2.3,0.9,3.2,4,8,7,3.276,35,0.9851,35,0.9851,,0.95,0.9,35,35,,0.9851,1,1,25,0,1,60,10,42,44,,,0.9,0.9933,7,7,7,0,41.8,0.926,1,1,0,0,,35,35,,2000,0,1,0,0,,,0,,35,0,1
08/22/2024,12.18,PORT,0.3,0,0,0,,0,0,0,0,0,0,4,8,7,3.276,35,0.9851,35,0.9851,,0.95,0.9,35,35,,0.9851,1,1,25,0,1,60,10,42,44,,,0.9,0.9933,7,7,7,0,41.8,0.926,1,1,0,0,,35,35,,2000,0,1,0,0,,,0,,35,0,1
08/22/2024,16.48,BoSP,4.5,0,19190,0,,33.9,0,0.9,0.5,0.1,1.5,4,8,7,3.276,35,0.9851,35,0.9851,,0.95,0.9,35,35,,0.9851,1,1,25,0.1,1,60,10,42,44,,,0.9,0.9933,7,7,7,0,41.8,0.926,1,1,0,0,,35,35,,2000,0,1,0,0,,,0,,35,0,1
08/23/2024,4.12,EoSP,11.4,116.4,86370,126.3,,152.8,23.8,5.1,1.1,0,6.2,4,8,7,3.276,35,0.9851,35,0.9851,,0.95,0.9,35,35,,0.9851,1,1,25,0,1,60,10,42,44,,,0.9,0.9933,7,7,7,0,41.8,0.926,1,1,0,0,,35,35,,2000,0,1,0,0,,,0,,35,1,1
08/23/2024,6.24,FWE,2.2,0,10910,0,,19.3,0,0.5,0.2,0,0.7,4,8,7,3.276,35,0.9851,35,0.9851,,0.95,0.9,35,35,,0.9851,1,1,25,0,1,60,10,42,44,,,0.9,0.9933,7,7,7,0,41.8,0.926,1,1,0,0,,35,35,,2000,0,1,0,0,,,0,,35,1,1
08/23/2024,12,PORT,5.6,0,0,0,,0,0,0,0.5,0.2,0.7,4,8,7,3.276,35,0.9851,35,0.9851,,0.95,0.9,35,35,,0.9851,1,1,25,0,1,60,10,42,44,,,0.9,0.9933,7,7,7,0,41.8,0.926,1,1,0,0,,35,35,,2000,0,1,0,0,,,0,,35,1,1
08/23/2024,23.42,PORT,11.7,0,0,0,,0,0,0,1.1,0.5,1.6,4,8,7,3.276,35,0.9851,35,0.9851,,0.95,0.9,35,35,,0.9851,1,1,25,0,1,60,10,42,44,,,0.9,0.9933,7,7,7,0,41.8,0.926,1,1,0,0,,35,35,,2000,0,1,0,0,,,0,,35,0,1
08/24/2024,1.06,BoSP,1.4,0,4170,0,,7.4,0,0.1,0.2,0,0.3,4,8,7,3.276,35,0.9851,35,0.9851,,0.95,0.9,35,35,,0.9851,1,1,25,0,1,60,10,42,44,,,0.9,0.9933,7,7,7,0,41.8,0.926,1,1,0,0,,35,35,,2000,0,1,0,0,,,0,,35,0,1
08/24/2024,12,EoSP,10.9,126.9,83660,127.9,,148,14.3,4.9,1,0,5.9,4,8,7,3.276,35,0.9851,35,0.9851,,0.95,0.9,35,35,,0.9851,1,1,25,0,1,60,10,42,44,,,0.9,0.9933,7,7,7,0,41.8,0.926,1,1,0,0,,35,35,,2000,0,1,0,0,,,0,,35,1,1
08/24/2024,12.54,FWE,0.899999999999999,0,2850,0,,5,0,0.1,0.1,0,0.2,4,8,7,3.276,35,0.9851,35,0.9851,,0.95,0.9,35,35,,0.9851,1,1,25,0,1,60,10,42,44,,,0.9,0.9933,7,7,7,0,41.8,0.926,1,1,0,0,,35,35,,2000,0,1,0,0,,,0,,35,1,1
08/24/2024,22.54,ANCH,10,0,0,0,,0,0,0,0.9,0.5,1.4,4,8,7,3.276,35,0.9851,35,0.9851,,0.95,0.9,35,35,,0.9851,1,1,25,0,1,60,10,42,44,,,0.9,0.9933,7,7,7,0,41.8,0.926,1,1,0,0,,35,35,,2000,0,1,0,0,,,0,,35,0,1
08/25/2024,2.18,FWE,3.4,0,15480,0,,27.4,0,0.8,0.4,0,1.2,4,8,7,3.276,35,0.9851,35,0.9851,,0.95,0.9,35,35,,0.9851,1,1,25,0,1,60,10,42,44,,,0.9,0.9933,7,7,7,0,41.8,0.926,1,1,0,0,,35,35,,2000,0,1,0,0,,,0,,35,1,1
08/25/2024,12,PORT,9.7,0,0,0,,0,0,0,0.9,0.4,1.3,4,8,7,3.276,35,0.9851,35,0.9851,,0.95,0.9,35,35,,0.9851,1,1,25,0,1,60,10,42,44,,,0.9,0.9933,7,7,7,0,41.8,0.926,1,1,0,0,,35,35,,2000,0,1,0,0,,,0,,35,1,1
08/26/2024,12,PORT,24,0,0,0,,0,0,0,2.3,1,3.3,4,8,7,3.276,35,0.9851,35,0.9851,,0.95,0.9,35,35,,0.9851,1,1,25,0,1,60,10,42,44,,,0.9,0.9933,7,7,7,0,41.8,0.926,1,1,0,0,,35,35,,2000,0,1,0,0,,,0,,35,0,1
08/26/2024,14.54,BoSP,2.9,0,18240,0,,32.3,0,1.2,0.2,0,1.4,4,8,7,3.276,35,0.9851,35,0.9851,,0.95,0.9,35,35,,0.9851,1,1,25,0.1,1,60,10,42,44,,,0.9,0.9933,7,7,7,0,41.8,0.926,1,1,0,0,,35,35,,2000,0,1,0,0,,,0,,35,0,1
08/27/2024,2.12,EoSP,11.3,119.5,86300,127.3,,152.7,21.7,5.2,1.1,0,6.3,4,8,7,3.276,35,0.9851,35,0.9851,,0.95,0.9,35,35,,0.9851,1,1,25,0,1,60,10,42,44,,,0.9,0.9933,7,7,7,0,41.8,0.926,1,1,0,0,,35,35,,2000,0,1,0,0,,,0,,35,1,1
08/27/2024,6.3,FWE,4.3,0,11370,0,,20.1,0,0.5,0.4,0.1,1,4,8,7,3.276,35,0.9851,35,0.9851,,0.95,0.9,35,35,,0.9851,1,1,25,0.1,1,60,10,42,44,,,0.9,0.9933,7,7,7,0,41.8,0.926,1,1,0,0,,35,35,,2000,0,1,0,0,,,0,,35,1,1
08/27/2024,12,PORT,5.5,0,0,0,,0,0,0,0.5,0.2,0.7,4,8,7,3.276,35,0.9851,35,0.9851,,0.95,0.9,35,35,,0.9851,1,1,25,0,1,60,10,42,44,,,0.9,0.9933,7,7,7,0,41.8,0.926,1,1,0,0,,35,35,,2000,0,1,0,0,,,0,,35,0,1
08/27/2024,22.24,PORT,10.4,0,0,0,,0,0,0,0.9,0.4,1.3,4,8,7,3.276,35,0.9851,35,0.9851,,0.95,0.9,35,35,,0.9851,1,1,25,0.1,1,60,10,42,44,,,0.9,0.9933,7,7,7,0,41.8,0.926,1,1,0,0,,35,35,,2000,0,1,0,0,,,0,,35,0,1
08/28/2024,0.06,BoSP,1.7,0,6300,0,,11.1,0,0.2,0.1,0,0.3,4,8,7,3.276,35,0.9851,35,0.9851,,0.95,0.9,35,35,,0.9851,1,1,25,0.1,1,60,10,42,44,,,0.9,0.9933,7,7,7,0,41.8,0.926,1,1,0,0,,35,35,,2000,0,1,0,0,,,0,,35,0,1
08/28/2024,11.06,EoSP,11,123.1,84350,127.8,,149.2,17.5,5,1.1,0,6.1,4,8,7,3.276,35,0.9851,35,0.9851,,0.96,0.92,35,35,,0.9851,1,1,25,0,1,60,10,42,44,,,0.9,0.9933,7,7,7,0,41.8,0.926,1,1,0,0,,35,35,,2000,0,1,0,0,,,0,,35,1,1
08/28/2024,12,WAY,0.899999999999999,0,2540,0,,4.5,0,0,0.1,0,0.1,4,8,7,3.276,35,0.9851,35,0.9851,,0.96,0.92,35,35,,0.9851,1,1,25,0,1,60,10,42,44,,,0.9,0.9933,7,7,7,0,41.8,0.926,1,1,0,0,,35,35,,2000,0,1,0,0,,,0,,35,1,1
08/28/2024,15.06,FWE,3.1,0,14120,0,,25,0,0.8,0.2,0.1,1.1,4,8,7,3.276,35,0.9851,35,0.9851,,0.96,0.92,35,35,,0.9851,1,1,25,0.2,1,60,10,42,44,,,0.9,0.9933,7,7,7,0,41.8,0.926,1,1,0,0,,35,35,,2000,0,1,0,0,,,0,,35,1,1
08/29/2024,12,PORT,20.9,0,0,0,,0,0,0,2.1,1,3.1,4,8,7,3.276,35,0.9851,35,0.9851,,0.96,0.95,35,35,,0.9851,1,1,25,0,1,60,10,42,44,,,0.9,0.9933,7,7,7,0,41.8,0.926,1,1,0,0,,35,35,,2000,0,1,0,0,,,0,,35,0,1
08/30/2024,4.06,PORT,16.1,0,0,0,,0,0,0,1.7,0.7,2.4,4,8,7,3.276,35,0.9851,35,0.9851,,0.96,0.95,35,35,,0.9851,1,1,25,0,1,60,10,42,44,,,0.9,0.9933,7,7,7,0,41.8,0.926,1,1,0,0,,35,35,,2000,0,1,0,0,,,0,,35,0,1
08/30/2024,7,BoSP,2.9,0,17630,0,,31.2,0,1.1,0.3,0,1.4,4,8,7,3.276,35,0.9851,35,0.9851,,0.96,0.95,35,35,,0.9851,1,1,25,0,1,60,10,42,44,,,0.9,0.9933,7,7,7,0,41.8,0.926,1,1,0,0,,35,35,,2000,0,1,0,0,,,0,,35,0,1
08/30/2024,12,SEA,5,50.6,38020,126.7,,67.3,24.8,2.3,0.5,0,2.8,4,8,7,3.276,35,0.9851,35,0.9851,,0.96,0.95,35,35,,0.9851,1,1,25,0,1,60,10,42,44,,,0.9,0.9933,7,7,7,0,41.8,0.926,1,1,0,0,,35,35,,2000,0,1,0,0,,,0,,35,0,1
08/30/2024,18.12,EoSP,6.2,62.2,47130,126.7,,83.4,25.4,2.8,0.7,0,3.5,4,8,7,3.276,35,0.9851,35,0.9851,,0.96,0.95,35,35,,0.9851,1,1,25,0,1,60,10,42,44,,,0.9,0.9933,7,7,7,0,41.8,0.926,1,1,0,0,,35,35,,2000,0,1,0,0,,,0,,35,1,1
08/31/2024,2.18,FWE,8.1,0,15340,0,,27.1,0,0.7,0.9,0.3,1.9,4,8,7,3.276,35,0.9851,35,0.9851,,0.96,0.95,35,35,,0.9851,1,1,25,0,1,60,10,42,44,,,0.9,0.9933,7,7,7,0,41.8,0.926,1,1,0,0,,35,35,,2000,0,1,0,0,,,0,,35,1,1
08/31/2024,12,PORT,9.7,0,0,0,,0,0,0,1,0.4,1.4,4,8,7,3.276,35,0.9851,35,0.9851,,0.96,0.95,35,35,,0.9851,1,1,25,0,1,60,10,42,44,,,0.9,0.9933,7,7,7,0,41.8,0.926,1,1,0,0,,35,35,,2000,0,1,0,0,,,0,,35,0,1
08/31/2024,22.06,PORT,10.1,0,0,0,,0,0,0,1.1,0.5,1.6,4,8,7,3.276,35,0.9851,35,0.9851,,0.96,0.95,35,35,,0.9851,1,1,25,0,1,60,10,42,44,,,0.9,0.9933,7,7,7,0,41.8,0.926,1,1,0,0,,35,35,,2000,0,1,0,0,,,0,,35,0,1
08/31/2024,23.18,BoSP,1.2,0,4730,0,,8.4,0,0.3,0.1,0,0.4,4,8,7,3.276,35,0.9851,35,0.9851,,0.96,0.95,35,35,,0.9851,1,1,25,0,1,60,10,42,44,,,0.9,0.9933,7,7,7,0,41.8,0.926,1,1,0,0,,35,35,,2000,0,1,0,0,,,0,,35,0,1
09/01/2024,10,EoSP,10.7,117.8,82250,128.1,,145.5,19,4.9,1.1,0,6,4,8,7,3.276,35,0.9851,35,0.9851,,0.96,0.95,35,35,,0.9851,1,1,25,0,1,60,10,42,44,,,0.9,0.9933,7,7,7,0,41.8,0.926,1,1,0,0,,35,35,,2000,0,1,0,0,,,0,,35,1,1
09/01/2024,12,WAY,2,0,6310,0,,11.2,0,0.1,0.2,0.1,0.4,4,8,7,3.276,35,0.9851,35,0.9851,,0.96,0.95,35,35,,0.9851,1,1,25,0,1,60,10,42,44,,,0.9,0.9933,7,7,7,0,41.8,0.926,1,1,0,0,,35,35,,2000,0,1,0,0,,,0,,35,1,1
09/01/2024,15.3,FWE,3.5,0,14500,0,,25.6,0,0.6,0.4,0.1,1.1,4,8,7,3.276,35,0.9851,35,0.9851,,0.96,0.95,35,35,,0.9851,1,1,25,0,1,60,10,42,44,,,0.9,0.9933,7,7,7,0,41.8,0.926,1,1,0,0,,35,35,,2000,0,1,0,0,,,0,,35,1,1
09/02/2024,12,PORT,20.5,0,0,0,,0,0,0,2.2,1,3.2,4,8,7,3.276,35,0.9851,35,0.9851,,0.96,0.95,35,35,,0.9851,1,1,25,0,1,60,10,42,44,,,0.9,0.9933,7,7,7,0,41.8,0.926,1,1,0,0,,35,35,,2000,0,1,0,0,,,0,,35,0,1
09/03/2024,7,PORT,19,0,0,0,,0,0,0,2,0.9,2.9,4,8,7,3.276,35,0.9851,35,0.9851,,0.96,0.95,35,35,,0.9851,1,1,25,0,1,60,10,42,44,,,0.9,0.9933,7,7,7,0,41.8,0.926,1,1,0,0,,35,35,,2000,0,1,0,0,,,0,,35,0,1
09/03/2024,10.3,BoSP,3.5,0,18180,0,,32.2,0,1,0.4,0.1,1.5,4,8,7,3.276,35,0.9851,35,0.9851,,0.95,0.9,35,35,,0.9851,1,1,25,0,1,60,10,42,44,,,0.9,0.9933,7,7,7,0,41.8,0.926,1,1,0,0,,35,35,,2000,0,1,0,0,,,0,,35,0,1
09/03/2024,12,SEA,1.5,15.8,11450,127.2,,20.3,22.2,0.8,0.1,0,0.9,4,8,7,3.276,35,0.9851,35,0.9851,,0.95,0.9,35,35,,0.9851,1,1,25,0,1,60,10,42,44,,,0.9,0.9933,7,7,7,0,41.8,0.926,1,1,0,0,,35,35,,2000,0,1,0,0,,,0,,35,0,1
09/03/2024,21.3,EoSP,9.5,107.4,80890,141.9,,143.1,24.9,5.8,0.9,0,6.7,4,8,7,3.276,35,0.9851,35,0.9851,,0.95,0.9,35,35,,0.9851,1,1,25,0,1,60,10,42,44,,,0.9,0.9933,7,7,7,0,41.8,0.926,1,1,0,0,,35,35,,2000,0,1,0,0,,,0,,35,1,1
09/03/2024,23.18,FWE,1.8,0,9440,0,,16.7,0,0.5,0.2,0,0.7,4,8,7,3.276,35,0.9851,35,0.9851,,0.95,0.9,35,35,,0.9851,1,1,25,0,1,60,10,42,44,,,0.9,0.9933,7,7,7,0,41.8,0.926,1,1,0,0,,35,35,,2000,0,1,0,0,,,0,,35,1,1
09/04/2024,12,PORT,12.7,0,0,0,,0,0,0,1.2,0.6,1.8,4,8,7,3.276,35,0.9851,35,0.9851,,0.95,0.9,35,35,,0.9851,1,1,25,0,1,60,10,42,44,,,0.9,0.9933,7,7,7,0,41.8,0.926,1,1,0,0,,35,35,,2000,0,1,0,0,,,0,,35,0,1
09/04/2024,14.3,PORT,2.5,0,0,0,,0,0,0,0.3,0.2,0.5,4,8,7,3.276,35,0.9851,35,0.9851,,0.95,0.9,35,35,,0.9851,1,1,25,0,1,60,10,42,44,,,0.9,0.9933,7,7,7,0,41.8,0.926,1,1,0,0,,35,35,,2000,0,1,0,0,,,0,,35,0,1
09/04/2024,16.12,BoSP,1.7,0,5810,0,,10.3,0,0.3,0.2,0,0.5,4,8,7,3.276,35,0.9851,35,0.9851,,0.95,0.9,35,35,,0.9851,1,1,25,0,1,60,10,42,44,,,0.9,0.9933,7,7,7,0,41.8,0.926,1,1,0,0,,35,35,,2000,0,1,0,0,,,0,,35,0,1
09/05/2024,2.12,EoSP,10,123.5,86620,144.4,,153.2,19.4,6.3,0.9,0,7.2,4,8,7,3.276,35,0.9851,35,0.9851,,0.95,0.9,35,35,,0.9851,1,1,25,0,1,60,10,42,44,,,0.9,0.9933,7,7,7,0,41.8,0.926,1,1,0,0,,35,35,,2000,0,1,0,0,,,0,,35,1,1
09/05/2024,5.18,FWE,3.1,0,16950,0,,30,0,1.1,0.3,0,1.4,4,8,7,3.276,35,0.9851,35,0.9851,,0.95,0.9,35,35,,0.9851,1,1,25,0,1,60,10,42,44,,,0.9,0.9933,7,7,7,0,41.8,0.926,1,1,0,0,,35,35,,2000,0,1,0,0,,,0,,35,1,1
09/05/2024,12,PORT,6.7,0,0,0,,0,0,0,0.6,0.3,0.9,4,8,7,3.276,35,0.9851,35,0.9851,,0.95,0.9,35,35,,0.9851,1,1,25,0.1,1,60,10,42,44,,,0.9,0.9933,7,7,7,0,41.8,0.926,1,1,0,0,,35,35,,2000,0,1,0,0,,,0,,35,1,1
09/06/2024,12,PORT,24,0,6,0,,0,0,0,2.3,1,3.3,4,8,7,3.276,35,0.9851,35,0.9851,,0.95,0.9,35,35,,0.9851,1,1,25,0,1,60,10,42,44,,,0.9,0.9933,7,7,7,0,41.8,0.926,1,1,0,0,,35,35,,2000,0,1,0,0,,,0,,35,0,1
09/06/2024,22,PORT,10,0,0,0,,0,0,0,1,0.4,1.4,4,8,7,3.276,35,0.9851,35,0.9851,,0.95,0.9,35,35,,0.9851,1,1,25,0,1,60,10,42,44,,,0.9,0.9933,7,7,7,0,41.8,0.926,1,1,0,0,,35,35,,2000,0,1,0,0,,,0,,35,0,1
09/07/2024,0.3,BoSP,2.5,0,16514,0,,29.2,0,1,0.3,0,1.3,4,8,7,3.276,35,0.9851,35,0.9851,,0.97,0.93,35,35,,0.9851,1,1,25,0,1,60,10,42,44,,,0.9,0.9933,7,7,7,0,41.8,0.926,1,1,0,0,,35,35,,2000,0,1,0,0,,,0,,35,0,1
09/07/2024,10.3,EoSP,10,117,86570,144.3,,153.1,23.6,6.5,1,0,7.5,4,8,7,3.276,35,0.9851,35,0.9851,,0.97,0.93,35,35,,0.9851,1,1,25,0,1,60,10,42,44,,,0.9,0.9933,7,7,7,0,41.8,0.926,1,1,0,0,,35,35,,2000,0,1,0,0,,,0,,35,1,1
09/07/2024,12,WAY,1.5,0,10150,0,,18,0,0.6,0.2,0,0.8,4,8,7,3.276,35,0.9851,35,0.9851,,0.97,0.93,35,35,,0.9851,1,1,25,0,1,60,10,42,44,,,0.9,0.9933,7,7,7,0,41.8,0.926,1,1,0,0,,35,35,,2000,0,1,0,0,,,0,,35,1,1
09/07/2024,12.24,FWE,0.4,0,260,0,,0.5,0,0,0,0,0,4,8,7,3.276,35,0.9851,35,0.9851,,0.97,0.93,35,35,,0.9851,1,1,25,0,1,60,10,42,44,,,0.9,0.9933,7,7,7,0,41.8,0.926,1,1,0,0,,35,35,,2000,0,1,0,0,,,0,,35,1,1
09/08/2024,0.48,PORT,12.4,0,0,0,,0,0,0,1.2,0.7,1.9,4,8,7,3.276,35,0.9851,35,0.9851,,0.97,0.93,35,35,,0.9851,1,1,25,0,1,60,10,42,44,,,0.9,0.9933,7,7,7,0,41.8,0.926,1,1,0,0,,35,35,,2000,0,1,0,0,,,0,,35,0,1
09/08/2024,1.48,BoSP,1,0,4610,0,,8.2,0,0.3,0.1,0,0.4,4,8,7,3.276,35,0.9851,35,0.9851,,0.97,0.93,35,35,,0.9851,1,1,25,0,1,60,10,42,44,,,0.9,0.9933,7,7,7,0,41.8,0.926,1,1,0,0,,35,35,,2000,0,1,0,0,,,0,,35,0,1
09/08/2024,12,EoSP,10.2,127.7,85890,140.3,,151.9,15.9,6.1,1,0,7.1,4,8,7,3.276,35,0.9851,35,0.9851,,0.97,0.93,35,35,,0.9851,1,1,25,0,1,60,10,42,44,,,0.9,0.9933,7,7,7,0,41.8,0.926,1,1,0,0,,35,35,,2000,0,1,0,0,,,0,,35,1,1
09/08/2024,16.42,FWE,4.7,0,14060,0,,24.9,0,0.5,0.5,0.2,1.2,4,8,7,3.276,35,0.9851,35,0.9851,,0.97,0.93,35,35,,0.9851,1,1,25,0,1,60,10,42,44,,,0.9,0.9933,7,7,7,0,41.8,0.926,1,1,0,0,,35,35,,2000,0,1,0,0,,,0,,35,1,1
09/09/2024,12,PORT,19.3,0,0,0,,0,0,0,1.9,0.8,2.7,4,8,7,3.276,35,0.9851,35,0.9851,,0.97,0.93,35,35,,0.9851,1,1,25,0,1,60,10,42,44,,,0.9,0.9933,7,7,7,0,41.8,0.926,1,1,0,0,,35,35,,2000,0,1,0,0,,,0,,35,0,1
09/09/2024,19.12,PORT,7.2,0,0,0,,0,0,0,0.7,0.3,1,4,8,7,3.276,35,0.9851,35,0.9851,,0.97,0.93,35,35,,0.9851,1,1,25,0,1,60,10,42,44,,,0.9,0.9933,7,7,7,0,41.8,0.926,1,1,0,0,,35,35,,2000,0,1,0,0,,,0,,35,0,1
09/09/2024,21.48,BoSP,2.6,0,18280,0,,32.3,0,1.3,0.3,0,1.6,4,8,7,3.276,35,0.9851,35,0.9851,,0.97,0.93,35,35,,0.9851,1,1,25,0,1,60,10,42,44,,,0.9,0.9933,7,7,7,0,41.8,0.926,1,1,0,0,,35,35,,2000,0,1,0,0,,,0,,35,0,1
09/10/2024,7.54,EoSP,10.1,120.9,87350,144.1,,154.5,21.7,6.5,1,0,7.5,4,8,7,3.276,35,0.9851,35,0.9851,,0.97,0.93,35,35,,0.9851,1,1,25,0,1,60,10,42,44,,,0.9,0.9933,7,7,7,0,41.8,0.926,1,1,0,0,,35,35,,2000,0,1,0,0,,,0,,35,1,1
09/10/2024,10.12,FWE,2.3,0,11050,0,,19.5,0,0.7,0.2,0,0.9,4,8,7,3.276,35,0.9851,35,0.9851,,0.97,0.93,35,35,,0.9851,1,1,25,0,1,60,10,42,44,,,0.9,0.9933,7,7,7,0,41.8,0.926,1,1,0,0,,35,35,,2000,0,1,0,0,,,0,,35,1,1
09/10/2024,12,PORT,1.8,0,0,0,,0,0,0,0.2,0.1,0.3,4,8,7,3.276,35,0.9851,35,0.9851,,0.97,0.93,35,35,,0.9851,1,1,25,0,1,60,10,42,44,,,0.9,0.9933,7,7,7,0,41.8,0.926,1,1,0,0,,35,35,,2000,0,1,0,0,,,0,,35,1,1
09/11/2024,1.12,PORT,13.2,0,10,0,,0,0,0,1.4,0.6,2,4,8,7,3.276,35,0.9851,35,0.9851,,0.97,0.93,35,35,,0.9851,1,1,25,0,1,60,10,42,44,,,0.9,0.9933,7,7,7,0,41.8,0.926,1,1,0,0,,35,35,,2000,0,1,0,0,,,0,,35,0,1
09/11/2024,2.12,BoSP,1,0,4480,0,,7.9,0,0.2,0.1,0,0.3,4,8,7,3.276,35,0.9851,35,0.9851,,0.97,0.93,35,35,,0.9851,1,1,25,0,1,60,10,42,44,,,0.9,0.9933,7,7,7,0,41.8,0.926,1,1,0,0,,35,35,,2000,0,1,0,0,,,0,,35,0,1
09/11/2024,12,EoSP,9.8,128,85610,145.6,,151.4,15.5,6.4,1,0,7.4,4,8,7,3.276,35,0.9851,35,0.9851,,0.97,0.93,35,35,,0.9851,1,1,25,0,1,60,10,42,44,,,0.9,0.9933,7,7,7,0,41.8,0.926,1,1,0,0,,35,35,,2000,0,1,0,0,,,0,,35,1,1
09/11/2024,15.12,FWE,3.2,0,14870,0,,26.3,0,0.6,0.3,0,0.9,4,8,7,3.276,35,0.9851,35,0.9851,,0.97,0.93,35,35,,0.9851,1,1,25,0,1,60,10,42,44,,,0.9,0.9933,7,7,7,0,41.8,0.926,1,1,0,0,,35,35,,2000,0,1,0,0,,,0,,35,1,1
09/12/2024,2.18,PORT,11.1,0,0,0,,0,0,0,1.1,0.6,1.7,4,8,7,3.276,35,0.9851,35,0.9851,,0.97,0.93,35,35,,0.9851,1,1,25,0,1,60,10,42,44,,,0.9,0.9933,7,7,7,0,41.8,0.926,1,1,0,0,,35,35,,2000,0,1,0,0,,,0,,35,0,1
09/12/2024,4.3,BoSP,2.2,0,16070,0,,28.4,0,1.2,0.2,0,1.4,4,8,7,3.276,35,0.9851,35,0.9851,,0.97,0.93,35,35,,0.9851,1,1,25,0,1,60,10,42,44,,,0.9,0.9933,7,7,7,0,41.8,0.926,1,1,0,0,,35,35,,2000,0,1,0,0,,,0,,35,0,1
09/12/2024,12,SEA,7.5,86.1,64880,144.2,,114.8,25,4.9,0.7,0,5.6,4,8,7,3.276,35,0.9851,35,0.9851,,0.97,0.93,35,35,,0.9851,1,1,25,0,1,60,10,42,44,,,0.9,0.9933,7,7,7,0,41.8,0.926,1,1,0,0,,35,35,,2000,0,1,0,0,,,0,,35,1,1
09/12/2024,14.42,EoSP,2.7,31.4,23400,144.4,,41.4,24.2,1.7,0.3,0,2,4,8,7,3.276,35,0.9851,35,0.9851,,0.97,0.93,35,35,,0.9851,1,1,25,0,1,60,10,42,44,,,0.9,0.9933,7,7,7,0,41.8,0.926,1,1,0,0,,35,35,,2000,0,1,0,0,,,0,,35,1,1
09/12/2024,17.3,FWE,2.8,0,12240,0,,21.7,0,0.8,0.2,0,1,4,8,7,3.276,35,0.9851,35,0.9851,,0.97,0.93,35,35,,0.9851,1,1,25,0.2,1,60,10,42,44,,,0.9,0.9933,7,7,7,0,41.8,0.926,1,1,0,0,,35,35,,2000,0,1,0,0,,,0,,35,1,1
09/13/2024,7.18,PORT,13.8,0,10,0,,0,0,0,1.4,0.6,2,4,8,7,3.276,35,0.9851,35,0.9851,,0.97,0.93,35,35,,0.9851,1,1,25,0,1,60,10,42,44,,,0.9,0.9933,7,7,7,0,41.8,0.926,1,1,0,0,,35,35,,2000,0,1,0,0,,,0,,35,0,1
09/13/2024,8.3,BoSP,1.2,0,5110,0,,9,0,0.3,0.1,0,0.4,4,8,7,3.276,35,0.9851,35,0.9851,,0.97,0.93,35,35,,0.9851,1,1,25,0,1,60,10,42,44,,,0.9,0.9933,7,7,7,0,41.8,0.926,1,1,0,0,,35,35,,2000,0,1,0,0,,,0,,35,0,1
09/13/2024,12,SEA,3.5,44.7,30290,144.2,,53.6,16.6,2.1,0.4,0,2.5,4,8,7,3.276,35,0.9851,35,0.9851,,0.97,0.93,35,35,,0.9851,1,1,25,0,1,60,10,42,44,,,0.9,0.9933,7,7,7,0,41.8,0.926,1,1,0,0,,35,35,,2000,0,1,0,0,,,0,,35,0,1
09/13/2024,18.54,EoSP,6.9,84.2,59760,144.3,,105.7,20.3,4.5,0.7,0,5.2,4,8,7,3.276,35,0.9851,35,0.9851,,0.97,0.93,35,35,,0.9851,1,1,25,0,1,60,10,42,44,,,0.9,0.9933,7,7,7,0,41.8,0.926,1,1,0,0,,35,35,,2000,0,1,0,0,,,0,,35,1,1
09/13/2024,21.42,FWE,2.8,0,17280,0,,30.6,0,1.2,0.3,0,1.5,4,8,7,3.276,35,0.9851,35,0.9851,,0.97,0.93,35,35,,0.9851,1,1,25,0,1,60,10,42,44,,,0.9,0.9933,7,7,7,0,41.8,0.926,1,1,0,0,,35,35,,2000,0,1,0,0,,,0,,35,1,1
09/14/2024,12,PORT,14.3,0,0,0,,0,0,0,1.4,0.7,2.1,4,8,7,3.276,35,0.9851,35,0.9851,,0.97,0.93,35,35,,0.9851,1,1,25,0,1,60,10,42,44,,,0.9,0.9933,7,7,7,0,41.8,0.926,1,1,0,0,,35,35,,2000,0,1,0,0,,,0,,35,0,1
09/14/2024,16,PORT,4,0,10,0,,0,0,0,0.4,0.2,0.6,4,8,7,3.276,35,0.9851,35,0.9851,,0.97,0.93,35,35,,0.9851,1,1,25,0.1,1,60,10,42,44,,,0.9,0.9933,7,7,7,0,41.8,0.926,1,1,0,0,,35,35,,2000,0,1,0,0,,,0,,35,0,1
09/14/2024,18.3,BoSP,2.5,0,15930,0,,28.2,0,0.9,0.3,0,1.2,4,8,7,3.276,35,0.9851,35,0.9851,,0.97,0.93,35,35,,0.9851,1,1,25,0,1,60,10,42,44,,,0.9,0.9933,7,7,7,0,41.8,0.926,1,1,0,0,,35,35,,2000,0,1,0,0,,,0,,35,0,1
09/15/2024,5.48,EoSP,11.3,118.5,86670,127.8,,153.3,22.7,5.4,1.1,0,6.5,4,8,7,3.276,35,0.9851,35,0.9851,,0.98,0.94,35,35,,0.9851,1,1,25,0,1,60,10,42,44,,,0.9,0.9933,7,7,7,0,41.8,0.926,1,1,0,0,,35,35,,2000,0,1,0,0,,,0,,35,1,1
09/15/2024,8.3,FWE,2.7,0,11180,0,,19.8,0,0.5,0.3,0,0.8,4,8,7,3.276,35,0.9851,35,0.9851,,0.98,0.94,35,35,,0.9851,1,1,25,0,1,60,10,42,44,,,0.9,0.9933,7,7,7,0,41.8,0.926,1,1,0,0,,35,35,,2000,0,1,0,0,,,0,,35,1,1
09/15/2024,12,PORT,3.5,0,0,0,,0,0,0,0.4,0.2,0.6,4,8,7,3.276,35,0.9851,35,0.9851,,0.98,0.94,35,35,,0.9851,1,1,25,0,1,60,10,42,44,,,0.9,0.9933,7,7,7,0,41.8,0.926,1,1,0,0,,35,35,,2000,0,1,0,0,,,0,,35,1,1
09/16/2024,1.3,PORT,13.5,0,5,0,,0,0,0,1.3,0.7,2,4,8,7,3.276,35,0.9851,35,0.9851,,0.98,0.94,35,35,,0.9851,1,1,25,0,1,60,10,42,44,,,0.9,0.9933,7,7,7,0,41.8,0.926,1,1,0,0,,35,35,,2000,0,1,0,0,,,0,,35,0,1
09/16/2024,3,BoSP,1.5,0,5255,0,,9.3,0,0.1,0.2,0,0.3,4,8,7,3.276,35,0.9851,35,0.9851,,0.98,0.94,35,35,,0.9851,1,1,25,0,1,60,10,42,44,,,0.9,0.9933,7,7,7,0,41.8,0.926,1,1,0,0,,35,35,,2000,0,1,0,0,,,0,,35,0,1
09/16/2024,12,SEA,9,108.9,77910,144.3,,137.8,21,5.7,0.9,0,6.6,4,8,7,3.276,35,0.9851,35,0.9851,,0.98,0.94,35,35,,0.9851,1,1,25,0,1,60,10,42,44,,,0.9,0.9933,7,7,7,0,41.8,0.926,1,1,0,0,,35,35,,2000,0,1,0,0,,,0,,35,1,1
09/16/2024,13.12,EoSP,1.2,16,10470,145.4,,18.5,13.5,0.9,0.1,0,1,4,8,7,3.276,35,0.9851,35,0.9851,,0.98,0.94,35,35,,0.9851,1,1,25,0,1,60,10,42,44,,,0.9,0.9933,7,7,7,0,41.8,0.926,1,1,0,0,,35,35,,2000,0,1,0,0,,,0,,35,1,1
09/16/2024,15.54,FWE,2.7,0,15960,0,,28.2,0,1,0.3,0.1,1.4,4,8,7,3.276,35,0.9851,35,0.9851,,0.98,0.94,35,35,,0.9851,1,1,25,0,1,60,10,42,44,,,0.9,0.9933,7,7,7,0,41.8,0.926,1,1,0,0,,35,35,,2000,0,1,0,0,,,0,,35,1,1
09/17/2024,11.36,PORT,19.7,0,10,0,,0,0,0,2,0.8,2.8,4,8,7,3.276,35,0.9851,35,0.9851,,0.98,0.95,35,35,,0.9851,1,1,25,0,1,60,10,42,44,,,0.93,0.9933,7,7,7,0,41.8,0.926,1,1,0,0,,35,35,,2000,0,1,0,0,,,0,,35,0,1
09/17/2024,12,PORT,0.400000000000001,0,0,0,,0,0,0,0,0,0,4,8,7,3.276,35,0.9851,35,0.9851,,0.98,0.95,35,35,,0.9851,1,1,25,0,1,60,10,42,44,,,0.93,0.9933,7,7,7,0,41.8,0.926,1,1,0,0,,35,35,,2000,0,1,0,0,,,0,,35,0,1
09/17/2024,14.18,BoSP,2.3,0,18410,0,,32.6,0,1.3,0.2,0.1,1.6,4,8,7,3.276,35,0.9851,35,0.9851,,0.98,0.95,35,35,,0.9851,1,1,25,0,1,60,10,42,44,,,0.93,0.9933,7,7,7,0,41.8,0.926,1,1,0,0,,35,35,,2000,0,1,0,0,,,0,,35,0,1
09/18/2024,2.42,EoSP,12.4,143.5,107410,144.4,,190,24.5,8.1,1.2,0,9.3,4,8,7,3.276,35,0.9851,35,0.9851,,0.98,0.95,35,35,,0.9851,1,1,25,0,1,60,10,42,44,,,0.93,0.9933,7,7,7,0,41.8,0.926,1,1,0,0,,35,35,,2000,0,1,0,0,,,0,,35,1,1
09/18/2024,5.54,FWE,3.2,0,11530,0,,20.4,0,0.6,0.3,0,0.9,4,8,7,3.276,35,0.9851,35,0.9851,,0.98,0.95,35,35,,0.9851,1,1,25,0,1,60,10,42,44,,,0.93,0.9933,7,7,7,0,41.8,0.926,1,1,0,0,,35,35,,2000,0,1,0,0,,,0,,35,1,1
09/18/2024,12,PORT,6.1,0,0,0,,0,0,0,0.6,0.3,0.9,4,8,7,3.276,35,0.9851,35,0.9851,,0.98,0.95,35,35,,0.9851,1,1,25,0,1,60,10,42,44,,,0.93,0.9933,7,7,7,0,41.8,0.926,1,1,0,0,,35,35,,2000,0,1,0,0,,,0,,35,1,1
09/18/2024,19,PORT,7,0,0,0,,0,0,0,0.7,0.3,1,4,8,7,3.276,35,0.9851,35,0.9851,,0.98,0.95,35,35,,0.9851,1,1,25,0,1,60,10,42,44,,,0.93,0.9933,7,7,7,0,41.8,0.926,1,1,0,0,,35,35,,2000,0,1,0,0,,,0,,35,0,1
09/18/2024,20.18,BoSP,1.3,0,7840,0,,13.9,0,0.5,0.1,0,0.6,4,8,7,3.276,35,0.9851,35,0.9851,,0.98,0.95,35,35,,0.9851,1,1,25,0,1,60,10,42,44,,,0.93,0.9933,7,7,7,0,41.8,0.926,1,1,0,0,,35,35,,2000,0,1,0,0,,,0,,35,0,1
09/19/2024,7,EoSP,10.7,137.7,92750,144.5,,164.1,16.1,7,1,0,8,4,8,7,3.276,35,0.9851,35,0.9851,,0.98,0.95,35,35,,0.9851,1,1,25,0,1,60,10,42,44,,,0.93,0.9933,7,7,7,0,41.8,0.926,1,1,0,0,,35,35,,2000,0,1,0,0,,,0,,35,1,1
09/19/2024,10.12,FWE,3.2,0,16370,0,,29,0,0.9,0.3,0.1,1.3,4,8,7,3.276,35,0.9851,35,0.9851,,0.98,0.95,35,35,,0.9851,1,1,25,0,1,60,10,42,44,,,0.93,0.9933,7,7,7,0,41.8,0.926,1,1,0,0,,35,35,,2000,0,1,0,0,,,0,,35,1,1
09/19/2024,12,PORT,1.8,0,0,0,,0,0,0,0.2,0.1,0.3,4,8,7,3.276,35,0.9851,35,0.9851,,0.98,0.95,35,35,,0.9851,1,1,25,0,1,60,10,42,44,,,0.93,0.9933,7,7,7,0,41.8,0.926,1,1,0,0,,35,35,,2000,0,1,0,0,,,0,,35,1,1
09/19/2024,23,PORT,11,0,0,0,,0,0,0,1.1,0.5,1.6,4,8,7,3.276,35,0.9851,35,0.9851,,0.98,0.95,35,35,,0.9851,1,1,25,0,1,60,10,42,44,,,0.93,0.9933,7,7,7,0,41.8,0.926,1,1,0,0,,35,35,,2000,0,1,0,0,,,0,,35,0,1
09/20/2024,1.36,BoSP,2.6,0,16260,0,,28.8,0,1.1,0.3,0,1.4,4,8,7,3.276,35,0.9851,35,0.9851,,0.98,0.95,35,35,,0.9851,1,1,25,0,1,60,10,42,44,,,0.93,0.9933,7,7,7,0,41.8,0.926,1,1,0,0,,35,35,,2000,0,1,0,0,,,0,,35,0,1
09/20/2024,12,SEA,10.4,120.9,89950,144.2,,159.1,24,6.7,1,0,7.7,4,8,7,3.276,35,0.9851,35,0.9851,,0.98,0.95,35,35,,0.9851,1,1,25,0,1,60,10,42,44,,,0.93,0.9933,7,7,7,0,41.8,0.926,1,1,0,0,,35,35,,2000,0,1,0,0,,,0,,35,1,1
09/20/2024,13.54,EoSP,1.9,14.8,16630,145.9,,29.4,49.7,1.4,0.2,0,1.6,4,8,7,3.276,35,0.9851,35,0.9851,,0.98,0.95,35,35,,0.9851,1,1,25,0,1,60,10,42,44,,,0.93,0.9933,7,7,7,0,41.8,0.926,1,1,0,0,,35,35,,2000,0,1,0,0,,,0,,35,1,1
09/20/2024,15.42,FWE,1.8,0,9650,0,,17.1,0,0.6,0.2,0,0.8,4,8,7,3.276,35,0.9851,35,0.9851,,0.98,0.95,35,35,,0.9851,1,1,25,0,1,60,10,42,44,,,0.93,0.9933,7,7,7,0,41.8,0.926,1,1,0,0,,35,35,,2000,0,1,0,0,,,0,,35,1,1
09/21/2024,8.3,PORT,16.8,0,10,0,,0,0,0,1.7,0.9,2.6,4,8,7,3.276,35,0.9851,35,0.9851,,0.98,0.95,35,35,,0.9851,1,1,25,0,1,60,10,42,44,,,0.93,0.9933,7,7,7,0,41.8,0.926,1,1,0,0,,35,35,,2000,0,1,0,0,,,0,,35,0,1
09/21/2024,9.42,BoSP,1.2,0,6570,0,,11.6,0,0.4,0.1,0,0.5,4,8,7,3.276,35,0.9851,35,0.9851,,0.98,0.95,35,35,,0.9851,1,1,25,0,1,60,10,42,44,,,0.93,0.9933,7,7,7,0,41.8,0.926,1,1,0,0,,35,35,,2000,0,1,0,0,,,0,,35,0,1
09/21/2024,12,SEA,2.3,26.3,17660,128,,31.2,15.7,1.1,0.2,0,1.3,4,8,7,3.276,35,0.9851,35,0.9851,,0.98,0.95,35,35,,0.9851,1,1,25,0,1,60,10,42,44,,,0.93,0.9933,7,7,7,0,41.8,0.926,1,1,0,0,,35,35,,2000,0,1,0,0,,,0,,35,0,1
09/21/2024,21.3,EoSP,9.5,112,73230,128.5,,129.5,13.5,4.6,0.9,0,5.5,4,8,7,3.276,35,0.9851,35,0.9851,,0.98,0.95,35,35,,0.9851,1,1,25,0,1,60,10,42,44,,,0.93,0.9933,7,7,7,0,41.8,0.926,1,1,0,0,,35,35,,2000,0,1,0,0,,,0,,35,1,1
09/22/2024,0.18,FWE,2.8,0,16160,0,,28.6,0,0.9,0.3,0,1.2,4,8,7,3.276,35,0.9851,35,0.9851,,0.98,0.95,35,35,,0.9851,1,1,25,0,1,60,10,42,44,,,0.93,0.9933,7,7,7,0,41.8,0.926,1,1,0,0,,35,35,,2000,0,1,0,0,,,0,,35,1,1
09/22/2024,7.42,PORT,7.4,0,10,0,,0,0,0,0.8,0.3,1.1,4,8,7,3.276,35,0.9851,35,0.9851,,0.98,0.95,35,35,,0.9851,1,1,25,0,1,60,10,42,44,,,0.93,0.9933,7,7,7,0,41.8,0.926,1,1,0,0,,35,35,,2000,0,1,0,0,,,0,,35,0,1
09/22/2024,10,BoSP,2.3,0,15550,0,,27.5,0,1.1,0.3,0,1.4,4,8,7,3.276,35,0.9851,35,0.9851,,0.98,0.95,35,35,,0.9851,1,1,25,0,1,60,10,42,44,,,0.93,0.9933,7,7,7,0,41.8,0.926,1,1,0,0,,35,35,,2000,0,1,0,0,,,0,,35,0,1
09/22/2024,12,SEA,2,20.2,15310,127.6,,27.1,25.5,1,0.2,0,1.2,4,8,7,3.276,35,0.9851,35,0.9851,,0.98,0.95,35,35,,0.9851,1,1,25,0,1,60,10,42,44,,,0.93,0.9933,7,7,7,0,41.8,0.926,1,1,0,0,,35,35,,2000,0,1,0,0,,,0,,35,0,1
09/22/2024,23.3,EoSP,11.5,118,87920,127.4,,155.5,24.1,5.5,1.1,0,6.6,4,8,7,3.276,35,0.9851,35,0.9851,,0.98,0.95,35,35,,0.9851,1,1,25,0,1,60,10,42,44,,,0.93,0.9933,7,7,7,0,41.8,0.926,1,1,0,0,,35,35,,2000,0,1,0,0,,,0,,35,1,1
09/23/2024,7.3,FWE,8,0,15580,0,,27.6,0,0.8,0.7,0.3,1.8,4,8,7,3.276,35,0.9851,35,0.9851,,0.98,0.95,35,35,,0.9851,1,1,25,0.2,1,60,10,42,44,,,0.93,0.9933,7,7,7,0,41.8,0.926,1,1,0,0,,35,35,,2000,0,1,0,0,,,0,,35,1,1
09/23/2024,12,PORT,4.5,0,0,0,,0,0,0,0.5,0.3,0.8,4,8,7,3.276,35,0.9851,35,0.9851,,0.98,0.95,35,35,,0.9851,1,1,25,0,1,60,10,42,44,,,0.93,0.9933,7,7,7,0,41.8,0.926,1,1,0,0,,35,35,,2000,0,1,0,0,,,0,,35,1,1
09/24/2024,7.12,PORT,19.2,0,5,0,,0,0,0,1.9,0.8,2.7,4,8,7,3.276,35,0.9851,35,0.9851,,0.98,0.95,35,35,,0.9851,1,1,25,0,1,60,10,42,44,,,0.93,0.9933,7,7,7,0,41.8,0.926,1,1,0,0,,35,35,,2000,0,1,0,0,,,0,,35,0,1
09/24/2024,8.36,BoSP,1.4,0,7335,0,,13,0,0.3,0.2,0,0.5,4,8,7,3.276,35,0.9851,35,0.9851,,0.99,0.97,35,35,,0.9851,1,1,25,0,1,60,10,42,44,,,0.95,0.9933,7,7,7,0,41.8,0.926,1,1,0,0,,35,35,,2000,0,1,0,0,,,0,,35,0,1
09/24/2024,12,SEA,3.4,36.9,26110,128,,46.2,20.1,1.6,0.4,0,2,4,8,7,3.276,35,0.9851,35,0.9851,,0.99,0.97,35,35,,0.9851,1,1,25,0,1,60,10,42,44,,,0.95,0.9933,7,7,7,0,41.8,0.926,1,1,0,0,,35,35,,2000,0,1,0,0,,,0,,35,0,1
09/24/2024,22,EoSP,10,103.1,76320,127.2,,135,23.6,4.9,1,0,5.9,4,8,7,3.276,35,0.9851,35,0.9851,,0.99,0.97,35,35,,0.9851,1,1,25,0,1,60,10,42,44,,,0.95,0.9933,7,7,7,0,41.8,0.926,1,1,0,0,,35,35,,2000,0,1,0,0,,,0,,35,1,1
09/25/2024,1.54,FWE,3.9,0,17200,0,,30.4,0,1.1,0.3,0.1,1.5,4,8,7,3.276,35,0.9851,35,0.9851,,0.99,0.97,35,35,,0.9851,1,1,25,0.2,1,60,10,42,44,,,0.95,0.9933,7,7,7,0,41.8,0.926,1,1,0,0,,35,35,,2000,0,1,0,0,,,0,,35,1,1
09/25/2024,12,PORT,10.1,0,10,0,,0,0,0,1.1,0.4,1.5,4,8,7,3.276,35,0.9851,35,0.9851,,0.99,0.97,35,35,,0.9851,1,1,25,0,1,60,10,42,44,,,0.95,0.9933,7,7,7,0,41.8,0.926,1,1,0,0,,35,35,,2000,0,1,0,0,,,0,,35,0,1
09/25/2024,13.12,PORT,1.2,0,10,0,,0,0,0,0.1,0.1,0.2,4,8,7,3.276,35,0.9851,35,0.9851,,0.99,0.97,35,35,,0.9851,1,1,25,0,1,60,10,42,44,,,0.95,0.9933,7,7,7,0,41.8,0.926,1,1,0,0,,35,35,,2000,0,1,0,0,,,0,,35,0,1
09/25/2024,15.42,BoSP,2.5,0,16240,0,,28.7,0,1.1,0.2,0,1.3,4,8,7,3.276,35,0.9851,35,0.9851,,0.99,0.97,35,35,,0.9851,1,1,25,0.1,1,60,10,42,44,,,0.95,0.9933,7,7,7,0,41.8,0.926,1,1,0,0,,35,35,,2000,0,1,0,0,,,0,,35,0,1
09/26/2024,2.54,EoSP,11.2,118.3,85890,127.8,,151.9,22.1,5.5,1.1,0,6.6,4,8,7,3.276,35,0.9851,35,0.9851,,0.99,0.97,35,35,,0.9851,1,1,25,0,1,60,10,42,44,,,0.95,0.9933,7,7,7,0,41.8,0.926,1,1,0,0,,35,35,,2000,0,1,0,0,,,0,,35,1,1
09/26/2024,6.48,FWE,3.9,0,10200,0,,18,0,0.4,0.3,0.1,0.8,4,8,7,3.276,35,0.9851,35,0.9851,,0.99,0.97,35,35,,0.9851,1,1,25,0.1,1,60,10,42,44,,,0.95,0.9933,7,7,7,0,41.8,0.926,1,1,0,0,,35,35,,2000,0,1,0,0,,,0,,35,1,1
09/26/2024,12,PORT,5.2,0,30,0,,0.1,0,0,0.5,0.3,0.8,4,8,7,3.276,35,0.9851,35,0.9851,,0.99,0.97,35,35,,0.9851,1,1,25,0,1,60,10,42,44,,,0.95,0.9933,7,7,7,0,41.8,0.926,1,1,0,0,,35,35,,2000,0,1,0,0,,,0,,35,1,1
09/26/2024,20.48,PORT,8.8,0,30,0,,0.1,0,0,0.9,0.4,1.3,4,8,7,3.276,35,0.9851,35,0.9851,,0.99,0.97,35,35,,0.9851,1,1,25,0,1,60,10,42,44,,,0.95,0.9933,7,7,7,0,41.8,0.926,1,1,0,0,,35,35,,2000,0,1,0,0,,,0,,35,0,1
09/26/2024,22,BoSP,1.2,0,3400,0,,6,0,0.1,0.1,0,0.2,4,8,7,3.276,35,0.9851,35,0.9851,,0.99,0.97,35,35,,0.9851,1,1,25,0,1,60,10,42,44,,,0.95,0.9933,7,7,7,0,41.8,0.926,1,1,0,0,,35,35,,2000,0,1,0,0,,,0,,35,0,1
09/27/2024,10.18,EoSP,12.3,129.6,94420,127.9,,167,22.4,6,1.2,0,7.2,4,8,7,3.276,35,0.9851,35,0.9851,,0.99,0.97,35,35,,0.9851,1,1,25,0,1,60,10,42,44,,,0.95,0.9933,7,7,7,0,41.8,0.926,1,1,0,0,,35,35,,2000,0,1,0,0,,,0,,35,1,1
09/27/2024,12,WAY,1.7,0,12340,0,,21.8,0,0.8,0.2,0,1,4,8,7,3.276,35,0.9851,35,0.9851,,0.99,0.97,35,35,,0.9851,1,1,25,0,1,60,10,42,44,,,0.95,0.9933,7,7,7,0,41.8,0.926,1,1,0,0,,35,35,,2000,0,1,0,0,,,0,,35,1,1
09/27/2024,13.18,FWE,1.3,0,4760,0,,8.4,0,0.2,0.2,0.1,0.5,4,8,7,3.276,35,0.9851,35,0.9851,,0.99,0.97,35,35,,0.9851,1,1,25,0,1,60,10,42,44,,,0.95,0.9933,7,7,7,0,41.8,0.926,1,1,0,0,,35,35,,2000,0,1,0,0,,,0,,35,1,1
09/28/2024,2.48,PORT,13.5,0,20,0,,0,0,0,1.4,0.6,2,4,8,7,3.276,35,0.9851,35,0.9851,,1,1,35,35,,0.9851,1,1,25,0.1,1,60,10,42,44,,,1,0.9933,7,7,7,0,41.8,0.926,1,1,0,0,,35,35,,2000,0,1,0,0,,,0,,35,0,1
09/28/2024,5.12,BoSP,2.4,0,15820,0,,28,0,1.1,0.2,0,1.3,4,8,7,3.276,35,0.9851,35,0.9851,,1,1,35,35,,0.9851,1,1,25,0.1,1,60,10,42,44,,,1,0.9933,7,7,7,0,41.8,0.926,1,1,0,0,,35,35,,2000,0,1,0,0,,,0,,35,0,1
09/28/2024,12,SEA,6.8,69.8,52070,127.6,,92.1,24.2,3.3,0.7,0,4,4,8,7,3.276,35,0.9851,35,0.9851,,1,1,35,35,,0.9851,1,1,25,0,1,60,10,42,44,,,1,0.9933,7,7,7,0,41.8,0.926,1,1,0,0,,35,35,,2000,0,1,0,0,,,0,,35,1,1
09/28/2024,16.42,EoSP,4.7,47.7,35470,125.8,,62.7,23.9,2.2,0.5,0,2.7,4,8,7,3.276,35,0.9851,35,0.9851,,1,1,35,35,,0.9851,1,1,25,0,1,60,10,42,44,,,1,0.9933,7,7,7,0,41.8,0.926,1,1,0,0,,35,35,,2000,0,1,0,0,,,0,,35,1,1
09/28/2024,18.48,FWE,2.1,0,11860,0,,21,0,0.8,0.1,0,0.9,4,8,7,3.276,35,0.9851,35,0.9851,,1,1,35,35,,0.9851,1,1,25,0.1,1,60,10,42,44,,,1,0.9933,7,7,7,0,41.8,0.926,1,1,0,0,,35,35,,2000,0,1,0,0,,,0,,35,1,1
09/29/2024,7.3,PORT,12.7,0,0,0,,0,0,0,1.4,0.6,2,4,8,7,3.276,35,0.9851,35,0.9851,,1,1,35,35,,0.9851,1,1,25,0,1,60,10,42,44,,,1,0.9933,7,7,7,0,41.8,0.926,1,1,0,0,,35,35,,2000,0,1,0,0,,,0,,35,1,1
09/29/2024,8.54,BoSP,1.4,0,5360,0,,9.5,0,0.5,0.1,0,0.6,4,8,7,3.276,35,0.9851,35,0.9851,,1,1,35,35,,0.9851,1,1,25,0.2,1,60,10,42,44,,,1,0.9933,7,7,7,0,41.8,0.926,1,1,0,0,,35,35,,2000,0,1,0,0,,,0,,35,1,1
09/29/2024,12,SEA,3.1,34.9,23820,128.1,,42.1,17.1,1.5,0.4,0,1.9,4,8,7,3.276,35,0.9851,35,0.9851,,1.05,1.05,35,35,,0.9851,1,1,25,0,1,60,10,42,44,,,1.02,0.9933,7,7,7,0,41.8,0.926,1,1,0,0,,35,35,,2000,0,1,0,0,,,0,,35,1,1
09/29/2024,20,EoSP,8,91.8,61440,128,,108.7,15.5,4.1,0.9,0,5,4,8,7,3.276,35,0.9851,35,0.9851,,1.05,1.05,35,35,,0.9851,1,1,25,0,1,60,10,42,44,,,1.02,0.9933,7,7,7,0,41.8,0.926,1,1,0,0,,35,35,,2000,0,1,0,0,,,0,,35,0,1
09/29/2024,22.54,FWE,2.9,0,17340,0,,30.7,0,1.2,0.2,0,1.4,4,8,7,3.276,35,0.9851,35,0.9851,,1.05,1.05,35,35,,0.9851,1,1,25,0.2,1,60,10,42,44,,,1.02,0.9933,7,7,7,0,41.8,0.926,1,1,0,0,,35,35,,2000,0,1,0,0,,,0,,35,1,1
09/30/2024,12,PORT,13.1,0,0,0,,0,0,0,1.5,1,2.5,4,8,7,3.276,35,0.9851,35,0.9851,,1.05,1.05,35,35,,0.9851,1,1,25,0,1,60,10,42,44,,,1.02,0.9933,7,7,7,0,41.8,0.926,1,1,0,0,,35,35,,2000,0,1,0,0,,,0,,35,0,1
09/30/2024,14,PORT,2,0,0,0,,0,0,0,,,,4,8,7,3.276,35,0.9851,35,0.9851,,1.05,1.05,35,35,,0.9851,1,1,25,0,1,60,10,42,44,,,1.02,0.9933,7,7,7,0,41.8,0.926,1,1,0,0,,35,35,,2000,0,1,0,0,,,0,,35,1,1
09/30/2024,16.18,BoSP,2.3,0,15860,0,,28.1,0,1.5,0.2,0,1.7,4,8,7,3.276,35,0.9851,35,0.9851,,1.05,1.05,35,35,,0.9851,1,1,25,0.1,1,60,10,42,44,,,1.02,0.9933,7,7,7,0,41.8,0.926,1,1,0,0,,35,35,,2000,0,1,0,0,,,0,,35,0,1
10/01/2024,4.36,EoSP,12.3,121.7,93820,127.1,,166,26.7,6.3,1.3,0,7.6,4,8,7,3.276,35,0.9851,35,0.9851,,1.05,1.05,35,35,,0.9851,1,1,25,0,1,60,10,42,44,,,1.02,0.9933,7,7,7,0,41.8,0.926,1,1,0,0,,35,35,,2000,0,1,0,0,,,0,,35,1,1
10/01/2024,6.36,FWE,2,0,11710,0,,20.7,0,0.7,0.2,0,0.9,4,8,7,3.276,35,0.9851,35,0.9851,,1.05,1.05,35,35,,0.9851,1,1,25,0,1,60,10,42,44,,,1.02,0.9933,7,7,7,0,41.8,0.926,1,1,0,0,,35,35,,2000,0,1,0,0,,,0,,35,0,1
10/01/2024,12,PORT,5.4,0,0,0,,0,0,0,0.5,0.3,0.8,4,8,7,3.276,35,0.9851,35,0.9851,,1.03,1.03,35,35,,0.9851,1,1,25,0,1,60,10,42,44,,,1.02,0.9933,7,7,7,0,41.8,0.926,1,1,0,0,,35,35,,2000,0,1,0,0,,,0,,35,1,1
10/01/2024,19.3,PORT,7.5,0,0,0,,0,0,0,0.8,0.4,1.2,4,8,7,3.276,35,0.9851,35,0.9851,,1.03,1.03,35,35,,0.9851,1,1,25,0,1,60,10,42,44,,,1.02,0.9933,7,7,7,0,41.8,0.926,1,1,0,0,,35,35,,2000,0,1,0,0,,,0,,35,0,1
10/01/2024,21.12,BoSP,1.7,0,6840,0,,12.1,0,0.3,0.1,0,0.4,4,8,7,3.276,35,0.9851,35,0.9851,,1.03,1.03,35,35,,0.9851,1,1,25,0.2,1,60,10,42,44,,,1.02,0.9933,7,7,7,0,41.8,0.926,1,1,0,0,,35,35,,2000,0,1,0,0,,,0,,35,1,1
10/02/2024,8.12,EoSP,11,126.1,84450,128,,149.4,15.6,5.7,1.2,0,6.9,4,8,7,3.276,35,0.9851,35,0.9851,,1.03,1.03,35,35,,0.9851,1,1,25,0,1,60,10,42,44,,,1.02,0.9933,7,7,7,0,41.8,0.926,1,1,0,0,,35,35,,2000,0,1,0,0,,,0,,35,0,1
10/02/2024,11.06,FWE,2.9,0,16970,0,,30,0,1.2,0.3,0,1.5,4,8,7,3.276,35,0.9851,35,0.9851,,1.03,1.03,35,35,,0.9851,1,1,25,0.1,1,60,10,42,44,,,1.02,0.9933,7,7,7,0,41.8,0.926,1,1,0,0,,35,35,,2000,0,1,0,0,,,0,,35,1,1
10/02/2024,12,PORT,0.899999999999999,0,0,0,,0,0,0,0.1,0.1,0.2,4,8,7,3.276,35,0.9851,35,0.9851,,1.03,1.03,35,35,,0.9851,1,1,25,0,1,60,10,42,44,,,1.02,0.9933,7,7,7,0,41.8,0.926,1,1,0,0,,35,35,,2000,0,1,0,0,,,0,,35,0,1
10/03/2024,4.48,PORT,16.8,0,0,0,,0,0,0,1.8,0.8,2.6,4,8,7,3.276,35,0.9851,35,0.9851,,1.03,1.03,35,35,,0.9851,1,1,25,0,1,60,10,42,44,,,1.02,0.9933,7,7,7,0,41.8,0.926,1,1,0,0,,35,35,,2000,0,1,0,0,,,0,,35,1,1
10/03/2024,7.18,BoSP,2.5,0,17820,0,,31.5,0,1.3,0.3,0,1.6,4,8,7,3.276,35,0.9851,35,0.9851,,1.03,1.03,35,35,,0.9851,1,1,25,0.1,1,60,10,42,44,,,1.02,0.9933,7,7,7,0,41.8,0.926,1,1,0,0,,35,35,,2000,0,1,0,0,,,0,,35,0,1
10/03/2024,12,SEA,4.7,49.7,35780,126.9,,63.3,21.5,2.3,0.5,0,2.8,4,8,7,3.276,35,0.9851,35,0.9851,,1.03,1.03,35,35,,0.9851,1,1,25,0,1,60,10,42,44,,,1.02,0.9933,7,7,7,0,41.8,0.926,1,1,0,0,,35,35,,2000,0,1,0,0,,,0,,35,1,1
10/03/2024,19.12,EoSP,7.2,74,55110,127.6,,97.5,24.1,3.5,0.8,0,4.3,4,8,7,3.276,35,0.9851,35,0.9851,,1.03,1.03,35,35,,0.9851,1,1,25,0,1,60,10,42,44,,,1.02,0.9933,7,7,7,0,41.8,0.926,1,1,0,0,,35,35,,2000,0,1,0,0,,,0,,35,0,1
10/03/2024,21.3,FWE,2.3,0,11300,0,,20,0,0.7,0.2,0,0.9,4,8,7,3.276,35,0.9851,35,0.9851,,1.03,1.03,35,35,,0.9851,1,1,25,0,1,60,10,42,44,,,1.02,0.9933,7,7,7,0,41.8,0.926,1,1,0,0,,35,35,,2000,0,1,0,0,,,0,,35,1,1
10/04/2024,12,PORT,14.5,0,0,0,,0,0,0,1.6,0.7,2.3,4,8,7,3.276,35,0.9851,35,0.9851,,1.03,1.03,35,35,,0.9851,1,1,25,0,1,60,10,42,44,,,1.02,0.9933,7,7,7,0,41.8,0.926,1,1,0,0,,35,35,,2000,0,1,0,0,,,0,,35,0,1
10/04/2024,14.3,PORT,2.5,0,0,0,,0,0,0,0.3,0.1,0.4,4,8,7,3.276,35,0.9851,35,0.9851,,1.03,1.03,35,35,,0.9851,1,1,25,0,1,60,10,42,44,,,1.02,0.9933,7,7,7,0,41.8,0.926,1,1,0,0,,35,35,,2000,0,1,0,0,,,0,,35,1,1
10/04/2024,15.42,BoSP,1.2,0,5220,0,,9.2,0,0.4,0.1,0,0.5,4,8,7,3.276,35,0.9851,35,0.9851,,1.03,1.03,35,35,,0.9851,1,1,25,0,1,60,10,42,44,,,1.02,0.9933,7,7,7,0,41.8,0.926,1,1,0,0,,35,35,,2000,0,1,0,0,,,0,,35,0,1
10/05/2024,4.24,EoSP,12.7,128.3,97420,127.8,,172.3,25.5,6.7,1.3,0,8,4,8,7,3.276,35,0.9851,35,0.9851,,1.03,1.03,35,35,,0.9851,1,1,25,0,1,60,10,42,44,,,1.02,0.9933,7,7,7,0,41.8,0.926,1,1,0,0,,35,35,,2000,0,1,0,0,,,0,,35,1,1
10/05/2024,7.18,FWE,2.9,0,16230,0,,28.7,0,1,0.3,0,1.3,4,8,7,3.276,35,0.9851,35,0.9851,,1.03,1.03,35,35,,0.9851,1,1,25,0,1,60,10,42,44,,,1.02,0.9933,7,7,7,0,41.8,0.926,1,1,0,0,,35,35,,2000,0,1,0,0,,,0,,35,0,1
10/05/2024,12,PORT,4.7,0,0,0,,0,0,0,0.5,0.3,0.8,4,8,7,3.276,35,0.9851,35,0.9851,,1.03,1.03,35,35,,0.9851,1,1,25,0,1,60,10,42,44,,,1.02,0.9933,7,7,7,0,41.8,0.926,1,1,0,0,,35,35,,2000,0,1,0,0,,,0,,35,1,1
10/05/2024,22.3,PORT,10.5,0,0,0,,0,0,0,1.1,0.5,1.6,4,8,7,3.276,35,0.9851,35,0.9851,,1.03,1.03,35,35,,0.9851,1,1,25,0,1,60,10,42,44,,,1.02,0.9933,7,7,7,0,41.8,0.926,1,1,0,0,,35,35,,2000,0,1,0,0,,,0,,35,0,1
10/06/2024,0.48,BoSP,2.3,0,15870,0,,28.1,0,1.1,0.2,0,1.3,4,8,7,3.276,35,0.9851,35,0.9851,,1.03,1.03,35,35,,0.9851,1,1,25,0,1,60,10,42,44,,,1.02,0.9933,7,7,7,0,41.8,0.926,1,1,0,0,,35,35,,2000,0,1,0,0,,,0,,35,1,1
10/06/2024,12,SEA,11.2,113.6,85080,126.6,,150.5,24.5,5.5,1.2,0,6.7,4,8,7,3.276,35,0.9851,35,0.9851,,1.03,1.03,35,35,,0.9851,1,1,25,0,1,60,10,42,44,,,1.02,0.9933,7,7,7,0,41.8,0.926,1,1,0,0,,35,35,,2000,0,1,0,0,,,0,,35,0,1
10/06/2024,12.48,EoSP,0.800000000000001,7.8,6220,129.6,,11,29.1,0.5,0.1,0,0.6,4,8,7,3.276,35,0.9851,35,0.9851,,1.03,1.03,35,35,,0.9851,1,1,25,0,1,60,10,42,44,,,1.02,0.9933,7,7,7,0,41.8,0.926,1,1,0,0,,35,35,,2000,0,1,0,0,,,0,,35,0,1
10/06/2024,15,FWE,2.2,0,10740,0,,19,0,0.5,0.2,0,0.7,4,8,7,3.276,35,0.9851,35,0.9851,,1.03,1.03,35,35,,0.9851,1,1,25,0.1,1,60,10,42,44,,,1.02,0.9933,7,7,7,0,41.8,0.926,1,1,0,0,,35,35,,2000,0,1,0,0,,,0,,35,0,1
10/07/2024,6.12,PORT,15.2,0,0,0,,0,0,0,1.6,0.8,2.4,4,8,7,3.276,35,0.9851,35,0.9851,,1.03,1.03,35,35,,0.9851,1,1,25,0,1,60,10,42,44,,,1.02,0.9933,7,7,7,0,41.8,0.926,1,1,0,0,,35,35,,2000,0,1,0,0,,,0,,35,0,1
10/07/2024,7.18,BoSP,1.1,0,4600,0,,8.1,0,0.4,0.1,0,0.5,4,8,7,3.276,35,0.9851,35,0.9851,,1.03,1.03,35,35,,0.9851,1,1,25,0.2,1,60,10,42,44,,,1.02,0.9933,7,7,7,0,41.8,0.926,1,1,0,0,,35,35,,2000,0,1,0,0,,,0,,35,0,1
10/07/2024,12,SEA,4.7,54.1,36230,128.5,,64.1,15.6,2.3,0.5,0,2.8,4,8,7,3.276,35,0.9851,35,0.9851,,1.03,1.03,35,35,,0.9851,1,1,25,0,1,60,10,42,44,,,1.02,0.9933,7,7,7,0,41.8,0.926,1,1,0,0,,35,35,,2000,0,1,0,0,,,0,,35,0,1
10/07/2024,18.24,EoSP,6.4,74.2,49120,127.9,,86.9,14.6,3.5,0.7,0,4.2,4,8,7,3.276,35,0.9851,35,0.9851,,1.03,1.03,35,35,,0.9851,1,1,25,0,1,60,10,42,44,,,1.02,0.9933,7,7,7,0,41.8,0.926,1,1,0,0,,35,35,,2000,0,1,0,0,,,0,,35,0,1
10/07/2024,21.18,FWE,2.9,0,16640,0,,29.4,0,1.1,0.2,0,1.3,4,8,7,3.276,35,0.9851,35,0.9851,,1.03,1.03,35,35,,0.9851,1,1,25,0.1,1,60,10,42,44,,,1.02,0.9933,7,7,7,0,41.8,0.926,1,1,0,0,,35,35,,2000,0,1,0,0,,,0,,35,0,1
10/08/2024,12,PORT,14.7,0,0,0,,0,0,0,1.6,0.7,2.3,4,8,7,3.276,35,0.9851,35,0.9851,,1.03,1.03,35,35,,0.9851,1,1,25,0,1,60,10,42,44,,,1.02,0.9933,7,7,7,0,41.8,0.926,1,1,0,0,,35,35,,2000,0,1,0,0,,,0,,35,0,1
10/08/2024,14.3,PORT,2.5,0,0,0,,0,0,0,0.3,0.1,0.4,4,8,7,3.276,35,0.9851,35,0.9851,,1.03,1.03,35,35,,0.9851,1,1,25,0,1,60,10,42,44,,,1.02,0.9933,7,7,7,0,41.8,0.926,1,1,0,0,,35,35,,2000,0,1,0,0,,,0,,35,0,1
10/08/2024,16.54,BoSP,2.4,0,16020,0,,28.3,0,1.1,0.2,0,1.3,4,8,7,3.276,35,0.9851,35,0.9851,,1.03,1.03,35,35,,0.9851,1,1,25,0.1,1,60,10,42,44,,,1.02,0.9933,7,7,7,0,41.8,0.926,1,1,0,0,,35,35,,2000,0,1,0,0,,,0,,35,0,1
10/09/2024,4.3,EoSP,11.6,121,89230,128.2,,157.8,23.3,6,1.3,0,7.3,4,8,7,3.276,35,0.9851,35,0.9851,,1.03,1.03,35,35,,0.9851,1,1,25,0,1,60,10,42,44,,,1.02,0.9933,7,7,7,0,41.8,0.926,1,1,0,0,,35,35,,2000,0,1,0,0,,,0,,35,0,1
10/09/2024,9.24,FWE,4.9,0,13480,0,,23.8,0,0.8,0.5,0,1.3,4,8,7,3.276,35,0.9851,35,0.9851,,1.03,1.03,35,35,,0.9851,1,1,25,0,1,60,10,42,44,,,1.02,0.9933,7,7,7,0,41.8,0.926,1,1,0,0,,35,35,,2000,0,1,0,0,,,0,,35,0,1
10/09/2024,12,PORT,2.6,0,0,0,,0,0,0,0.3,0.3,0.6,4,8,7,3.276,35,0.9851,35,0.9851,,1.03,1.03,35,35,,0.9851,1,1,25,0,1,60,10,42,44,,,1.02,0.9933,7,7,7,0,41.8,0.926,1,1,0,0,,35,35,,2000,0,1,0,0,,,0,,35,0,1
10/09/2024,22.12,PORT,10.2,0,0,0,,0,0,0,1,0.5,1.5,4,8,7,3.276,35,0.9851,35,0.9851,,1.03,1.03,35,35,,0.9851,1,1,25,0,1,60,10,42,44,,,1.02,0.9933,7,7,7,0,41.8,0.926,1,1,0,0,,35,35,,2000,0,1,0,0,,,0,,35,0,1
10/10/2024,0.06,BoSP,1.9,0,10760,0,,19,0,1,0.3,0,1.3,4,8,7,3.276,35,0.9851,35,0.9851,,1.03,1.03,35,35,,0.9851,1,1,25,0.1,1,60,10,42,44,,,1.02,0.9933,7,7,7,0,41.8,0.926,1,1,0,0,,35,35,,2000,0,1,0,0,,,0,,35,0,1
10/10/2024,10.3,EoSP,10.4,119.5,79370,127.2,,140.4,14.9,5.1,1.1,0,6.2,4,8,7,3.276,35,0.9851,35,0.9851,,1.03,1.03,35,35,,0.9851,1,1,25,0,1,60,10,42,44,,,1.02,0.9933,7,7,7,0,41.8,0.926,1,1,0,0,,35,35,,2000,0,1,0,0,,,0,,35,0,1
10/10/2024,12,WAY,1.5,0,10580,0,,18.7,0,0.7,0.1,0,0.8,4,8,7,3.276,35,0.9851,35,0.9851,,1.03,1.03,35,35,,0.9851,1,1,25,0,1,60,10,42,44,,,1.02,0.9933,7,7,7,0,41.8,0.926,1,1,0,0,,35,35,,2000,0,1,0,0,,,0,,35,0,1
10/10/2024,13.3,FWE,1.5,0,5810,0,,10.3,0,0.3,0.1,0,0.4,4,8,7,3.276,35,0.9851,35,0.9851,,1.03,1.03,35,35,,0.9851,1,1,25,0.1,1,60,10,42,44,,,1.02,0.9933,7,7,7,0,41.8,0.926,1,1,0,0,,35,35,,2000,0,1,0,0,,,0,,35,0,1
10/11/2024,4.36,PORT,15.1,0,0,0,,0,0,0,1.6,1,2.6,4,8,7,3.276,35,0.9851,35,0.9851,,1.03,1.03,35,35,,0.9851,1,1,25,0,1,60,10,42,44,,,1.02,0.9933,7,7,7,0,41.8,0.926,1,1,0,0,,35,35,,2000,0,1,0,0,,,0,,35,0,1
10/11/2024,7.06,BoSP,2.5,0,17300,0,,30.6,0,1.4,0.2,0.1,1.7,4,8,7,3.276,35,0.9851,35,0.9851,,1.03,1.03,35,35,,0.9851,1,1,25,0.1,1,60,10,42,44,,,1.02,0.9933,7,7,7,0,41.8,0.926,1,1,0,0,,35,35,,2000,0,1,0,0,,,0,,35,0,1
10/11/2024,12,SEA,4.9,54.2,43470,147.9,,76.9,29.5,4.4,0.5,0,4.9,4,8,7,3.276,35,0.9851,35,0.9851,,1.03,1.03,35,35,,0.9851,1,1,25,0,1,60,10,42,44,,,1.02,0.9933,7,7,7,0,41.8,0.926,1,1,0,0,,35,35,,2000,0,1,0,0,,,0,,35,0,1
10/11/2024,18.12,EoSP,6.2,64.5,48760,131.1,,86.3,25.3,3.3,0.7,0,4,4,8,7,3.276,35,0.9851,35,0.9851,,1.03,1.03,35,35,,0.9851,1,1,25,0,1,60,10,42,44,,,1.02,0.9933,7,7,7,0,41.8,0.926,1,1,0,0,,35,35,,2000,0,1,0,0,,,0,,35,0,1
10/11/2024,21.48,FWE,3.6,0,10540,0,,18.6,0,0.6,0.3,0.2,1.1,4,8,7,3.276,35,0.9851,35,0.9851,,1.03,1.03,35,35,,0.9851,1,1,25,0.1,1,60,10,42,44,,,1.02,0.9933,7,7,7,0,41.8,0.926,1,1,0,0,,35,35,,2000,0,1,0,0,,,0,,35,0,1
10/12/2024,11.36,PORT,13.8,0,0,0,,0,0,0,1.5,0.9,2.4,4,8,7,3.276,35,0.9851,35,0.9851,,1.03,1.03,35,35,,0.9851,1,1,25,0,1,60,10,42,44,,,1.02,0.9933,7,7,7,0,41.8,0.926,1,1,0,0,,35,35,,2000,0,1,0,0,,,0,,35,0,1
10/12/2024,12,WAY,0.400000000000001,0,770,0,,1.4,0,0.1,0,0,0.1,4,8,7,3.276,35,0.9851,35,0.9851,,1.03,1.03,35,35,,0.9851,1,1,25,0,1,60,10,42,44,,,1.02,0.9933,7,7,7,0,41.8,0.926,1,1,0,0,,35,35,,2000,0,1,0,0,,,0,,35,0,1
10/12/2024,13.36,FWE,1.6,0,9470,0,,16.8,0,0.6,0.2,0,0.8,4,8,7,3.276,35,0.9851,35,0.9851,,1.03,1.03,35,35,,0.9851,1,1,25,0,1,60,10,42,44,,,1.02,0.9933,7,7,7,0,41.8,0.926,1,1,0,0,,35,35,,2000,0,1,0,0,,,0,,35,0,1
10/12/2024,20.3,ANCH,6.9,0,0,0,,0,0,0,0.8,0.3,1.1,4,8,7,3.276,35,0.9851,35,0.9851,,1.03,1.03,35,35,,0.9851,1,1,25,0,1,60,10,42,44,,,1.02,0.9933,7,7,7,0,41.8,0.926,1,1,0,0,,35,35,,2000,0,1,0,0,,,0,,35,0,1
10/12/2024,21.06,BoSP,0.599999999999997,0,2340,0,,4.1,0,0.1,0.1,0,0.2,4,8,7,3.276,35,0.9851,35,0.9851,,1.03,1.03,35,35,,0.9851,1,1,25,0,1,60,10,42,44,,,1.02,0.9933,7,7,7,0,41.8,0.926,1,1,0,0,,35,35,,2000,0,1,0,0,,,0,,35,0,1
10/13/2024,7.3,EoSP,10.4,121.3,82710,132.5,,146.3,17.1,6,1.1,0,7.1,4,8,7,3.276,35,0.9851,35,0.9851,,1.03,1.03,35,35,,0.9851,1,1,25,0,1,60,10,42,44,,,1.02,0.9933,7,7,7,0,41.8,0.926,1,1,0,0,,35,35,,2000,0,1,0,0,,,0,,35,0,1
10/13/2024,11.06,FWE,3.6,0,17250,0,,30.5,0,1,0.3,0,1.3,4,8,7,3.276,35,0.9851,35,0.9851,,1.03,1.03,35,35,,0.9851,1,1,25,0,1,60,10,42,44,,,1.02,0.9933,7,7,7,0,41.8,0.926,1,1,0,0,,35,35,,2000,0,1,0,0,,,0,,35,0,1
10/13/2024,12,PORT,0.899999999999999,0,0,0,,0,0,0,0.1,0.1,0.2,4,8,7,3.276,35,0.9851,35,0.9851,,1.03,1.03,35,35,,0.9851,1,1,25,0,1,60,10,42,44,,,1.02,0.9933,7,7,7,0,41.8,0.926,1,1,0,0,,35,35,,2000,0,1,0,0,,,0,,35,0,1
10/14/2024,2.24,PORT,14.4,0,0,0,,0,0,0,1.6,0.9,2.5,4,8,7,3.276,35,0.9851,35,0.9851,,1.03,1.03,35,35,,0.9851,1,1,25,0,1,60,10,42,44,,,1.02,0.9933,7,7,7,0,41.8,0.926,1,1,0,0,,35,35,,2000,0,1,0,0,,,0,,35,0,1
10/14/2024,5.06,BoSP,2.7,0,20030,0,,35.4,0,1.5,0.2,0,1.7,4,8,7,3.276,35,0.9851,35,0.9851,,1.03,1.03,35,35,,0.9851,1,1,25,0.1,1,60,10,42,44,,,1.02,0.9933,7,7,7,0,41.8,0.926,1,1,0,0,,35,35,,2000,0,1,0,0,,,0,,35,0,1
10/14/2024,12,SEA,6.9,72.8,53820,130,,95.2,23.5,3.8,0.7,0,4.5,4,8,7,3.276,35,0.9851,35,0.9851,,1.03,1.03,35,35,,0.9851,1,1,25,0,1,60,10,42,44,,,1.02,0.9933,7,7,7,0,41.8,0.926,1,1,0,0,,35,35,,2000,0,1,0,0,,,0,,35,0,1
10/14/2024,16.3,EoSP,4.5,45.7,35440,131.3,,62.7,27.1,2.4,0.5,0,2.9,4,8,7,3.276,35,0.9851,35,0.9851,,1.03,1.03,35,35,,0.9851,1,1,25,0,1,60,10,42,44,,,1.02,0.9933,7,7,7,0,41.8,0.926,1,1,0,0,,35,35,,2000,0,1,0,0,,,0,,35,0,1
10/14/2024,18.3,FWE,2,0,9530,0,,16.9,0,0.9,0.1,0.1,1.1,4,8,7,3.276,35,0.9851,35,0.9851,,1.05,1.03,35,35,,0.9851,1,1,25,0.2,1,60,10,42,44,,,1.05,0.9933,7,7,7,0,41.8,0.926,1,1,0,0,,35,35,,2000,0,1,0,0,,,0,,35,0,1
10/15/2024,9.54,PORT,15.4,0,0,0,,0,0,0,1.6,1.1,2.7,4,8,7,3.276,35,0.9851,35,0.9851,,1.05,1.03,35,35,,0.9851,1,1,25,0,1,60,10,42,44,,,1.05,0.9933,7,7,7,0,41.8,0.926,1,1,0,0,,35,35,,2000,0,1,0,0,,,0,,35,0,1
10/15/2024,12,WAY,2.1,0,10760,0,,19,0,0.7,0.2,0.1,1,4,8,7,3.276,35,0.9851,35,0.9851,,1.05,1.03,35,35,,0.9851,1,1,25,0,1,60,10,42,44,,,1.05,0.9933,7,7,7,0,41.8,0.926,1,1,0,0,,35,35,,2000,0,1,0,0,,,0,,35,0,1
10/15/2024,12.06,BoSP,0.100000000000001,0,860,0,,1.5,0,0,0,0,0,4,8,7,3.276,35,0.9851,35,,,1.05,1.03,35,35,,0.9851,1,1,25,0,1,60,10,42,44,,,1.05,0.9933,7,7,7,0,41.8,0.926,1,1,0,0,,35,35,,2000,0,1,0,0,,,0,,35,0,1
10/15/2024,22.18,EoSP,10.2,116.9,77690,126.9,,137.4,14.9,5.8,1.1,0,6.9,4,8,7,3.276,35,0.9851,35,0.9851,,1.05,1.03,35,35,,0.9851,1,1,25,0,1,60,10,42,44,,,1.05,0.9933,7,7,7,0,41.8,0.926,1,1,0,0,,35,35,,2000,0,1,0,0,,,0,,35,0,1
10/16/2024,3.18,FWE,5,0,21100,0,,37.3,0,1.6,0.5,0.2,2.3,4,8,7,3.276,35,0.9851,35,0.9851,,1.05,1.03,35,35,,0.9851,1,1,25,0.1,1,60,10,42,44,,,1.05,0.9933,7,7,7,0,41.8,0.926,1,1,0,0,,35,35,,2000,0,1,0,0,,,0,,35,0,1
10/16/2024,12,PORT,8.7,0,0,0,,0,0,0,0.9,0.7,1.6,4,8,7,3.276,35,0.9851,35,0.9851,,1.05,1.03,35,35,,0.9851,1,1,25,0,1,60,10,42,44,,,1.05,0.9933,7,7,7,0,41.8,0.926,1,1,0,0,,35,35,,2000,0,1,0,0,,,0,,35,0,1
10/17/2024,7,PORT,19,0,0,0,,0,0,0,2.1,1.2,3.3,4,8,7,3.276,35,0.9851,35,0.9851,,1.05,1.03,35,35,,0.9851,1,1,25,0,1,60,10,42,44,,,1.05,0.9933,7,7,7,0,41.8,0.926,1,1,0,0,,35,35,,2000,0,1,0,0,,,0,,35,0,1
10/17/2024,10.12,BoSP,3.2,0,19610,0,,34.7,0,1.5,0.4,0,1.9,4,8,7,3.276,35,0.9851,35,0.9851,,1.05,1.03,35,35,,0.9851,1,1,25,0.1,1,60,10,42,44,,,1.05,0.9933,7,7,7,0,41.8,0.926,1,1,0,0,,35,35,,2000,0,1,0,0,,,0,,35,0,1
10/17/2024,12,SEA,1.8,18.2,13450,124.5,,23.8,23.5,0.9,0.2,0,1.1,4,8,7,3.276,35,0.9851,35,0.9851,,1.05,1.03,35,35,,0.9851,1,1,25,0,1,60,10,42,44,,,1.05,0.9933,7,7,7,0,41.8,0.926,1,1,0,0,,35,35,,2000,0,1,0,0,,,0,,35,0,1
10/17/2024,21.3,EoSP,9.5,97.5,72320,126.9,,127.9,23.8,5.4,1,0,6.4,4,8,7,3.276,35,0.9851,35,0.9851,,1.05,1.03,35,35,,0.9851,1,1,25,0,1,60,10,42,44,,,1.05,0.9933,7,7,7,0,41.8,0.926,1,1,0,0,,35,35,,2000,0,1,0,0,,,0,,35,0,1
10/17/2024,22,FWE,0.499999999999999,0,1950,0,,3.4,0,0.2,0,0,0.2,4,8,7,3.276,35,0.9851,35,0.9851,,1.05,1.03,35,35,,0.9851,1,1,25,0,1,60,10,42,44,,,1.05,0.9933,7,7,7,0,41.8,0.926,1,1,0,0,,35,35,,2000,0,1,0,0,,,0,,35,0,1
10/18/2024,4.24,ANCH,6.4,0,0,0,,0,0,0,0.7,0.5,1.2,4,8,7,3.276,35,0.9851,35,0.9851,,1.05,1.03,35,35,,0.9851,1,1,25,0,1,60,10,42,44,,,1.05,0.9933,7,7,7,0,41.8,0.926,1,1,0,0,,35,35,,2000,0,1,0,0,,,0,,35,0,1
10/18/2024,7,FWE,2.6,0,11080,0,,19.6,0,0.6,0.2,0,0.8,4,8,7,3.276,35,0.9851,35,0.9851,,1.05,1.03,35,35,,0.9851,1,1,25,0.2,1,60,10,42,44,,,1.05,0.9933,7,7,7,0,41.8,0.926,1,1,0,0,,35,35,,2000,0,1,0,0,,,0,,35,0,1
10/18/2024,12,PORT,5,0,0,0,,0,0,0,0.6,0.4,1,4,8,7,3.276,35,0.9851,35,0.9851,,1.05,1.03,35,35,,0.9851,1,1,25,0,1,60,10,42,44,,,1.05,0.9933,7,7,7,0,41.8,0.926,1,1,0,0,,35,35,,2000,0,1,0,0,,,0,,35,0,1
10/18/2024,23.3,PORT,11.5,0,0,0,,0,0,0,1.3,1,2.3,4,8,7,3.276,35,0.9851,35,0.9851,,1.05,1.03,35,35,,0.9851,1,1,25,0,1,60,10,42,44,,,1.05,0.9933,7,7,7,0,41.8,0.926,1,1,0,0,,35,35,,2000,0,1,0,0,,,0,,35,0,1
10/19/2024,0.3,BoSP,0.999999999999999,0,4150,0,,7.3,0,0.5,0.1,0,0.6,4,8,7,3.276,35,0.9851,35,0.9851,,1.05,1.03,35,35,,0.9851,1,1,25,0,1,60,10,42,44,,,1.05,0.9933,7,7,7,0,41.8,0.926,1,1,0,0,,35,35,,2000,0,1,0,0,,,0,,35,0,1
10/19/2024,12,EoSP,11.5,130.1,87950,127.5,,155.6,16.4,5.9,1.2,0,7.1,4,8,7,3.276,35,0.9851,35,0.9851,,1.05,1.03,35,35,,0.9851,1,1,25,0,1,60,10,42,44,,,1.05,0.9933,7,7,7,0,41.8,0.926,1,1,0,0,,35,35,,2000,0,1,0,0,,,0,,35,0,1
10/19/2024,14.54,FWE,2.9,0,16600,0,,29.4,0,1.3,0.3,0,1.6,4,8,7,3.276,35,0.9851,35,0.9851,,1.05,1.03,35,35,,0.9851,1,1,25,0.1,1,60,10,42,44,,,1.05,0.9933,7,7,7,0,41.8,0.926,1,1,0,0,,35,35,,2000,0,1,0,0,,,0,,35,0,1
10/20/2024,12,PORT,21.1,0,0,0,,0,0,0,2.3,1.2,3.5,4,8,7,3.276,35,0.9851,35,0.9851,,1.05,1.03,35,35,,0.9851,1,1,25,0,1,60,10,42,44,,,1.05,0.9933,7,7,7,0,41.8,0.926,1,1,0,0,,35,35,,2000,0,1,0,0,,,0,,35,0,1
10/20/2024,16,PORT,4,0,0,0,,0,0,0,0.5,0.2,0.7,4,8,7,3.276,35,0.9851,35,0.9851,,1.05,1.03,35,35,,0.9851,1,1,25,0,1,60,10,42,44,,,1.05,0.9933,7,7,7,0,41.8,0.926,1,1,0,0,,35,35,,2000,0,1,0,0,,,0,,35,0,1
10/20/2024,19.3,BoSP,3.5,0,16550,0,,29.3,0,1.3,0.3,0,1.6,4,8,7,3.276,35,0.9851,35,0.9851,,1.05,1.03,35,35,,0.9851,1,1,25,0.1,1,60,10,42,44,,,1.05,0.9933,7,7,7,0,41.8,0.926,1,1,0,0,,35,35,,2000,0,1,0,0,,,0,,35,0,1
10/21/2024,6.36,EoSP,11.1,113.3,84980,127.6,,150.3,24.6,6.1,1.2,0,7.3,4,8,7,3.276,35,0.9851,35,0.9851,,1.05,1.03,35,35,,0.9851,1,1,25,0,1,60,10,42,44,,,1.05,0.9933,7,7,7,0,41.8,0.926,1,1,0,0,,35,35,,2000,0,1,0,0,,,0,,35,0,1
10/21/2024,12,ANCH,5.4,0,3430,0,,6.1,0,0.3,0.5,0.4,1.2,4,8,7,3.276,35,0.9851,35,0.9851,,1.05,1.03,35,35,,0.9851,1,1,25,0.1,1,60,10,42,44,,,1.05,0.9933,7,7,7,0,41.8,0.926,1,1,0,0,,35,35,,2000,0,1,0,0,,,0,,35,0,1
10/21/2024,17.54,FWE,5.9,0,14580,0,,25.8,0,0.9,0.6,0.4,1.9,4,8,7,3.276,35,0.9851,35,0.9851,,1.05,1.03,35,35,,0.9851,1,1,25,0,1,60,10,42,44,,,1.05,0.9933,7,7,7,0,41.8,0.926,1,1,0,0,,35,35,,2000,0,1,0,0,,,0,,35,0,1
10/22/2024,10.48,PORT,16.9,0,0,0,,0,0,0,1.8,1,2.8,4,8,7,3.276,35,0.9851,35,0.9851,,1.05,1.03,35,35,,0.9851,1,1,25,0,1,60,10,42,44,,,1.05,0.9933,7,7,7,0,41.8,0.926,1,1,0,0,,35,35,,2000,0,1,0,0,,,0,,35,0,1
10/22/2024,12,BoSP,1.2,0,3710,0,,6.6,0,0.4,0.1,0,0.5,4,8,7,3.276,35,0.9851,35,0.9851,,1.05,1.03,35,35,,0.9851,1,1,25,0.1,1,60,10,42,44,,,1.05,0.9933,7,7,7,0,41.8,0.926,1,1,0,0,,35,35,,2000,0,1,0,0,,,0,,35,0,1
10/23/2024,0,EoSP,12,130.2,91190,126.7,,161.3,19.3,6.1,1.3,0,7.4,4,8,7,3.276,35,0.9851,35,0.9851,,1.05,1.03,35,35,,0.9851,1,1,25,0,1,60,10,42,44,,,1.05,0.9933,7,7,7,0,41.8,0.926,1,1,0,0,,35,35,,2000,0,1,0,0,,,0,,35,0,1
10/23/2024,3,FWE,3,0,16430,0,,29.1,0,1.2,0.2,0,1.4,4,8,7,3.276,35,0.9851,35,0.9851,,1.05,1.03,35,35,,0.9851,1,1,25,0.2,1,60,10,42,44,,,1.05,0.9933,7,7,7,0,41.8,0.926,1,1,0,0,,35,35,,2000,0,1,0,0,,,0,,35,0,1
10/23/2024,12,PORT,9,0,0,0,,0,0,0,1,0.6,1.6,4,8,7,3.276,35,0.9851,35,0.9851,,1.05,1.03,35,35,,0.9851,1,1,25,0,1,60,10,42,44,,,1.05,0.9933,7,7,7,0,41.8,0.926,1,1,0,0,,35,35,,2000,0,1,0,0,,,0,,35,0,1
10/23/2024,22,PORT,10,0,0,0,,0,0,0,1.1,0.8,1.9,4,8,7,3.276,35,0.9851,35,0.9851,,1.05,1.03,35,35,,0.9851,1,1,25,0,1,60,10,42,44,,,1.05,0.9933,7,7,7,0,41.8,0.926,1,1,0,0,,35,35,,2000,0,1,0,0,,,0,,35,0,1
10/24/2024,0.3,BoSP,2.5,0,15178,0,,26.8,0,1.1,0.2,0,1.3,4,8,7,3.276,35,0.9851,35,0.9851,,1.05,1.03,35,35,,0.9851,1,1,25,0.1,1,60,10,42,44,,,1.05,0.9933,7,7,7,0,41.8,0.926,1,1,0,0,,35,35,,2000,0,1,0,0,,,0,,35,0,1
10/24/2024,12,SEA,11.5,109.8,85582,124,,151.4,27.5,5.8,1.2,0,7,4,8,7,3.276,35,0.9851,35,0.9851,,1.05,1.03,35,35,,0.9851,1,1,25,0,1,60,10,42,44,,,1.05,0.9933,7,7,7,0,41.8,0.926,1,1,0,0,,35,35,,2000,0,1,0,0,,,0,,35,0,1
10/24/2024,13,EoSP,1,10.1,7600,126.7,,13.4,24.6,0.5,0.1,0,0.6,4,8,7,3.276,35,0.9851,35,0.9851,,1.05,1.03,35,35,,0.9851,1,1,25,0,1,60,10,42,44,,,1.05,0.9933,7,7,7,0,41.8,0.926,1,1,0,0,,35,35,,2000,0,1,0,0,,,0,,35,0,1
10/24/2024,16.48,FWE,3.8,0,11700,0,,20.7,0,0.7,0.3,0.2,1.2,4,8,7,3.276,35,0.9851,35,0.9851,,1.05,1.03,35,35,,0.9851,1,1,25,0.2,1,60,10,42,44,,,1.05,0.9933,7,7,7,0,41.8,0.926,1,1,0,0,,35,35,,2000,0,1,0,0,,,0,,35,0,1
10/25/2024,9.24,PORT,16.6,0,0,0,,0,0,0,1.6,1,2.6,4,8,7,3.276,35,0.9851,35,0.9851,,1.05,1.03,35,35,,0.9851,1,1,25,0,1,60,10,42,44,,,1.05,0.9933,7,7,7,0,41.8,0.926,1,1,0,0,,35,35,,2000,0,1,0,0,,,0,,35,0,1
10/25/2024,11,BoSP,1.6,0,7650,0,,13.5,0,0.6,0.2,0,0.8,4,8,7,3.276,35,0.9851,35,0.9851,,1.05,1.03,35,35,,0.9851,1,1,25,0.1,1,60,10,42,44,,,1.05,0.9933,7,7,7,0,41.8,0.926,1,1,0,0,,35,35,,2000,0,1,0,0,,,0,,35,0,1
10/25/2024,12,SEA,1,11.1,7770,129.5,,13.7,19,0.5,0.1,0,0.6,4,8,7,3.276,35,0.9851,35,0.9851,,1.05,1.03,35,35,,0.9851,1,1,25,0,1,60,10,42,44,,,1.05,0.9933,7,7,7,0,41.8,0.926,1,1,0,0,,35,35,,2000,0,1,0,0,,,0,,35,0,1
10/25/2024,22,EoSP,10,113.6,81770,136.3,,144.6,21.4,6.3,1,0,7.3,4,8,7,3.276,35,0.9851,35,0.9851,,1.05,1.03,35,35,,0.9851,1,1,25,0,1,60,10,42,44,,,1.05,0.9933,7,7,7,0,41.8,0.926,1,1,0,0,,35,35,,2000,0,1,0,0,,,0,,35,0,1
10/26/2024,1,FWE,3,0,16380,0,,29,0,1.1,0.2,0,1.3,4,8,7,3.276,35,0.9851,35,0.9851,,1.05,1.03,35,35,,0.9851,1,1,25,0.2,1,60,10,42,44,,,1.05,0.9933,7,7,7,0,41.8,0.926,1,1,0,0,,35,35,,2000,0,1,0,0,,,0,,35,0,1
10/26/2024,12,PORT,11,0,0,0,,0,0,0,1.1,0.8,1.9,4,8,7,3.276,35,0.9851,35,0.9851,,1.05,1.03,35,35,,0.9851,1,1,25,0,1,60,10,42,44,,,1.05,0.9933,7,7,7,0,41.8,0.926,1,1,0,0,,35,35,,2000,0,1,0,0,,,0,,35,0,1
10/26/2024,18.36,PORT,6.6,0,0,0,,0,0,0,0.7,0.5,1.2,4,8,7,3.276,35,0.9851,35,0.9851,,1.05,1.03,35,35,,0.9851,1,1,25,0,1,60,10,42,44,,,1.05,0.9933,7,7,7,0,41.8,0.926,1,1,0,0,,35,35,,2000,0,1,0,0,,,0,,35,0,1
10/26/2024,22,BoSP,3.4,0,17550,0,,31,0,1.2,0.4,0,1.6,4,8,7,3.276,35,0.9851,35,0.9851,,1.05,1.03,35,35,,0.9851,1,1,25,0.1,1,60,10,42,44,,,1.05,0.9933,7,7,7,0,41.8,0.926,1,1,0,0,,35,35,,2000,0,1,0,0,,,0,,35,0,1
10/27/2024,10,EoSP,12,122.7,91490,127.1,,161.8,24.2,6.2,1.3,0,7.5,4,8,7,3.276,35,0.9851,35,0.9851,,1.05,1.03,35,35,,0.9851,1,1,25,0,1,60,10,42,44,,,1.05,0.9933,7,7,7,0,41.8,0.926,1,1,0,0,,35,35,,2000,0,1,0,0,,,0,,35,0,1
10/27/2024,12,WAY,2,0,8260,0,,14.6,0,0.7,0.1,0,0.8,4,8,7,3.276,35,0.9851,35,0.9851,,1.05,1.03,35,35,,0.9851,1,1,25,0,1,60,10,42,44,,,1.05,0.9933,7,7,7,0,41.8,0.926,1,1,0,0,,35,35,,2000,0,1,0,0,,,0,,35,0,1
10/27/2024,12.18,FWE,0.3,0,200,0,,0.4,0,0.1,0,0.1,0.2,4,8,7,3.276,35,0.9851,35,,,1.05,1.03,35,35,,0.9851,1,1,25,0,1,60,10,42,44,,,1.05,0.9933,7,7,7,0,41.8,0.926,1,1,0,0,,35,35,,2000,0,1,0,0,,,0,,35,0,1
10/28/2024,2,PORT,13.7,0,0,0,,0,0,0,1.4,0.7,2.1,4,8,7,3.276,35,0.9851,35,0.9851,,1.05,1.03,35,35,,0.9851,1,1,25,0,1,60,10,42,44,,,1.05,0.9933,7,7,7,0,41.8,0.926,1,1,0,0,,35,35,,2000,0,1,0,0,,,0,,35,0,1
10/28/2024,3.3,BoSP,1.5,0,6730,0,,11.9,0,0.4,0.1,0,0.5,4,8,7,3.276,35,0.9851,35,0.9851,,1.05,1.03,35,35,,0.9851,1,1,25,0.1,1,60,10,42,44,,,1.05,0.9933,7,7,7,0,41.8,0.926,1,1,0,0,,35,35,,2000,0,1,0,0,,,0,,35,0,1
10/28/2024,12,SEA,8.5,87.2,68920,135.1,,121.9,28.5,5.4,0.8,0,6.2,4,8,7,3.276,35,0.9851,35,0.9851,,1.05,1.03,35,35,,0.9851,1,1,25,0,1,60,10,42,44,,,1.05,0.9933,7,7,7,0,41.8,0.926,1,1,0,0,,35,35,,2000,0,1,0,0,,,0,,35,0,1
10/28/2024,15.3,EoSP,3.5,38,26650,126.9,,47.1,19.3,1.9,0.3,0,2.2,4,8,7,3.276,35,0.9851,35,0.9851,,1.05,1.03,35,35,,0.9851,1,1,25,0,1,60,10,42,44,,,1.05,0.9933,7,7,7,0,41.8,0.926,1,1,0,0,,35,35,,2000,0,1,0,0,,,0,,35,0,1
10/28/2024,16.18,FWE,0.799999999999998,0,2970,0,,5.3,0,0.2,0.1,0,0.3,4,8,7,3.276,35,0.9851,35,0.9851,,1.05,1.03,35,35,,0.9851,1,1,25,0,1,60,10,42,44,,,1.05,0.9933,7,7,7,0,41.8,0.926,1,1,0,0,,35,35,,2000,0,1,0,0,,,0,,35,0,1
10/29/2024,8.3,ANCH,16.2,0,0,0,,0,0,0,1.6,0.9,2.5,4,8,7,3.276,35,0.9851,35,0.9851,,1.05,1.03,35,35,,0.9851,1,1,25,0,1,60,10,42,44,,,1.05,0.9933,7,7,7,0,41.8,0.926,1,1,0,0,,35,35,,2000,0,1,0,0,,,0,,35,0,1
10/29/2024,12,WAY,3.5,0,14900,0,,26.4,0,0.6,0.3,0.1,1,4,8,7,3.276,35,0.9851,35,0.9851,,1.05,1.03,35,35,,0.9851,1,1,25,0.2,1,60,10,42,44,,,1.05,0.9933,7,7,7,0,41.8,0.926,1,1,0,0,,35,35,,2000,0,1,0,0,,,0,,35,0,1
10/29/2024,12.18,FWE,0.3,0,220,0,,0.4,0,0.1,0,0,0.1,4,8,7,3.276,35,0.9851,35,,,1.05,1.03,35,35,,0.9851,1,1,25,0,1,60,10,42,44,,,1.05,0.9933,7,7,7,0,41.8,0.926,1,1,0,0,,35,35,,2000,0,1,0,0,,,0,,35,0,1
10/30/2024,8.24,PORT,20.1,0,0,0,,0,0,0,2,1.1,3.1,4,8,7,3.276,35,0.9851,35,0.9851,,1.05,1.03,35,35,,0.9851,1,1,25,0,1,60,10,42,44,,,1.05,0.9933,7,7,7,0,41.8,0.926,1,1,0,0,,35,35,,2000,0,1,0,0,,,0,,35,0,1
10/30/2024,11,BoSP,2.6,0,18260,0,,32.3,0,1.4,0.3,0,1.7,4,8,7,3.276,35,0.9851,35,0.9851,,1.05,1.03,35,35,,0.9851,1,1,25,0.2,1,60,10,42,44,,,1.05,0.9933,7,7,7,0,41.8,0.926,1,1,0,0,,35,35,,2000,0,1,0,0,,,0,,35,0,1
10/30/2024,12,SEA,1,11.5,7660,127.7,,13.5,14.8,0.5,0.1,0,0.6,4,8,7,3.276,35,0.9851,35,0.9851,,1.05,1.03,35,35,,0.9851,1,1,25,0,1,60,10,42,44,,,1.05,0.9933,7,7,7,0,41.8,0.926,1,1,0,0,,35,35,,2000,0,1,0,0,,,0,,35,0,1
10/30/2024,22.12,EoSP,10.2,101.3,77740,127,,137.5,26.3,5.4,1,0,6.4,4,8,7,3.276,35,0.9851,35,0.9851,,1.05,1.03,35,35,,0.9851,1,1,25,0,1,60,10,42,44,,,1.05,0.9933,7,7,7,0,41.8,0.926,1,1,0,0,,35,35,,2000,0,1,0,0,,,0,,35,0,1
10/30/2024,23.06,FWE,0.899999999999996,0,5040,0,,8.9,0,0.3,0.1,0,0.4,4,8,7,3.276,35,0.9851,35,0.9851,,1.05,1.03,35,35,,0.9851,1,1,25,0,1,60,10,42,44,,,1.05,0.9933,7,7,7,0,41.8,0.926,1,1,0,0,,35,35,,2000,0,1,0,0,,,0,,35,0,1
10/31/2024,12,ANCH,12.9,0,0,0,,0,0,0,1.2,0.8,2,4,8,7,3.276,35,0.9851,35,0.9851,,1.05,1.03,35,35,,0.9851,1,1,25,0,1,60,10,42,44,,,1.05,0.9933,7,7,7,0,41.8,0.926,1,1,0,0,,35,35,,2000,0,1,0,0,,,0,,35,0,1
11/01/2024,,ANCH,12,0,0,0,,0,0,0,1.3,0.5,1.8,4,8,7,3.276,35,0.9851,35,0.9851,,1.05,1.03,35,35,,0.9851,1,1,25,0,1,60,10,42,44,,,1.05,0.9933,7,7,7,0,41.8,0.926,1,1,0,0,,35,35,,2000,0,1,0,0,,,0,,35,0,1
11/01/2024,2.48,FWE,2.8,0,10000,0,,17.7,0,0.5,0.3,0.2,1,4,8,7,3.276,35,0.9851,35,0.9851,,1.05,1.03,35,35,,0.9851,1,1,25,0.1,1,60,10,42,44,,,1.05,0.9933,7,7,7,0,41.8,0.926,1,1,0,0,,35,35,,2000,0,1,0,0,,,0,,35,0,1
11/01/2024,12,PORT,9.2,0,0,0,,0,0,0,0.8,0.4,1.2,4,8,7,3.276,35,0.9851,35,0.9851,,1.05,1.03,35,35,,0.9851,1,1,25,0,1,60,10,42,44,,,1.05,0.9933,7,7,7,0,41.8,0.926,1,1,0,0,,35,35,,2000,0,1,0,0,,,0,,35,0,1
11/01/2024,16.42,PORT,4.7,0,0,0,,0,0,0,0.5,0.3,0.8,4,8,7,3.276,35,0.9851,35,0.9851,,1.05,1.03,35,35,,0.9851,1,1,25,0,1,60,10,42,44,,,1.05,0.9933,7,7,7,0,41.8,0.926,1,1,0,0,,35,35,,2000,0,1,0,0,,,0,,35,0,1
11/01/2024,17.42,BoSP,1,0,4960,0,,8.8,0,0.5,0.1,0,0.6,4,8,7,3.276,35,0.9851,35,0.9851,,1.05,1.03,35,35,,0.9851,1,1,25,0.1,1,60,10,42,44,,,1.05,0.9933,7,7,7,0,41.8,0.926,1,1,0,0,,35,35,,2000,0,1,0,0,,,0,,35,0,1
11/02/2024,5.3,EoSP,11.8,127.7,90170,127.4,,159.5,19.9,6.2,1.2,0,7.4,4,8,7,3.276,35,0.9851,35,0.9851,,1.05,1.03,35,35,,0.9851,1,1,25,0,1,60,10,42,44,,,1.05,0.9933,7,7,7,0,41.8,0.926,1,1,0,0,,35,35,,2000,0,1,0,0,,,0,,35,0,1
11/02/2024,8.24,FWE,2.9,0,16110,0,,28.5,0,1,0.3,0,1.3,4,8,7,3.276,35,0.9851,35,0.9851,,1.05,1.03,35,35,,0.9851,1,1,25,0.1,1,60,10,42,44,,,1.05,0.9933,7,7,7,0,41.8,0.926,1,1,0,0,,35,35,,2000,0,1,0,0,,,0,,35,0,1
11/02/2024,12,PORT,3.6,0,0,0,,0,0,0,0.4,0.2,0.6,4,8,7,3.276,35,0.9851,35,0.9851,,1.05,1.03,35,35,,0.9851,1,1,25,0,1,60,10,42,44,,,1.05,0.9933,7,7,7,0,41.8,0.926,1,1,0,0,,35,35,,2000,0,1,0,0,,,0,,35,0,1
11/03/2024,3.24,PORT,15.4,0,0,0,,0,0,0,1.6,0.8,2.4,4,8,7,3.276,35,0.9851,35,0.9851,,1.05,1.03,35,35,,0.9851,1,1,25,0,1,60,10,42,44,,,1.05,0.9933,7,7,7,0,41.8,0.926,1,1,0,0,,35,35,,2000,0,1,0,0,,,0,,35,0,1
11/03/2024,5.48,BoSP,2.4,0,16750,0,,29.6,0,1.2,0.3,0,1.5,4,8,7,3.276,35,0.9851,35,0.9851,,1.05,1.03,35,35,,0.9851,1,1,25,0.1,1,60,10,42,44,,,1.05,0.9933,7,7,7,0,41.8,0.926,1,1,0,0,,35,35,,2000,0,1,0,0,,,0,,35,0,1
11/03/2024,12,SEA,6.2,73,53540,143.9,,94.7,22.9,4.5,0.6,0,5.1,4,8,7,3.276,35,0.9851,35,0.9851,,1.05,1.03,35,35,,0.9851,1,1,25,0,1,60,10,42,44,,,1.05,0.9933,7,7,7,0,41.8,0.926,1,1,0,0,,35,35,,2000,0,1,0,0,,,0,,35,0,1
11/03/2024,16.54,EoSP,4.9,51.2,38560,131.2,,68.2,24.9,2.8,0.5,0,3.3,4,8,7,3.276,35,0.9851,35,0.9851,,1.05,1.03,35,35,,0.9851,1,1,25,0,1,60,10,42,44,,,1.05,0.9933,7,7,7,0,41.8,0.926,1,1,0,0,,35,35,,2000,0,1,0,0,,,0,,35,0,1
11/03/2024,18.3,FWE,1.6,0,8350,0,,14.8,0,0.6,0.1,0,0.7,4,8,7,3.276,35,0.9851,35,0.9851,,1.05,1.03,35,35,,0.9851,1,1,25,0.1,1,60,10,42,44,,,1.05,0.9933,7,7,7,0,41.8,0.926,1,1,0,0,,35,35,,2000,0,1,0,0,,,0,,35,0,1
11/04/2024,7.18,PORT,12.8,0,0,0,,0,0,0,1.3,0.8,2.1,4,8,7,3.276,35,0.9851,35,0.9851,,1.05,1.03,35,35,,0.9851,1,1,25,0,1,60,10,42,44,,,1.05,0.9933,7,7,7,0,41.8,0.926,1,1,0,0,,35,35,,2000,0,1,0,0,,,0,,35,0,1
11/04/2024,8.48,BoSP,1.5,0,6380,0,,11.3,0,0.5,0.2,0,0.7,4,8,7,3.276,35,0.9851,35,0.9851,,1.05,1.03,35,35,,0.9851,1,1,25,0,1,60,10,42,44,,,1.05,0.9933,7,7,7,0,41.8,0.926,1,1,0,0,,35,35,,2000,0,1,0,0,,,0,,35,0,1
11/04/2024,12,SEA,3.2,34.2,23380,121.8,,41.4,17.4,1.4,0.3,0,1.7,4,8,7,3.276,35,0.9851,35,0.9851,,1.05,1.03,35,35,,0.9851,1,1,25,0,1,60,10,42,44,,,1.05,0.9933,7,7,7,0,41.8,0.926,1,1,0,0,,35,35,,2000,0,1,0,0,,,0,,35,0,1
11/04/2024,20.3,EoSP,8.5,91.1,62860,123.3,,111.2,18.1,4.1,0.9,0,5,4,8,7,3.276,35,0.9851,35,0.9851,,1.05,1.03,35,35,,0.9851,1,1,25,0,1,60,10,42,44,,,1.05,0.9933,7,7,7,0,41.8,0.926,1,1,0,0,,35,35,,2000,0,1,0,0,,,0,,35,0,1
11/04/2024,23.36,FWE,3.1,0,16830,0,,29.8,0,1.1,0.2,0,1.3,4,8,7,3.276,38,0.9828,35,0.9851,,1.05,1.03,35,35,,0.9851,1,1,25,0.1,1,60,10,42,44,,,1.05,0.9933,7,7,7,0,41.8,0.926,1,1,0,0,,38,35,,2000,0,1,0,0,,,0,,35,0,1
11/05/2024,12,PORT,12.4,0,0,0,,0,0,0,1.2,0.8,2,4,8,7,3.276,38,0.9828,35,0.9851,,1.05,1.03,35,35,,0.9851,1,1,25,0,1,60,10,42,44,,,1.05,0.9933,7,7,7,0,41.8,0.926,1,1,0,0,,38,35,,2000,0,1,0,0,,,0,,35,0,1
11/06/2024,11,PORT,23,0,0,0,,0,0,0,2.4,1.1,3.5,4,8,7,3.276,38,0.9828,35,0.9851,,1.05,1.03,35,35,,0.9851,1,1,25,0,1,60,10,42,44,,,1.05,0.9933,7,7,7,0,41.8,0.926,1,1,0,0,,38,35,,2000,0,1,0,0,,,0,,35,0,1
11/06/2024,12,WAY,1,0,4110,0,,7.3,0,0.2,0.1,0,0.3,4,8,7,3.276,38,0.9828,35,0.9851,,1.05,1.03,35,35,,0.9851,1,1,25,0,1,60,10,42,44,,,1.05,0.9933,7,7,7,0,41.8,0.926,1,1,0,0,,38,35,,2000,0,1,0,0,,,0,,35,0,1
11/06/2024,14,BoSP,2,0,13390,0,,23.7,0,1,0.2,0,1.2,4,8,7,3.276,38,0.9828,35,0.9851,,1.05,1.03,35,35,,0.9851,1,1,25,0,1,60,10,42,44,,,1.05,0.9933,7,7,7,0,41.8,0.926,1,1,0,0,,38,35,,2000,0,1,0,0,,,0,,35,0,1
11/07/2024,1.42,EoSP,11.7,116.5,86110,122.7,,152.3,23.5,5.8,1.2,0,7,4,8,7,3.276,38,0.9828,35,0.9851,,1.05,1.03,35,35,,0.9851,1,1,25,0,1,60,10,42,44,,,1.05,0.9933,7,7,7,0,41.8,0.926,1,1,0,0,,38,35,,2000,0,1,0,0,,,0,,35,0,1
11/07/2024,4.54,FWE,3.2,0,11920,0,,21.1,0,0.6,0.3,0.1,1,4,8,7,3.276,38,0.9828,35,0.9851,,1.05,1.03,35,35,,0.9851,1,1,25,0.1,1,60,10,42,44,,,1.05,0.9933,7,7,7,0,41.8,0.926,1,1,0,0,,38,35,,2000,0,1,0,0,,,0,,35,0,1
11/07/2024,12,PORT,7.1,0,0,0,,0,0,0,0.6,0.3,0.9,4,8,7,3.276,38,0.9828,35,0.9851,,1.05,1.03,35,35,,0.9851,1,1,25,0,1,60,10,42,44,,,1.05,0.9933,7,7,7,0,41.8,0.926,1,1,0,0,,38,35,,2000,0,1,0,0,,,0,,35,0,1
11/07/2024,20.36,PORT,8.6,0,0,0,,0,0,0,0.8,0.4,1.2,4,8,7,3.276,38,0.9828,35,0.9851,,1.05,1.03,35,35,,0.9851,1,1,25,0,1,60,10,42,44,,,1.05,0.9933,7,7,7,0,41.8,0.926,1,1,0,0,,38,35,,2000,0,1,0,0,,,0,,35,0,1
11/07/2024,22.06,BoSP,1.5,0,8100,0,,14.3,0,0.6,0.1,0,0.7,4,8,7,3.276,38,0.9828,35,0.9851,,1.05,1.03,35,35,,0.9851,1,1,25,0.1,1,60,10,42,44,,,1.05,0.9933,7,7,7,0,41.8,0.926,1,1,0,0,,38,35,,2000,0,1,0,0,,,0,,35,0,1
11/08/2024,9,EoSP,10.9,122.2,84700,129.5,,149.8,18.4,6,1.1,0,7.1,4,8,7,3.276,38,0.9828,35,0.9851,,1.05,1.03,35,35,,0.9851,1,1,25,0,1,60,10,42,44,,,1.05,0.9933,7,7,7,0,41.8,0.926,1,1,0,0,,38,35,,2000,0,1,0,0,,,0,,35,0,1
11/08/2024,12,WAY,3,0,16590,0,,29.3,0,1.3,0.3,0,1.6,4,8,7,3.276,38,0.9828,35,0.9851,,1.05,1.03,35,35,,0.9851,1,1,25,0.1,1,60,10,42,44,,,1.05,0.9933,7,7,7,0,41.8,0.926,1,1,0,0,,38,35,,2000,0,1,0,0,,,0,,35,0,1
11/08/2024,12.12,FWE,0.199999999999999,0,50,0,,0.1,0,0,0,0,0,4,8,7,3.276,38,0.9828,35,,,1.05,1.03,35,35,,0.9851,1,1,25,0,1,60,10,42,44,,,1.05,0.9933,7,7,7,0,41.8,0.926,1,1,0,0,,38,35,,2000,0,1,0,0,,,0,,35,0,1
11/09/2024,1.3,PORT,13.3,0,0,0,,0,0,0,1.4,0.6,2,4,8,7,3.276,38,0.9828,35,0.9851,,1.05,1.03,35,35,,0.9851,1,1,25,0,1,60,10,42,44,,,1.05,0.9933,7,7,7,0,41.8,0.926,1,1,0,0,,38,35,,2000,0,1,0,0,,,0,,35,0,1
11/09/2024,4,BoSP,2.5,0,17770,0,,31.4,0,1.5,0.2,0,1.7,4,8,7,3.276,38,0.9828,35,0.9851,,1.05,1.03,35,35,,0.9851,1,1,25,0.1,1,60,10,42,44,,,1.05,0.9933,7,7,7,0,41.8,0.926,1,1,0,0,,38,35,,2000,0,1,0,0,,,0,,35,0,1
11/09/2024,12,SEA,8,88.2,64870,135.1,,114.7,23.1,5,0.8,0,5.8,4,8,7,3.276,38,0.9828,35,0.9851,,1.05,1.03,35,35,,0.9851,1,1,25,0,1,60,10,42,44,,,1.05,0.9933,7,7,7,0,41.8,0.926,1,1,0,0,,38,35,,2000,0,1,0,0,,,0,,35,0,1
11/09/2024,15,EoSP,3,31.5,22840,126.9,,40.4,22,1.6,0.3,0,1.9,4,8,7,3.276,38,0.9828,35,0.9851,,1.05,1.03,35,35,,0.9851,1,1,25,0,1,60,10,42,44,,,1.05,0.9933,7,7,7,0,41.8,0.926,1,1,0,0,,38,35,,2000,0,1,0,0,,,0,,35,0,1
11/09/2024,17.12,FWE,2.1,0,10420,0,,18.4,0,0.6,0.2,0,0.8,4,8,7,3.276,38,0.9828,35,0.9851,,1.05,1.03,35,35,,0.9851,1,1,25,0.1,1,60,10,42,44,,,1.05,0.9933,7,7,7,0,41.8,0.926,1,1,0,0,,38,35,,2000,0,1,0,0,,,0,,35,0,1
11/10/2024,6.3,PORT,13.3,0,0,0,,0,0,0,1.4,0.6,2,4,8,7,3.276,38,0.9828,35,0.9851,,1.05,1.03,35,35,,0.9851,1,1,25,0,1,60,10,42,44,,,1.05,0.9933,7,7,7,0,41.8,0.926,1,1,0,0,,38,35,,2000,0,1,0,0,,,0,,35,0,1
11/10/2024,7.3,BoSP,1,0,4790,0,,8.5,0,0.5,0.1,0,0.6,4,8,7,3.276,38,0.9828,35,0.9851,,1.05,1.03,35,35,,0.9851,1,1,25,0,1,60,10,42,44,,,1.05,0.9933,7,7,7,0,41.8,0.926,1,1,0,0,,38,35,,2000,0,1,0,0,,,0,,35,0,1
11/10/2024,12,SEA,4.5,48.8,32930,122,,58.2,16.2,2,0.5,0,2.5,4,8,7,3.276,38,0.9828,35,0.9851,,1.05,1.03,35,35,,0.9851,1,1,25,0,1,60,10,42,44,,,1.05,0.9933,7,7,7,0,41.8,0.926,1,1,0,0,,38,35,,2000,0,1,0,0,,,0,,35,0,1
11/10/2024,19.3,EoSP,7.5,79.4,56930,126.5,,100.7,21.2,3.9,0.8,0,4.7,4,8,7,3.276,38,0.9828,35,0.9851,,1.05,1.03,35,35,,0.9851,1,1,25,0,1,60,10,42,44,,,1.05,0.9933,7,7,7,0,41.8,0.926,1,1,0,0,,38,35,,2000,0,1,0,0,,,0,,35,0,1
11/10/2024,22.3,FWE,3,0,17150,0,,30.3,0,1.2,0.3,0,1.5,4,8,7,3.276,38,0.9828,35,0.9851,,1.05,1.03,35,35,,0.9851,1,1,25,0,1,60,10,42,44,,,1.05,0.9933,7,7,7,0,41.8,0.926,1,1,0,0,,38,35,,2000,0,1,0,0,,,0,,35,0,1
11/11/2024,12,PORT,13.5,0,0,0,,0,0,0,1.4,0.7,2.1,4,8,7,3.276,38,0.9828,35,0.9851,,1.05,1.03,35,35,,0.9851,1,1,25,0,1,60,10,42,44,,,1.05,0.9933,7,7,7,0,41.8,0.926,1,1,0,0,,38,35,,2000,0,1,0,0,,,0,,35,0,1
11/11/2024,21.06,PORT,9.1,0,0,0,,0,0,0,1,0.4,1.4,4,8,7,3.276,38,0.9828,35,0.9851,,1.05,1.03,35,35,,0.9851,1,1,25,0,1,60,10,42,44,,,1.05,0.9933,7,7,7,0,41.8,0.926,1,1,0,0,,38,35,,2000,0,1,0,0,,,0,,35,0,1
11/11/2024,23.3,BoSP,2.4,0,15410,0,,27.3,0,1.2,0.1,0,1.3,4,8,7,3.276,38,0.9828,35,0.9851,,1.05,1.03,35,35,,0.9851,1,1,25,0.1,1,60,10,42,44,,,1.05,0.9933,7,7,7,0,41.8,0.926,1,1,0,0,,38,35,,2000,0,1,0,0,,,0,,35,0,1
11/12/2024,12,SEA,12.5,106,82660,110.2,,146.2,27.5,5.6,1.2,0,6.8,4,8,7,3.276,38,0.9828,35,0.9851,,1.05,1.03,35,35,,0.9851,1,1,25,0,1,60,10,42,44,,,1.05,0.9933,7,7,7,0,41.8,0.926,1,1,0,0,,38,35,,2000,0,1,0,0,,,0,,35,0,1
11/12/2024,13.24,EoSP,1.4,24,11770,140.1,,20.8,,0.9,0.1,0,1,4,8,7,3.276,38,0.9828,35,0.9851,,1.05,1.03,35,35,,0.9851,1,1,25,0,1,60,10,42,44,,,1.05,0.9933,7,7,7,0,41.8,0.926,1,1,0,0,,38,35,,2000,0,1,0,0,,,0,,35,0,1
11/12/2024,15.36,FWE,2.2,0,10940,0,,19.4,0,0.7,0.2,0,0.9,4,8,7,3.276,38,0.9828,35,0.9851,,1.05,1.03,35,35,,0.9851,1,1,25,0.1,1,60,10,42,44,,,1.05,0.9933,7,7,7,0,41.8,0.926,1,1,0,0,,38,35,,2000,0,1,0,0,,,0,,35,0,1
11/13/2024,7.12,PORT,15.6,0,0,0,,0,0,0,1.6,0.8,2.4,4,8,7,3.276,38,0.9828,35,0.9851,,1.05,1.03,35,35,,0.9851,1,1,25,0,1,60,10,42,44,,,1.05,0.9933,7,7,7,0,41.8,0.926,1,1,0,0,,38,35,,2000,0,1,0,0,,,0,,35,0,1
11/13/2024,8.3,BoSP,1.3,0,6360,0,,11.3,0,0.6,0.1,0,0.7,4,8,7,3.276,38,0.9828,35,0.9851,,1.05,1.03,35,35,,0.9851,1,1,25,0.2,1,60,10,42,44,,,1.05,0.9933,7,7,7,0,41.8,0.926,1,1,0,0,,38,35,,2000,0,1,0,0,,,0,,35,0,1
11/13/2024,12,SEA,3.5,39.4,26792,127.6,,47.4,16.9,1.7,0.4,0,2.1,4,8,7,3.276,38,0.9828,35,0.9851,,1.05,1.03,35,35,,0.9851,1,1,25,0,1,60,10,42,44,,,1.05,0.9933,7,7,7,0,41.8,0.926,1,1,0,0,,38,35,,2000,0,1,0,0,,,0,,35,0,1
11/13/2024,19.54,EoSP,7.9,87.1,60228,127.1,,106.5,18.2,4.4,0.8,0,5.2,4,8,7,3.276,38,0.9828,35,0.9851,,1.05,1.03,35,35,,0.9851,1,1,25,0,1,60,10,42,44,,,1.05,0.9933,7,7,7,0,41.8,0.926,1,1,0,0,,38,35,,2000,0,1,0,0,,,0,,35,0,1
11/13/2024,22.42,FWE,2.8,0,16400,0,,29,0,1.4,0.2,0,1.6,4,8,7,3.276,38,0.9828,35,0.9851,,1.05,1.03,35,35,,0.9851,1,1,25,0.2,1,60,10,42,44,,,1.05,0.9933,7,7,7,0,41.8,0.926,1,1,0,0,,38,35,,2000,0,1,0,0,,,0,,35,0,1
11/14/2024,12,PORT,13.3,0,0,0,,0,0,0,1.3,0.7,2,4,8,7,3.276,38,0.9828,35,0.9851,,1.05,1.03,35,35,,0.9851,1,1,25,0,1,60,10,42,44,,,1.05,0.9933,7,7,7,0,41.8,0.926,1,1,0,0,,38,35,,2000,0,1,0,0,,,0,,35,0,1
11/14/2024,16.12,PORT,4.2,0,0,0,,0,0,0,0.4,0.2,0.6,4,8,7,3.276,38,0.9828,35,0.9851,,1.05,1.03,35,35,,0.9851,1,1,25,0,1,60,10,42,44,,,1.05,0.9933,7,7,7,0,41.8,0.926,1,1,0,0,,38,35,,2000,0,1,0,0,,,0,,35,0,1
11/14/2024,19,BoSP,2.8,0,17510,0,,31,0,1.2,0.3,0,1.5,4,8,7,3.276,38,0.9828,35,0.9851,,1.05,1.03,35,35,,0.9851,1,1,25,0.2,1,60,10,42,44,,,1.05,0.9933,7,7,7,0,41.8,0.926,1,1,0,0,,38,35,,2000,0,1,0,0,,,0,,35,0,1
11/15/2024,8.3,EoSP,13.5,134.3,102370,126.4,,181.1,25.8,7.1,1.3,0,8.4,4,8,7,3.276,38,0.9828,35,0.9851,,1.05,1.03,35,35,,0.9851,1,1,25,0,1,60,10,42,44,,,1.05,0.9933,7,7,7,0,41.8,0.926,1,1,0,0,,38,35,,2000,0,1,0,0,,,0,,35,0,1
11/15/2024,10.54,FWE,2.4,0,12730,0,,22.5,0,0.9,0.2,0,1.1,4,8,7,3.276,38,0.9828,35,0.9851,,1.05,1.03,35,35,,0.9851,1,1,25,0,1,60,10,42,44,,,1.05,0.9933,7,7,7,0,41.8,0.926,1,1,0,0,,38,35,,2000,0,1,0,0,,,0,,35,0,1
11/15/2024,12,PORT,1.1,0,0,0,,0,0,0,0.1,0.2,0.3,4,8,7,3.276,38,0.9828,35,0.9851,,1.05,1.03,35,35,,0.9851,1,1,25,0,1,60,10,42,44,,,1.05,0.9933,7,7,7,0,41.8,0.926,1,1,0,0,,38,35,,2000,0,1,0,0,,,0,,35,0,1
11/16/2024,4.48,PORT,16.8,0,0,0,,0,0,0,1.7,0.9,2.6,4,8,7,3.276,38,0.9828,35,0.9851,,1.05,1.03,35,35,,0.9851,1,1,25,0,1,60,10,42,44,,,1.05,0.9933,7,7,7,0,41.8,0.926,1,1,0,0,,38,35,,2000,0,1,0,0,,,0,,35,0,1
11/16/2024,6.3,BoSP,1.7,0,8670,0,,15.3,0,0.7,0.2,0,0.9,4,8,7,3.276,38,0.9828,35,0.9851,,1.05,1.03,35,35,,0.9851,1,1,25,0,1,60,10,42,44,,,1.05,0.9933,7,7,7,0,41.8,0.926,1,1,0,0,,38,35,,2000,0,1,0,0,,,0,,35,0,1
11/16/2024,12,SEA,5.5,57.8,42340,128.3,,74.9,22.8,2.9,0.5,0,3.4,4,8,7,3.276,38,0.9828,35,0.9851,,1.05,1.03,35,35,,0.9851,1,1,25,0,1,60,10,42,44,,,1.05,0.9933,7,7,7,0,41.8,0.926,1,1,0,0,,38,35,,2000,0,1,0,0,,,0,,35,0,1
11/16/2024,19.3,EoSP,7.5,80.3,57070,126.8,,101,20.5,4.1,0.8,0,4.9,4,8,7,3.276,38,0.9828,35,0.9851,,1.05,1.03,35,35,,0.9851,1,1,25,0,1,60,10,42,44,,,1.05,0.9933,7,7,7,0,41.8,0.926,1,1,0,0,,38,35,,2000,0,1,0,0,,,0,,35,0,1
11/16/2024,22.3,FWE,3,0,16630,0,,29.4,0,1.2,0.3,0,1.5,4,8,7,3.276,38,0.9828,35,0.9851,,1.05,1.03,35,35,,0.9851,1,1,25,0,1,60,10,42,44,,,1.05,0.9933,7,7,7,0,41.8,0.926,1,1,0,0,,38,35,,2000,0,1,0,0,,,0,,35,0,1
11/17/2024,12,PORT,13.5,0,0,0,,0,0,0,1.3,0.8,2.1,4,8,7,3.276,38,0.9828,35,0.9851,,1.05,1.03,35,35,,0.9851,1,1,25,0,1,60,10,42,44,,,1.05,0.9933,7,7,7,0,41.8,0.926,1,1,0,0,,38,35,,2000,0,1,0,0,,,0,,35,0,1
11/17/2024,13.36,PORT,1.6,0,0,0,,0,0,0,0.2,0.1,0.3,4,8,7,3.276,38,0.9828,35,0.9851,,1.05,1.03,35,35,,0.9851,1,1,25,0,1,60,10,42,44,,,1.05,0.9933,7,7,7,0,41.8,0.926,1,1,0,0,,38,35,,2000,0,1,0,0,,,0,,35,0,1
11/17/2024,17.3,BoSP,3.9,0,16140,0,,28.6,0,1.1,0.4,0,1.5,4,8,7,3.276,38,0.9828,35,0.9851,,1.05,1.03,35,35,,0.9851,1,1,25,0,1,60,10,42,44,,,1.05,0.9933,7,7,7,0,41.8,0.926,1,1,0,0,,38,35,,2000,0,1,0,0,,,0,,35,0,1
11/18/2024,4.48,EoSP,11.3,113.2,86530,127.6,,153.1,26.1,6.1,1.1,0,7.2,4,8,7,3.276,38,0.9828,35,0.9851,,1.05,1.03,35,35,,0.9851,1,1,25,0,1,60,10,42,44,,,1.05,0.9933,7,7,7,0,41.8,0.926,1,1,0,0,,38,35,,2000,0,1,0,0,,,0,,35,0,1
11/18/2024,8.36,FWE,3.8,0,20170,0,,35.7,0,1.1,0.3,0,1.4,4,8,7,3.276,38,0.9828,35,0.9851,,1.05,1.03,35,35,,0.9851,1,1,25,0.2,1,60,10,42,44,,,1.05,0.9933,7,7,7,0,41.8,0.926,1,1,0,0,,38,35,,2000,0,1,0,0,,,0,,35,0,1
11/18/2024,12,PORT,3.4,0,0,0,,0,0,0,0.3,0.2,0.5,4,8,7,3.276,38,0.9828,35,0.9851,,1.05,1.03,35,35,,0.9851,1,1,25,0,1,60,10,42,44,,,1.05,0.9933,7,7,7,0,41.8,0.926,1,1,0,0,,38,35,,2000,0,1,0,0,,,0,,35,0,1
11/18/2024,22.42,PORT,10.7,0,0,0,,0,0,0,1.1,0.7,1.8,4,8,7,3.276,38,0.9828,35,0.9851,,1.05,1.03,35,35,,0.9851,1,1,25,0,1,60,10,42,44,,,1.05,0.9933,7,7,7,0,41.8,0.926,1,1,0,0,,38,35,,2000,0,1,0,0,,,0,,35,0,1
11/19/2024,0.06,BoSP,1.4,0,5440,0,,9.6,0,0.4,0.1,0,0.5,4,8,7,3.276,38,0.9828,35,0.9851,,1.05,1.03,35,35,,0.9851,1,1,25,0.1,1,60,10,42,44,,,1.05,0.9933,7,7,7,0,41.8,0.926,1,1,0,0,,38,35,,2000,0,1,0,0,,,0,,35,0,1
11/19/2024,11,EoSP,10.9,127.1,83600,127.8,,147.9,14.1,6,1.1,0,7.1,4,8,7,3.276,38,0.9828,35,0.9851,,1.05,1.03,35,35,,0.9851,1,1,25,0,1,60,10,42,44,,,1.05,0.9933,7,7,7,0,41.8,0.926,1,1,0,0,,38,35,,2000,0,1,0,0,,,0,,35,0,1
11/19/2024,12,WAY,1,0,8782,0,,15.5,0,0.7,0.1,0,0.8,4,8,7,3.276,38,0.9828,35,0.9851,,1.05,1.03,35,35,,0.9851,1,1,25,0,1,60,10,42,44,,,1.05,0.9933,7,7,7,0,41.8,0.926,1,1,0,0,,38,35,,2000,0,1,0,0,,,0,,35,0,1
11/19/2024,14,FWE,2,0,9188,0,,16.3,0,0.6,0.2,0,0.8,4,8,7,3.276,38,0.9828,35,0.9851,,1.05,1.03,35,35,,0.9851,1,1,25,0.1,1,60,10,42,44,,,1.05,0.9933,7,7,7,0,41.8,0.926,1,1,0,0,,38,35,,2000,0,1,0,0,,,0,,35,0,1
11/20/2024,5.06,PORT,15.1,0,0,0,,0,0,0,1.5,0.9,2.4,4,8,7,3.276,38,0.9828,35,0.9851,,1.05,1.03,35,35,,0.9851,1,1,25,0,1,60,10,42,44,,,1.05,0.9933,7,7,7,0,41.8,0.926,1,1,0,0,,38,35,,2000,0,1,0,0,,,0,,35,0,1
11/20/2024,7.36,BoSP,2.5,0,17200,0,,30.4,0,1.3,0.2,0,1.5,4,8,7,3.276,38,0.9828,35,0.9851,,1.05,1.03,35,35,,0.9851,1,1,25,0.2,1,60,10,42,44,,,1.05,0.9933,7,7,7,0,41.8,0.926,1,1,0,0,,38,35,,2000,0,1,0,0,,,0,,35,0,1
11/20/2024,12,SEA,4.4,53.6,41300,156.4,,73.1,26.7,3.9,0.5,0,4.4,4,8,7,3.276,38,0.9828,35,0.9851,,1.05,1.03,35,35,,0.9851,1,1,25,0,1,60,10,42,44,,,1.05,0.9933,7,7,7,0,41.8,0.926,1,1,0,0,,38,35,,2000,0,1,0,0,,,0,,35,0,1
11/20/2024,17.06,EoSP,5.1,62.6,44610,145.8,,78.9,20.7,4,0.5,0,4.5,4,8,7,3.276,38,0.9828,35,0.9851,,1.05,1.03,35,35,,0.9851,1,1,25,0,1,60,10,42,44,,,1.05,0.9933,7,7,7,0,41.8,0.926,1,1,0,0,,38,35,,2000,0,1,0,0,,,0,,35,0,1
11/20/2024,21,FWE,3.8,0,15440,0,,27.3,0,1.1,0.3,0,1.4,4,8,7,3.276,38,0.9828,35,0.9851,,1.05,1.03,35,35,,0.9851,1,1,25,0.1,1,60,10,42,44,,,1.05,0.9933,7,7,7,0,41.8,0.926,1,1,0,0,,38,35,,2000,0,1,0,0,,,0,,35,0,1
11/21/2024,9.18,PORT,12.3,0,0,0,,0,0,0,1.2,0.7,1.9,4,8,7,3.276,38,0.9828,35,0.9851,,1.05,1.03,35,35,,0.9851,1,1,25,0,1,60,10,42,44,,,1.05,0.9933,7,7,7,0,41.8,0.926,1,1,0,0,,38,35,,2000,0,1,0,0,,,0,,35,0,1
11/21/2024,10.3,BoSP,1.2,0,6530,0,,11.6,0,0.5,0.1,0,0.6,4,8,7,3.276,38,0.9828,35,0.9851,,1.05,1.03,35,35,,0.9851,1,1,25,0.1,1,60,10,42,44,,,1.05,0.9933,7,7,7,0,41.8,0.926,1,1,0,0,,38,35,,2000,0,1,0,0,,,0,,35,0,1
11/21/2024,12,SEA,1.5,16.6,11230,124.8,,19.9,16.6,0.7,0.2,0,0.9,4,8,7,3.276,38,0.9828,35,0.9851,,1.05,1.03,35,35,,0.9851,1,1,25,0,1,60,10,42,44,,,1.05,0.9933,7,7,7,0,41.8,0.926,1,1,0,0,,38,35,,2000,0,1,0,0,,,0,,35,0,1
11/21/2024,22,EoSP,10,108.7,76080,126.8,,134.6,19.2,5.3,1,0,6.3,4,8,7,3.276,38,0.9828,35,0.9851,,1.05,1.03,35,35,,0.9851,1,1,25,0,1,60,10,42,44,,,1.05,0.9933,7,7,7,0,41.8,0.926,1,1,0,0,,38,35,,2000,0,1,0,0,,,0,,35,1,1
11/22/2024,1,FWE,3,0,17720,0,,31.3,0,1.2,0.3,0,1.5,4,8,7,3.276,38,0.9828,35,0.9851,,1.05,1.03,35,35,,0.9851,1,1,25,0,1,60,10,42,44,,,1.05,0.9933,7,7,7,0,41.8,0.926,1,1,0,0,,38,35,,2000,0,1,0,0,,,0,,35,1,1
11/22/2024,12,PORT,11,0,0,0,,0,0,0,1.1,0.8,1.9,4,8,7,3.276,38,0.9828,35,0.9851,,1.05,1.03,35,35,,0.9851,1,1,25,0,1,60,10,42,44,,,1.05,0.9933,7,7,7,0,41.8,0.926,1,1,0,0,,38,35,,2000,0,1,0,0,,,0,,35,1,1
11/22/2024,19.06,PORT,7.1,0,0,0,,0,0,0,0.8,0.5,1.3,4,8,7,3.276,38,0.9828,35,0.9851,,1.05,1.03,35,35,,0.9851,1,1,25,0,1,60,10,42,44,,,1.05,0.9933,7,7,7,0,41.8,0.926,1,1,0,0,,38,35,,2000,0,1,0,0,,,0,,35,1,1
11/22/2024,22.12,BoSP,3.1,0,16910,0,,29.9,0,1.2,0.2,0,1.4,4,8,7,3.276,38,0.9828,35,0.9851,,1.05,1.03,35,35,,0.9851,1,1,25,0.1,1,60,10,42,44,,,1.05,0.9933,7,7,7,0,41.8,0.926,1,1,0,0,,38,35,,2000,0,1,0,0,,,0,,35,1,1
11/23/2024,10,EoSP,11.8,114.6,88440,124.9,,156.4,26.7,6.1,1.2,0,7.3,4,8,7,3.276,38,0.9828,35,0.9851,,1.05,1.03,35,35,,0.9851,1,1,25,0,1,60,10,42,44,,,1.05,0.9933,7,7,7,0,41.8,0.926,1,1,0,0,,38,35,,2000,0,1,0,0,,,0,,35,1,1
11/23/2024,12,WAY,2,0,9210,0,,16.3,0,0.5,0.2,0,0.7,4,8,7,3.276,38,0.9828,35,0.9851,,1.05,1.03,35,35,,0.9851,1,1,25,0,1,60,10,42,44,,,1.05,0.9933,7,7,7,0,41.8,0.926,1,1,0,0,,38,35,,2000,0,1,0,0,,,0,,35,1,1
11/23/2024,14.06,FWE,2.1,0,8860,0,,15.7,0,0.4,0.2,0.1,0.7,4,8,7,3.276,38,0.9828,35,0.9851,,1.05,1.03,35,35,,0.9851,1,1,25,0,1,60,10,42,44,,,1.05,0.9933,7,7,7,0,41.8,0.926,1,1,0,0,,38,35,,2000,0,1,0,0,,,0,,35,1,1
11/24/2024,6.24,PORT,16.3,0,0,0,,0,0,0,1.7,0.9,2.6,4,8,7,3.276,38,0.9828,35,0.9851,,1.05,1.03,35,35,,0.9851,1,1,25,0,1,60,10,42,44,,,1.05,0.9933,7,7,7,0,41.8,0.926,1,1,0,0,,38,35,,2000,0,1,0,0,,,0,,35,1,1
11/24/2024,8.18,BoSP,1.9,0,7760,0,,13.7,0,0.5,0.2,0,0.7,4,8,7,3.276,38,0.9828,35,0.9851,,1.05,1.03,35,35,,0.9851,1,1,25,0,1,60,10,42,44,,,1.05,0.9933,7,7,7,0,41.8,0.926,1,1,0,0,,38,35,,2000,0,1,0,0,,,0,,35,1,1
11/24/2024,12,SEA,3.7,37.9,27160,122.3,,48,21,2,0.4,0,2.4,4,8,7,3.276,38,0.9828,35,0.9851,,1.05,1.03,35,35,,0.9851,1,1,25,0,1,60,10,42,44,,,1.05,0.9933,7,7,7,0,41.8,0.926,1,1,0,0,,38,35,,2000,0,1,0,0,,,0,,35,1,1
11/24/2024,20.48,EoSP,8.8,88.7,66870,126.6,,118.3,25,4.3,0.9,0,5.2,4,8,7,3.276,38,0.9828,35,0.9851,,1.05,1.03,35,35,,0.9851,1,1,25,0,1,60,10,42,44,,,1.05,0.9933,7,7,7,0,41.8,0.926,1,1,0,0,,38,35,,2000,0,1,0,0,,,0,,35,0,1
11/24/2024,23.54,FWE,3.1,0,16350,0,,28.9,0,1.2,0.3,0,1.5,4,8,7,3.276,38,0.9828,35,0.9851,,1.05,1.03,35,35,,0.9851,1,1,25,0,1,60,10,42,44,,,1.05,0.9933,7,7,7,0,41.8,0.926,1,1,0,0,,38,35,,2000,0,1,0,0,,,0,,35,1,1
11/25/2024,12,PORT,12.1,0,0,0,,0,0,0,1.2,0.8,2,4,8,7,3.276,38,0.9828,35,0.9851,,1.05,1.03,35,35,,0.9851,1,1,25,0.2,1,60,10,42,44,,,1.05,0.9933,7,7,7,0,41.8,0.926,1,1,0,0,,38,35,,2000,0,1,0,0,,,0,,35,0,1
11/25/2024,16.54,PORT,4.9,0,0,0,,0,0,0,0.5,0.2,0.7,4,8,7,3.276,38,0.9828,35,0.9851,,1.05,1.03,35,35,,0.9851,1,1,25,0,1,60,10,42,44,,,1.05,0.9933,7,7,7,0,41.8,0.926,1,1,0,0,,38,35,,2000,0,1,0,0,,,0,,35,1,1
11/25/2024,20.06,BoSP,3.2,0,15640,0,,27.7,0,1.1,0.3,0,1.4,4,8,7,3.276,38,0.9828,35,0.9851,,1.05,1.03,35,35,,0.9851,1,1,25,0,1,60,10,42,44,,,1.05,0.9933,7,7,7,0,41.8,0.926,1,1,0,0,,38,35,,2000,0,1,0,0,,,0,,35,0,1
11/26/2024,8,EoSP,11.9,117.7,89770,125.7,,158.8,25.9,6.2,1.1,0,7.3,4,8,7,3.276,38,0.9828,35,0.9851,,1.05,1.03,35,35,,0.9851,1,1,25,0,1,60,10,42,44,,,1.05,0.9933,7,7,7,0,41.8,0.926,1,1,0,0,,38,35,,2000,0,1,0,0,,,0,,35,1,1
11/26/2024,11,FWE,3,0,15520,0,,27.5,0,0.9,0.3,0.1,1.3,4,8,7,3.276,38,0.9828,35,0.9851,,1.05,1.03,35,35,,0.9851,1,1,25,0.1,1,60,10,42,44,,,1.05,0.9933,7,7,7,0,41.8,0.926,1,1,0,0,,38,35,,2000,0,1,0,0,,,0,,35,0,1
11/26/2024,12,PORT,1,0,0,0,,0,0,0,0.1,0.1,0.2,4,8,7,3.276,38,0.9828,35,0.9851,,1.05,1.03,35,35,,0.9851,1,1,25,0,1,60,10,42,44,,,1.05,0.9933,7,7,7,0,41.8,0.926,1,1,0,0,,38,35,,2000,0,1,0,0,,,0,,35,1,1
11/27/2024,1.24,PORT,13.4,0,0,0,,0,0,0,1.3,0.8,2.1,4,8,7,3.276,38,0.9828,35,0.9851,,1.05,1.03,35,35,,0.9851,1,1,25,0,1,60,10,42,44,,,1.05,0.9933,7,7,7,0,41.8,0.926,1,1,0,0,,38,35,,2000,0,1,0,0,,,0,,35,0,1
11/27/2024,3.06,BoSP,1.7,0,4490,0,,7.9,0,0.5,0.2,0,0.7,4,8,7,3.276,38,0.9828,35,0.9851,,1.05,1.03,35,35,,0.9851,1,1,25,0.1,1,60,10,42,44,,,1.05,0.9933,7,7,7,0,41.8,0.926,1,1,0,0,,38,35,,2000,0,1,0,0,,,0,,35,1,1
11/27/2024,12,SEA,8.9,102.4,69346,129.9,,122.7,16.5,4.9,0.8,0,5.7,4,8,7,3.276,38,0.9828,35,0.9851,,1.05,1.03,35,35,,0.9851,1,1,25,0,1,60,10,42,44,,,1.05,0.9933,7,7,7,0,41.8,0.926,1,1,0,0,,38,35,,2000,0,1,0,0,,,0,,35,0,1
11/27/2024,14.06,EoSP,2.1,25,18204,144.5,,32.2,22.4,1.6,0.2,0,1.8,4,8,7,3.276,38,0.9828,35,0.9851,,1.05,1.03,35,35,,0.9851,1,1,25,0,1,60,10,42,44,,,1.05,0.9933,7,7,7,0,41.8,0.926,1,1,0,0,,38,35,,2000,0,1,0,0,,,0,,35,0,1
11/27/2024,17,FWE,2.9,0,17910,0,,31.7,0,1.5,0.2,0,1.7,4,8,7,3.276,38,0.9828,35,0.9851,,1.05,1.03,35,35,,0.9851,1,1,25,0.1,1,60,10,42,44,,,1.05,0.9933,7,7,7,0,41.8,0.926,1,1,0,0,,38,35,,2000,0,1,0,0,,,0,,35,0,1
11/28/2024,9,PORT,16,0,0,0,,0,0,0,1.6,0.8,2.4,4,8,7,3.276,38,0.9828,35,0.9851,,1.05,1.03,35,35,,0.9851,1,1,25,0,1,60,10,42,44,,,1.05,0.9933,7,7,7,0,41.8,0.926,1,1,0,0,,38,35,,2000,0,1,0,0,,,0,,35,0,1
11/28/2024,12,BoSP,3,0,20300,0,,35.9,0,1.2,0.3,0,1.5,4,8,7,3.276,38,0.9828,35,0.9851,,1.05,1.03,35,35,,0.9851,1,1,25,0.1,1,60,10,42,44,,,1.05,0.9933,7,7,7,0,41.8,0.926,1,1,0,0,,38,35,,2000,0,1,0,0,,,0,,35,0,1
11/29/2024,0,EoSP,12,116.6,89370,124.1,,158.1,26.2,6.3,1.2,0,7.5,4,8,7,3.276,38,0.9828,35,0.9851,,1.05,1.03,35,35,,0.9851,1,1,25,0,1,60,10,42,44,,,1.05,0.9933,7,7,7,0,41.8,0.926,1,1,0,0,,38,35,,2000,0,1,0,0,,,0,,35,0,1
11/29/2024,3.12,FWE,3.2,0,14620,0,,25.9,0,1.1,0.3,0,1.4,4,8,7,3.276,38,0.9828,35,0.9851,,1.05,1.03,35,35,,0.9851,1,1,25,0.1,1,60,10,42,44,,,1.05,0.9933,7,7,7,0,41.8,0.926,1,1,0,0,,38,35,,2000,0,1,0,0,,,0,,35,0,1
11/29/2024,12,PORT,8.8,0,0,0,,0,0,0,0.8,0.6,1.4,4,8,7,3.276,38,0.9828,35,0.9851,,1.05,1.03,35,35,,0.9851,1,1,25,0,1,60,10,42,44,,,1.05,0.9933,7,7,7,0,41.8,0.926,1,1,0,0,,38,35,,2000,0,1,0,0,,,0,,35,0,1
11/29/2024,19.06,PORT,7.1,0,0,0,,0,0,0,0.7,0.5,1.2,4,8,7,3.276,38,0.9828,35,0.9851,,1.05,1.03,35,35,,0.9851,1,1,25,0,1,60,10,42,44,,,1.05,0.9933,7,7,7,0,41.8,0.926,1,1,0,0,,38,35,,2000,0,1,0,0,,,0,,35,0,1
11/29/2024,21.12,BoSP,2.1,0,10230,0,,18.1,0,0.8,0.2,0,1,4,8,7,3.276,38,0.9828,35,0.9851,,1.05,1.03,35,35,,0.9851,1,1,25,0.1,1,60,10,42,44,,,1.05,0.9933,7,7,7,0,41.8,0.926,1,1,0,0,,38,35,,2000,0,1,0,0,,,0,,35,0,1
11/30/2024,8,EoSP,10.8,124.8,92800,143.2,,164.2,24,7.7,1.1,0,8.8,4,8,7,3.276,38,0.9828,35,0.9851,,1.05,1.03,35,35,,0.9851,1,1,25,0,1,60,10,42,44,,,1.05,0.9933,7,7,7,0,41.8,0.926,1,1,0,0,,38,35,,2000,0,1,0,0,,,0,,35,0,1
11/30/2024,11.3,FWE,3.5,0,17280,0,,30.6,0,1.3,0.2,0,1.5,4,8,7,3.276,38,0.9828,35,0.9851,,1.05,1.03,35,35,,0.9851,1,1,25,0.1,1,60,10,42,44,,,1.05,0.9933,7,7,7,0,41.8,0.926,1,1,0,0,,38,35,,2000,0,1,0,0,,,0,,35,0,1
11/30/2024,12,PORT,0.499999999999999,0,0,0,,0,0,0,0,0.1,0.1,4,8,7,3.276,38,0.9828,35,0.9851,,1.05,1.03,35,35,,0.9851,1,1,25,0,1,60,10,42,44,,,1.05,0.9933,7,7,7,0,41.8,0.926,1,1,0,0,,38,35,,2000,0,1,0,0,,,0,,35,0,1
12/01/2024,7,PORT,19,0,0,0,,0,0,0,1.8,0.9,2.7,4,8,7,3.276,38,0.9828,35,0.9851,,1.05,1.03,35,35,,0.9851,1,1,25,0,1,60,10,42,44,,,1.05,0.9933,7,7,7,0,41.8,0.926,1,1,0,0,,38,35,,2000,0,1,0,0,,,0,,35,0,1
12/01/2024,10.54,BoSP,3.9,0,19730,0,,34.9,0,1.4,0.4,0,1.8,4,8,7,3.276,38,0.9828,35,0.9851,,1.05,1.03,35,35,,0.9851,1,1,25,0.1,1,60,10,42,44,,,1.05,0.9933,7,7,7,0,41.8,0.926,1,1,0,0,,38,35,,2000,0,1,0,0,,,0,,35,0,1
12/01/2024,12,SEA,1.1,10.4,8010,121.4,,14.2,26.8,0.5,0.1,0,0.6,4,8,7,3.276,38,0.9828,35,0.9851,,1.05,1.03,35,35,,0.9851,1,1,25,0,1,60,10,42,44,,,1.05,0.9933,7,7,7,0,41.8,0.926,1,1,0,0,,38,35,,2000,0,1,0,0,,,0,,35,0,1
12/01/2024,23,EoSP,11,108.3,82700,125.3,,146.3,26,5.8,1,0,6.8,4,8,7,3.276,38,0.9828,35,0.9851,,1.05,1.03,35,35,,0.9851,1,1,25,0,1,60,10,42,44,,,1.05,0.9933,7,7,7,0,41.8,0.926,1,1,0,0,,38,35,,2000,0,1,0,0,,,0,,35,0,1
12/02/2024,1.18,FWE,2.3,0,11960,0,,21.2,0,0.8,0.2,0,1,4,8,7,3.276,38,0.9828,35,0.9851,,1.05,1.03,35,35,,0.9851,1,1,25,0.1,1,60,10,42,44,,,1.05,0.9933,7,7,7,0,41.8,0.926,1,1,0,0,,38,35,,2000,0,1,0,0,,,0,,35,0,1
12/02/2024,12,PORT,10.7,0,0,0,,0,0,0,1.2,0.6,1.8,4,8,7,3.276,38,0.9828,35,0.9851,,1.05,1.03,35,35,,0.9851,1,1,25,0,1,60,10,42,44,,,1.05,0.9933,7,7,7,0,41.8,0.926,1,1,0,0,,38,35,,2000,0,1,0,0,,,0,,35,0,1
12/02/2024,13.3,PORT,1.5,0,0,0,,0,0,0,0.2,0.1,0.3,4,8,7,3.276,38,0.9828,35,0.9851,,1.05,1.03,35,35,,0.9851,1,1,25,0,1,60,10,42,44,,,1.05,0.9933,7,7,7,0,41.8,0.926,1,1,0,0,,38,35,,2000,0,1,0,0,,,0,,35,0,1
12/02/2024,15.54,BoSP,2.4,0,11780,0,,20.8,0,0.8,0.2,0,1,4,8,7,3.276,38,0.9828,35,0.9851,,1.05,1.03,35,35,,0.9851,1,1,25,0.1,1,60,10,42,44,,,1.05,0.9933,7,7,7,0,41.8,0.926,1,1,0,0,,38,35,,2000,0,1,0,0,,,0,,35,0,1
12/03/2024,4.12,EoSP,12.3,117.6,87850,119,,155.4,24.3,6.1,1.1,0,7.2,4,8,7,3.276,38,0.9828,35,0.9851,,1.05,1.03,35,35,,0.9851,1,1,25,0,1,60,10,42,44,,,1.05,0.9933,7,7,7,0,41.8,0.926,1,1,0,0,,38,35,,2000,0,1,0,0,,,0,,35,0,1
12/03/2024,8.12,FWE,4,0,18490,0,,32.7,0,0.9,0.3,0.2,1.4,4,8,7,3.276,38,0.9828,35,0.9851,,1.05,1.03,35,35,,0.9851,1,1,25,0.1,1,60,10,42,44,,,1.05,0.9933,7,7,7,0,41.8,0.926,1,1,0,0,,38,35,,2000,0,1,0,0,,,0,,35,0,1
12/03/2024,12,PORT,3.8,0,0,0,,0,0,0,0.5,0.2,0.7,4,8,7,3.276,38,0.9828,35,0.9851,,1.05,1.03,35,35,,0.9851,1,1,25,0,1,60,10,42,44,,,1.05,0.9933,7,7,7,0,41.8,0.926,1,1,0,0,,38,35,,2000,0,1,0,0,,,0,,35,0,1
12/03/2024,22.42,PORT,10.7,0,0,0,,0,0,0,1,0.5,1.5,4,8,7,3.276,38,0.9828,35,0.9851,,1.05,1.03,35,35,,0.9851,1,1,25,0,1,60,10,42,44,,,1.05,0.9933,7,7,7,0,41.8,0.926,1,1,0,0,,38,35,,2000,0,1,0,0,,,0,,35,0,1
12/04/2024,1.3,BoSP,2.8,0,17150,0,,30.3,0,1.2,0.2,0,1.4,4,8,7,3.276,38,0.9828,35,0.9851,,1.05,1.03,35,35,,0.9851,1,1,25,0.2,1,60,10,42,44,,,1.05,0.9933,7,7,7,0,41.8,0.926,1,1,0,0,,38,35,,2000,0,1,0,0,,,0,,35,0,1
12/04/2024,12,SEA,10.5,103.1,79930,126.9,,141.4,27.1,5.4,1,0,6.4,4,8,7,3.276,38,0.9828,35,0.9851,,1.05,1.03,35,35,,0.9851,1,1,25,0,1,60,10,42,44,,,1.05,0.9933,7,7,7,0,41.8,0.926,1,1,0,0,,38,35,,2000,0,1,0,0,,,0,,35,0,1
12/04/2024,13.3,EoSP,1.5,14.9,11460,127.3,,20.3,26.6,0.8,0.2,0,1,4,8,7,3.276,38,0.9828,35,0.9851,,1.05,1.03,35,35,,0.9851,1,1,25,0,1,60,10,42,44,,,1.05,0.9933,7,7,7,0,41.8,0.926,1,1,0,0,,38,35,,2000,0,1,0,0,,,0,,35,0,1
12/04/2024,16,FWE,2.5,0,13010,0,,23,0,0.7,0.2,0,0.9,4,8,7,3.276,38,0.9828,35,0.9851,,1.05,1.03,35,35,,0.9851,1,1,25,0,1,60,10,42,44,,,1.05,0.9933,7,7,7,0,41.8,0.926,1,1,0,0,,38,35,,2000,0,1,0,0,,,0,,35,0,1
12/05/2024,6.48,PORT,14.8,0,0,0,,0,0,0,1.4,0.7,2.1,4,8,7,3.276,38,0.9828,35,0.9851,,1.05,1.03,35,35,,0.9851,1,1,25,0,1,60,10,42,44,,,1.05,0.9933,7,7,7,0,41.8,0.926,1,1,0,0,,38,35,,2000,0,1,0,0,,,0,,35,0,1
12/05/2024,8.3,BoSP,1.7,0,8435,0,,14.9,0,0.5,0.1,0,0.6,4,8,7,3.276,38,0.9828,35,0.9851,,1.05,1.03,35,35,,0.9851,1,1,25,0.1,1,60,10,42,44,,,1.05,0.9933,7,7,7,0,41.8,0.926,1,1,0,0,,38,35,,2000,0,1,0,0,,,0,,35,0,1
12/05/2024,12,SEA,3.5,37.1,26065,124.1,,46.1,19.5,1.7,0.4,0,2.1,4,8,7,3.276,38,0.9828,35,0.9851,,1.05,1.03,35,35,,0.9851,1,1,25,0,1,60,10,42,44,,,1.05,0.9933,7,7,7,0,41.8,0.926,1,1,0,0,,38,35,,2000,0,1,0,0,,,0,,35,0,1
12/05/2024,19.48,EoSP,7.8,84.4,58810,125.7,,104,18.8,4.3,0.8,0,5.1,4,8,7,3.276,38,0.9828,35,0.9851,,1.05,1.03,35,35,,0.9851,1,1,25,0,1,60,10,42,44,,,1.05,0.9933,7,7,7,0,41.8,0.926,1,1,0,0,,38,35,,2000,0,1,0,0,,,0,,35,0,1
12/05/2024,23.12,FWE,3.4,0,19590,0,,34.7,0,1.2,0.3,0,1.5,4,8,7,3.276,38,0.9828,35,0.9851,,1.05,1.03,35,35,,0.9851,1,1,25,0.1,1,60,10,42,44,,,1.05,0.9933,7,7,7,0,41.8,0.926,1,1,0,0,,38,35,,2000,0,1,0,0,,,0,,35,0,1
12/06/2024,12,PORT,12.8,0,0,0,,0,0,0,1.2,0.7,1.9,4,8,7,3.276,38,0.9828,35,0.9851,,1.05,1.03,35,35,,0.9851,1,1,25,0,1,60,10,42,44,,,1.05,0.9933,7,7,7,0,41.8,0.926,1,1,0,0,,38,35,,2000,0,1,0,0,,,0,,35,0,1
12/06/2024,15.42,PORT,3.7,0,0,0,,0,0,0,0.4,0.2,0.6,4,8,7,3.276,38,0.9828,35,0.9851,,1.05,1.03,35,35,,0.9851,1,1,25,0,1,60,10,42,44,,,1.05,0.9933,7,7,7,0,41.8,0.926,1,1,0,0,,38,35,,2000,0,1,0,0,,,0,,35,0,1
12/06/2024,18.18,BoSP,2.6,0,16160,0,,28.6,0,1.1,0.2,0,1.3,4,8,7,3.276,38,0.9828,35,0.9851,,1.05,1.03,35,35,,0.9851,1,1,25,0,1,60,10,42,44,,,1.05,0.9933,7,7,7,0,41.8,0.926,1,1,0,0,,38,35,,2000,0,1,0,0,,,0,,35,0,1
12/07/2024,5.24,EoSP,11.1,119.8,85590,128.5,,151.4,20.9,6.2,1,0,7.2,4,8,7,3.276,38,0.9828,35,0.9851,,1.05,1.03,35,35,,0.9851,1,1,25,0,1,60,10,42,44,,,1.05,0.9933,7,7,7,0,41.8,0.926,1,1,0,0,,38,35,,2000,0,1,0,0,,,0,,35,0,1
12/07/2024,7.48,FWE,2.4,0,13420,0,,23.7,0,0.8,0.2,0,1,4,8,7,3.276,38,0.9828,35,0.9851,,1.05,1.03,35,35,,0.9851,1,1,25,0.1,1,60,10,42,44,,,1.05,0.9933,7,7,7,0,41.8,0.926,1,1,0,0,,38,35,,2000,0,1,0,0,,,0,,35,0,1
12/07/2024,12,PORT,4.2,0,0,0,,0,0,0,0.4,0.2,0.6,4,8,7,3.276,38,0.9828,35,0.9851,,1.05,1.03,35,35,,0.9851,1,1,25,0,1,60,10,42,44,,,1.05,0.9933,7,7,7,0,41.8,0.926,1,1,0,0,,38,35,,2000,0,1,0,0,,,0,,35,0,1
12/07/2024,19,PORT,7,0,0,0,,0,0,0,0.7,0.3,1,4,8,7,3.276,38,0.9828,35,0.9851,,1.05,1.03,35,35,,0.9851,1,1,25,0,1,60,10,42,44,,,1.05,0.9933,7,7,7,0,41.8,0.926,1,1,0,0,,38,35,,2000,0,1,0,0,,,0,,35,0,1
12/07/2024,20.3,BoSP,1.5,0,8310,0,,14.7,0,0.8,0.1,0,0.9,4,8,7,3.276,38,0.9828,35,0.9851,,1.05,1.03,35,35,,0.9851,1,1,25,0,1,60,10,42,44,,,1.05,0.9933,7,7,7,0,41.8,0.926,1,1,0,0,,38,35,,2000,0,1,0,0,,,0,,35,0,1
12/08/2024,8,EoSP,11.5,125.1,88870,128.8,,157.2,20.4,6.5,1.1,0,7.6,4,8,7,3.276,38,0.9828,35,0.9851,,1.05,1.03,35,35,,0.9851,1,1,25,0,1,60,10,42,44,,,1.05,0.9933,7,7,7,0,41.8,0.926,1,1,0,0,,38,35,,2000,0,1,0,0,,,0,,35,0,1
12/08/2024,10.48,FWE,2.8,0,16540,0,,29.3,0,1.1,0.2,0,1.3,4,8,7,3.276,38,0.9828,35,0.9851,,1.05,1.03,35,35,,0.9851,1,1,25,0.1,1,60,10,42,44,,,1.05,0.9933,7,7,7,0,41.8,0.926,1,1,0,0,,38,35,,2000,0,1,0,0,,,0,,35,0,1
12/08/2024,12,PORT,1.2,0,0,0,,0,0,0,0.2,0.1,0.3,4,8,7,3.276,38,0.9828,35,0.9851,,1.05,1.03,35,35,,0.9851,1,1,25,0,1,60,10,42,44,,,1.05,0.9933,7,7,7,0,41.8,0.926,1,1,0,0,,38,35,,2000,0,1,0,0,,,0,,35,0,1
12/09/2024,4.3,PORT,16.5,0,0,0,,0,0,0,1.6,1,2.6,4,8,7,3.276,38,0.9828,35,0.9851,,1.05,1.03,35,35,,0.9851,1,1,25,0,1,60,10,42,44,,,1.05,0.9933,7,7,7,0,41.8,0.926,1,1,0,0,,38,35,,2000,0,1,0,0,,,0,,35,0,1
12/09/2024,7,BoSP,2.5,0,15730,0,,27.8,0,1.3,0.2,0,1.5,4,8,7,3.276,38,0.9828,35,0.9851,,1.05,1.03,35,35,,0.9851,1,1,25,0.2,1,60,10,42,44,,,1.05,0.9933,7,7,7,0,41.8,0.926,1,1,0,0,,38,35,,2000,0,1,0,0,,,0,,35,0,1
12/09/2024,12,SEA,5,57.3,46670,155.6,,82.6,30.6,4.5,0.5,0,5,4,8,7,3.276,38,0.9828,35,0.9851,,1.05,1.03,35,35,,0.9851,1,1,25,0,1,60,10,42,44,,,1.05,0.9933,7,7,7,0,41.8,0.926,1,1,0,0,,38,35,,2000,0,1,0,0,,,0,,35,0,1
12/09/2024,17,EoSP,5,62.1,42760,142.5,,75.6,17.9,3.8,0.5,0,4.3,4,8,7,3.276,38,0.9828,35,0.9851,,1.05,1.03,35,35,,0.9851,1,1,25,0,1,60,10,42,44,,,1.05,0.9933,7,7,7,0,41.8,0.926,1,1,0,0,,38,35,,2000,0,1,0,0,,,0,,35,0,1
12/09/2024,19.54,FWE,2.9,0,14570,0,,25.8,0,1,0.2,0,1.2,4,8,7,3.276,38,0.9828,35,0.9851,,1.05,1.03,35,35,,0.9851,1,1,25,0,1,60,10,42,44,,,1.05,0.9933,7,7,7,0,41.8,0.926,1,1,0,0,,38,35,,2000,0,1,0,0,,,0,,35,0,1
12/10/2024,12,PORT,16.1,0,0,0,,0,0,0,1.6,0.8,2.4,4,8,7,3.276,38,0.9828,35,0.9851,,1.05,1.03,35,35,,0.9851,1,1,25,0,1,60,10,42,44,,,1.05,0.9933,7,7,7,0,41.8,0.926,1,1,0,0,,38,35,,2000,0,1,0,0,,,0,,35,0,1
12/10/2024,12.54,PORT,0.899999999999999,0,0,0,,0,0,0,0.1,0,0.1,4,8,7,3.276,38,0.9828,35,0.9851,,1.05,1.03,35,35,,0.9851,1,1,25,0,1,60,10,42,44,,,1.05,0.9933,7,7,7,0,41.8,0.926,1,1,0,0,,38,35,,2000,0,1,0,0,,,0,,35,0,1
12/10/2024,14.3,BoSP,1.6,0,7410,0,,13.1,0,0.6,0.1,0.1,0.8,4,8,7,3.276,38,0.9828,35,0.9851,,1.05,1.03,35,35,,0.9851,1,1,25,0.1,1,60,10,42,44,,,1.05,0.9933,7,7,7,0,41.8,0.926,1,1,0,0,,38,35,,2000,0,1,0,0,,,0,,35,0,1
12/11/2024,2.18,EoSP,11.8,121.3,87980,124.3,,155.6,22,6.1,1.1,0,7.2,4,8,7,3.276,38,0.9828,35,0.9851,,1.05,1.03,35,35,,0.9851,1,1,25,0,1,60,10,42,44,,,1.05,0.9933,7,7,7,0,41.8,0.926,1,1,0,0,,38,35,,2000,0,1,0,0,,,0,,35,0,1
12/11/2024,6.12,FWE,3.9,0,19110,0,,33.8,0,1.3,0.3,0,1.6,4,8,7,3.276,38,0.9828,35,0.9851,,1.05,1.03,35,35,,0.9851,1,1,25,0.1,1,60,10,42,44,,,1.05,0.9933,7,7,7,0,41.8,0.926,1,1,0,0,,38,35,,2000,0,1,0,0,,,0,,35,0,1
12/11/2024,12,PORT,5.8,0,0,0,,0,0,0,0.6,0.3,0.9,4,8,7,3.276,38,0.9828,35,0.9851,,1.05,1.03,35,35,,0.9851,1,1,25,0,1,60,10,42,44,,,1.05,0.9933,7,7,7,0,41.8,0.926,1,1,0,0,,38,35,,2000,0,1,0,0,,,0,,35,0,1
12/12/2024,6.36,PORT,18.6,0,0,0,,0,0,0,1.9,0.9,2.8,4,8,7,3.276,38,0.9828,35,0.9851,,1.05,1.03,35,35,,0.9851,1,1,25,0,1,60,10,42,44,,,1.05,0.9933,7,7,7,0,41.8,0.926,1,1,0,0,,38,35,,2000,0,1,0,0,,,0,,35,0,1
12/12/2024,9.12,BoSP,2.6,0,17430,0,,30.8,0,1.5,0.2,0,1.7,4,8,7,3.276,38,0.9828,35,0.9851,,1.05,1.03,35,35,,0.9851,1,1,25,0.1,1,60,10,42,44,,,1.05,0.9933,7,7,7,0,41.8,0.926,1,1,0,0,,38,35,,2000,0,1,0,0,,,0,,35,0,1
12/12/2024,12,SEA,2.8,33.4,24300,144.6,,43,22.3,2,0.3,0,2.3,4,8,7,3.276,38,0.9828,35,0.9851,,1.05,1.03,35,35,,0.9851,1,1,25,0,1,60,10,42,44,,,1.05,0.9933,7,7,7,0,41.8,0.926,1,1,0,0,,38,35,,2000,0,1,0,0,,,0,,35,0,1
12/12/2024,19,EoSP,7,83.3,60440,143.9,,106.9,22.1,5.2,0.7,0,5.9,4,8,7,3.276,38,0.9828,35,0.9851,,1.05,1.03,35,35,,0.9851,1,1,25,0,1,60,10,42,44,,,1.05,0.9933,7,7,7,0,41.8,0.926,1,1,0,0,,38,35,,2000,0,1,0,0,,,0,,35,0,1
12/13/2024,5.18,FWE,10.5,0,19950,0,,35.3,0,1.4,0.9,0.4,2.7,4,8,7,3.276,38,0.9828,35,0.9851,,1.05,1.03,35,35,,0.9851,1,1,25,0.1,1,60,10,42,44,,,1.05,0.9933,7,7,7,0,41.8,0.926,1,1,0,0,,38,35,,2000,0,1,0,0,,,0,,35,0,1
12/13/2024,12,PORT,6.7,0,0,0,,0,0,0,0.7,0.3,1,4,8,7,3.276,38,0.9828,35,0.9851,,1.05,1.03,35,35,,0.9851,1,1,25,0,1,60,10,42,44,,,1.05,0.9933,7,7,7,0,41.8,0.926,1,1,0,0,,38,35,,2000,0,1,0,0,,,0,,35,0,1
12/13/2024,17.36,PORT,5.6,0,0,0,,0,0,0,0.6,0.3,0.9,4,8,7,3.276,38,0.9828,35,0.9851,,1.05,1.03,35,35,,0.9851,1,1,25,0,1,60,10,42,44,,,1.05,0.9933,7,7,7,0,41.8,0.926,1,1,0,0,,38,35,,2000,0,1,0,0,,,0,,35,0,1
12/13/2024,18.48,BoSP,1.2,0,7170,0,,12.7,0,0.5,0.1,0,0.6,4,8,7,3.276,38,0.9828,35,0.9851,,1.05,1.03,35,35,,0.9851,1,1,25,0.1,1,0,10,42,44,,,1.05,0.9933,7,7,7,0,41.8,0.926,1,1,0,0,,38,35,,2000,0,1,0,0,,,0,,35,0,1
12/14/2024,5.3,EoSP,10.7,120.7,81730,127.3,,144.6,16.5,6.1,1.1,0,7.2,4,8,7,3.276,38,0.9828,35,0.9851,,1.05,1.03,35,35,,0.9851,1,1,25,0,1,20,10,42,44,,,1.05,0.9933,7,7,7,0,41.8,0.926,1,1,0,0,,38,35,,2000,0,1,0,0,,,0,,35,0,1
12/14/2024,9.42,FWE,4.2,0,19830,0,,35.1,0,1.4,0.3,0,1.7,4,8,7,3.276,38,0.9828,35,0.9851,,1.05,1.03,35,35,,0.9851,1,1,25,0.1,1,20,10,42,44,,,1.05,0.9933,7,7,7,0,41.8,0.926,1,1,0,0,,38,35,,2000,0,1,0,0,,,0,,35,0,1
12/14/2024,12,PORT,2.3,0,0,0,,0,0,0,0.2,0.2,0.4,4,8,7,3.276,38,0.9828,35,0.9851,,1.05,1.03,35,35,,0.9851,1,1,25,0,1,20,10,42,44,,,1.05,0.9933,7,7,7,0,41.8,0.926,1,1,0,0,,38,35,,2000,0,1,0,0,,,0,,35,0,1
12/14/2024,21,PORT,9,0,0,0,,0,0,0,0.9,0.6,1.5,4,8,7,3.276,38,0.9828,35,0.9851,,1.05,1.03,35,35,,0.9851,1,1,25,0,1,20,10,42,44,,,1.05,0.9933,7,7,7,0,41.8,0.926,1,1,0,0,,38,35,,2000,0,1,0,0,,,0,,35,0,1
12/14/2024,23.3,BoSP,2.5,0,15770,0,,27.9,0,1.2,0.2,0,1.4,4,8,7,3.276,38,0.9828,35,0.9851,,1.05,1.03,35,35,,0.9851,1,1,25,0.1,1,20,10,42,44,,,1.05,0.9933,7,7,7,0,41.8,0.926,1,1,0,0,,38,35,,2000,0,1,0,0,,,0,,35,0,1
12/15/2024,12,EoSP,12.5,120.3,94830,126.4,,167.7,28.3,6.5,1.2,0,7.7,4,8,7,3.276,38,0.9828,35,0.9851,,1.05,1.03,35,35,,0.9851,1,1,25,0,1,20,10,42,44,,,1.05,0.9933,7,7,7,0,41.8,0.926,1,1,0,0,,38,35,,2000,0,1,0,0,,,0,,35,0,1
12/15/2024,16.42,FWE,4.7,0,13770,0,,24.4,0,1.1,0.4,0,1.5,4,8,7,3.276,38,0.9828,35,0.9851,,1.05,1.03,35,35,,0.9851,1,1,25,0.1,1,20,10,42,44,,,1.05,0.9933,7,7,7,0,41.8,0.926,1,1,0,0,,38,35,,2000,0,1,0,0,,,0,,35,0,1
12/16/2024,6.18,PORT,13.6,0,0,0,,0,0,0,1.3,0.7,2,4,8,7,3.276,38,0.9828,35,0.9851,,1.05,1.03,35,35,,0.9851,1,1,25,0,1,20,10,42,44,,,1.05,0.9933,7,7,7,0,41.8,0.926,1,1,0,0,,38,35,,2000,0,1,0,0,,,0,,35,0,1
12/16/2024,8.36,FWE,2.3,0,12090,0,,21.4,0,0.9,0.1,0,1,4,8,7,3.276,38,0.9828,35,0.9851,,1.05,1.03,35,35,,0.9851,1,1,25,0.1,1,20,10,42,44,,,1.05,0.9933,7,7,7,0,41.8,0.926,1,1,0,0,,38,35,,2000,0,1,0,0,,,0,,35,0,1
12/16/2024,12,ANCH,3.4,0,0,0,,0,0,0,0.5,0.2,0.7,4,8,7,3.276,38,0.9828,35,0.9851,,1.05,1.03,35,35,,0.9851,1,1,25,0,1,20,10,42,44,,,1.05,0.9933,7,7,7,0,41.8,0.926,1,1,0,0,,38,35,,2000,0,1,0,0,,,0,,35,0,1
12/16/2024,14.54,ANCH,2.9,0,0,0,,0,0,0,0.3,0.2,0.5,4,8,7,3.276,38,0.9828,35,0.9851,,1.05,1.03,35,35,,0.9851,1,1,25,0,1,20,10,42,44,,,1.05,0.9933,7,7,7,0,41.8,0.926,1,1,0,0,,38,35,,2000,0,1,0,0,,,0,,35,0,1
12/16/2024,15.36,BoSP,0.700000000000001,0,1370,0,,2.4,0,0.2,0.1,0,0.3,4,8,7,3.276,38,0.9828,35,0.9851,,1.05,1.03,35,35,,0.9851,1,1,25,0,1,20,10,42,44,,,1.05,0.9933,7,7,7,0,41.8,0.926,1,1,0,0,,38,35,,2000,0,1,0,0,,,0,,35,0,1
12/17/2024,3.48,EoSP,12.2,120.5,91870,125.5,,162.5,25.8,6.4,1.1,0,7.5,4,8,7,3.276,38,0.9828,35,0.9851,,1.05,1.03,35,35,,0.9851,1,1,25,0,1,20,10,42,44,,,1.05,0.9933,7,7,7,0,41.8,0.926,1,1,0,0,,38,35,,2000,0,1,0,0,,,0,,35,0,1
12/17/2024,7.42,FWE,3.9,0,18310,0,,32.4,0,1.2,0.3,0,1.5,4,8,7,3.276,38,0.9828,35,0.9851,,1.05,1.03,35,35,,0.9851,1,1,25,0.1,1,20,10,42,44,,,1.05,0.9933,7,7,7,0,41.8,0.926,1,1,0,0,,38,35,,2000,0,1,0,0,,,0,,35,0,1
12/17/2024,12,PORT,4.3,0,0,0,,0,0,0,0.4,0.2,0.6,4,8,7,3.276,38,0.9828,35,0.9851,,1.05,1.03,35,35,,0.9851,1,1,25,0,1,20,10,42,44,,,1.05,0.9933,7,7,7,0,41.8,0.926,1,1,0,0,,38,35,,2000,0,1,0,0,,,0,,35,0,1
12/18/2024,3,PORT,15,0,0,0,,0,0,0,1.5,0.8,2.3,4,8,7,3.276,38,0.9828,35,0.9851,,1.05,1.03,35,35,,0.9851,1,1,25,0,1,20,10,42,44,,,1.05,0.9933,7,7,7,0,41.8,0.926,1,1,0,0,,38,35,,2000,0,1,0,0,,,0,,35,0,1
12/18/2024,5.3,BoSP,2.5,0,16400,0,,29,0,1.5,0.2,0.1,1.8,4,8,7,3.276,38,0.9828,35,0.9851,,1.1,1.08,35,35,,0.9851,1,1,25,0,1,20,10,42,44,,,1.1,0.9933,7,7,7,0,41.8,0.926,1,1,0,0,,38,35,,2000,0,1,0,0,,,0,,35,0,1
12/18/2024,12,SEA,6.5,62.8,49410,126.7,,87.4,28.1,3.7,0.6,0,4.3,4,8,7,3.276,38,0.9828,35,0.9851,,1.1,1.08,35,35,,0.9851,1,1,25,0,1,20,10,42,44,,,1.1,0.9933,7,7,7,0,41.8,0.926,1,1,0,0,,38,35,,2000,0,1,0,0,,,0,,35,0,1
12/18/2024,18.3,EoSP,6.5,65.2,49520,127,,87.6,25.6,3.6,0.7,0,4.3,4,8,7,3.276,38,0.9828,35,0.9851,,1.1,1.08,35,35,,0.9851,1,1,25,0,1,20,10,42,44,,,1.1,0.9933,7,7,7,0,41.8,0.926,1,1,0,0,,38,35,,2000,0,1,0,0,,,0,,35,0,1
12/18/2024,22.24,FWE,3.9,0,17120,0,,30.3,0,1.1,0.3,0.2,1.6,4,8,7,3.276,38,0.9828,35,0.9851,,1.1,1.08,35,35,,0.9851,1,1,25,0.1,1,20,10,42,44,,,1.1,0.9933,7,7,7,0,41.8,0.926,1,1,0,0,,38,35,,2000,0,1,0,0,,,0,,35,0,1
12/19/2024,11.3,PORT,13.1,0,0,0,,0,0,0,1.3,0.8,2.1,4,8,7,3.276,38,0.9828,35,0.9851,,1.1,1.08,35,35,,0.9851,1,1,25,0,1,20,10,42,44,,,1.1,0.9933,7,7,7,0,41.8,0.926,1,1,0,0,,38,35,,2000,0,1,0,0,,,0,,35,0,1
12/19/2024,12,WAY,0.499999999999999,0,1610,0,,2.8,0,0.1,0,0,0.1,4,8,7,3.276,38,0.9828,35,0.9851,,1.1,1.08,35,35,,0.9851,1,1,25,0.1,1,20,10,42,44,,,1.1,0.9933,7,7,7,0,41.8,0.926,1,1,0,0,,38,35,,2000,0,1,0,0,,,0,,35,0,1
12/19/2024,13.06,BoSP,1.1,0,6830,0,,12.1,0,0.6,0.1,0,0.7,4,8,7,3.276,38,0.9828,35,0.9851,,1.1,1.08,35,35,,0.9851,1,1,25,0,1,20,10,42,44,,,1.1,0.9933,7,7,7,0,41.8,0.926,1,1,0,0,,38,35,,2000,0,1,0,0,,,0,,35,0,1
12/20/2024,3,EoSP,13.9,135.5,103240,123.8,,182.6,25.8,7.5,1.4,0,8.9,4,8,7,3.276,38,0.9828,35,0.9851,,1.1,1.08,35,35,,0.9851,1,1,25,0,1,20,10,42,44,,,1.1,0.9933,7,7,7,0,41.8,0.926,1,1,0,0,,38,35,,2000,0,1,0,0,,,0,,35,0,1
12/20/2024,6.3,FWE,3.5,0,18260,0,,32.3,0,1.4,0.3,0.1,1.8,4,8,7,3.276,38,0.9828,35,0.9851,,1.1,1.08,35,35,,0.9851,1,1,25,0.1,1,20,10,42,44,,,1.1,0.9933,7,7,7,0,41.8,0.926,1,1,0,0,,38,35,,2000,0,1,0,0,,,0,,35,0,1
12/20/2024,12,PORT,5.5,0,0,0,,0,0,0,0.8,0.6,1.4,4,8,7,3.276,38,0.9828,35,0.9851,,1.1,1.08,35,35,,0.9851,1,1,25,0,1,20,10,42,44,,,1.1,0.9933,7,7,7,0,41.8,0.926,1,1,0,0,,38,35,,2000,0,1,0,0,,,0,,35,0,1
12/20/2024,22.12,PORT,10.2,0,0,0,,0,0,0,1,0.5,1.5,4,8,7,3.276,38,0.9828,35,0.9851,,1.1,1.08,35,35,,0.9851,1,1,25,0,1,20,10,42,44,,,1.1,0.9933,7,7,7,0,41.8,0.926,1,1,0,0,,38,35,,2000,0,1,0,0,,,0,,35,0,1
12/21/2024,0.3,BoSP,2.3,0,16190,0,,28.6,0,1.4,0.2,0,1.6,4,8,7,3.276,38,0.9828,35,0.9851,,1.1,1.08,35,35,,0.9851,1,1,25,0.1,1,20,10,42,44,,,1.1,0.9933,7,7,7,0,41.8,0.926,1,1,0,0,,38,35,,2000,0,1,0,0,,,0,,35,0,1
12/21/2024,12,EoSP,11.5,108.8,85280,123.6,,150.9,27.9,5.8,1.2,0,7,4,8,7,3.276,38,0.9828,35,0.9851,,1.1,1.08,35,35,,0.9851,1,1,25,0,1,20,10,42,44,,,1.1,0.9933,7,7,7,0,41.8,0.926,1,1,0,0,,38,35,,2000,0,1,0,0,,,0,,35,0,1
12/21/2024,18,FWE,6,0,22380,0,,39.6,0,1.4,0.6,0.2,2.2,4,8,7,3.276,38,0.9828,35,0.9851,,1.1,1.08,35,35,,0.9851,1,1,25,0.1,1,20,10,42,44,,,1.1,0.9933,7,7,7,0,41.8,0.926,1,1,0,0,,38,35,,2000,0,1,0,0,,,0,,35,0,1
12/22/2024,4.42,PORT,10.7,0,0,0,,0,0,0,1,0.5,1.5,4,8,7,3.276,38,0.9828,35,0.9851,,1.1,1.08,35,35,,0.9851,1,1,25,0,1,20,10,42,44,,,1.1,0.9933,7,7,7,0,41.8,0.926,1,1,0,0,,38,35,,2000,0,1,0,0,,,0,,35,0,1
12/22/2024,5.42,BoSP,1,0,4830,0,,8.5,0,0.6,0.1,0,0.7,4,8,7,3.276,38,0.9828,35,0.9851,,1.1,1.08,35,35,,0.9851,1,1,25,0.1,1,20,10,42,44,,,1.1,0.9933,7,7,7,0,41.8,0.926,1,1,0,0,,38,35,,2000,0,1,0,0,,,0,,35,0,1
12/22/2024,12,SEA,6.3,63.4,47430,125.5,,83.9,24.4,3.5,0.6,0,4.1,4,8,7,3.276,38,0.9828,35,0.9851,,1.1,1.08,35,35,,0.9851,1,1,25,0,1,20,10,42,44,,,1.1,0.9933,7,7,7,0,41.8,0.926,1,1,0,0,,38,35,,2000,0,1,0,0,,,0,,35,0,1
12/22/2024,18.12,EoSP,6.2,63.1,48720,131,,86.2,26.8,3.9,0.6,0,4.5,4,8,7,3.276,38,0.9828,35,0.9851,,1.1,1.08,35,35,,0.9851,1,1,25,0,1,20,10,42,44,,,1.1,0.9933,7,7,7,0,41.8,0.926,1,1,0,0,,38,35,,2000,0,1,0,0,,,0,,35,0,1
12/22/2024,21.18,FWE,3.1,0,18000,0,,31.8,0,1.4,0.3,0,1.7,4,8,7,3.276,38,0.9828,35,0.9851,,1.1,1.08,35,35,,0.9851,1,1,25,0.1,1,20,10,42,44,,,1.1,0.9933,7,7,7,0,41.8,0.926,1,1,0,0,,38,35,,2000,0,1,0,0,,,0,,35,0,1
12/23/2024,8.12,PORT,10.9,0,0,0,,0,0,0,1,0.7,1.7,4,8,7,3.276,38,0.9828,35,0.9851,,1.1,1.08,35,35,,0.9851,1,1,25,0,1,20,10,42,44,,,1.1,0.9933,7,7,7,0,41.8,0.926,1,1,0,0,,38,35,,2000,0,1,0,0,,,0,,35,0,1
12/23/2024,12,BoSP,3.8,0,27500,0,,48.6,0,2.3,0.3,0,2.6,4,8,7,3.276,38,0.9828,35,0.9851,,1.1,1.08,35,35,,0.9851,1,1,25,0,1,20,10,42,44,,,1.1,0.9933,7,7,7,0,41.8,0.926,1,1,0,0,,38,35,,2000,0,1,0,0,,,0,,35,0,1
12/23/2024,21.48,EoSP,9.8,105.7,77080,131.1,,136.3,22.5,5.8,1,0,6.8,4,8,7,3.276,38,0.9828,35,0.9851,,1.1,1.08,35,35,,0.9851,1,1,25,0,1,20,10,42,44,,,1.1,0.9933,7,7,7,0,41.8,0.926,1,1,0,0,,38,35,,2000,0,1,0,0,,,0,,35,0,1
12/24/2024,0.12,FWE,2.4,0,13000,0,,23,0,1.1,0.2,0.1,1.4,4,8,7,3.276,38,0.9828,35,0.9851,,1.1,1.08,35,35,,0.9851,1,1,25,0,1,20,10,42,44,,,1.1,0.9933,7,7,7,0,41.8,0.926,1,1,0,0,,38,35,,2000,0,1,0,0,,,0,,35,0,1
12/24/2024,12,PORT,11.8,0,0,0,,0,0,0,1.1,0.7,1.8,4,8,7,3.276,38,0.9828,35,0.9851,,1.1,1.08,35,35,,0.9851,1,1,25,0,1,20,10,42,44,,,1.1,0.9933,7,7,7,0,41.8,0.926,1,1,0,0,,38,35,,2000,0,1,0,0,,,0,,35,0,1
12/24/2024,15,BoSP,3,0,12250,0,,21.7,0,0.7,0.3,0.2,1.2,4,8,7,3.276,38,0.9828,35,0.9851,,1.1,1.08,35,35,,0.9851,1,1,25,0.1,1,20,10,42,44,,,1.1,0.9933,7,7,7,0,41.8,0.926,1,1,0,0,,38,35,,2000,0,1,0,0,,,0,,35,0,1
12/25/2024,2,EoSP,11,115.5,81690,123.8,,144.5,20.1,5.6,1.1,0,6.7,4,8,7,3.276,38,0.9828,35,0.9851,,1.1,1.08,35,35,,0.9851,1,1,25,0,1,20,10,42,44,,,1.1,0.9933,7,7,7,0,41.8,0.926,1,1,0,0,,38,35,,2000,0,1,0,0,,,0,,35,0,1
12/25/2024,6.24,FWE,4.4,0,19320,0,,34.2,0,1.2,0.4,0.1,1.7,4,8,7,3.276,38,0.9828,35,0.9851,,1.1,1.08,35,35,,0.9851,1,1,25,0.1,1,20,10,42,44,,,1.1,0.9933,7,7,7,0,41.8,0.926,1,1,0,0,,38,35,,2000,0,1,0,0,,,0,,35,0,1
12/25/2024,12,PORT,5.6,0,0,0,,0,0,0,0.5,0.4,0.9,4,8,7,3.276,38,0.9828,35,0.9851,,1.1,1.08,35,35,,0.9851,1,1,25,0,1,20,10,42,44,,,1.1,0.9933,7,7,7,0,41.8,0.926,1,1,0,0,,38,35,,2000,0,1,0,0,,,0,,35,0,1
12/25/2024,23.36,PORT,11.6,0,0,0,,0,0,0,1.1,0.7,1.8,4,8,7,3.276,38,0.9828,35,0.9851,,1.1,1.08,35,35,,0.9851,1,1,25,0,1,20,10,42,44,,,1.1,0.9933,7,7,7,0,41.8,0.926,1,1,0,0,,38,35,,2000,0,1,0,0,,,0,,35,0,1
12/26/2024,2.06,BoSP,2.5,0,18810,0,,33.3,0,1.7,0.2,0.1,2,4,8,7,3.276,38,0.9828,35,0.9851,,1.1,1.08,35,35,,0.9851,1,1,25,0,1,20,10,42,44,,,1.1,0.9933,7,7,7,0,41.8,0.926,1,1,0,0,,38,35,,2000,0,1,0,0,,,0,,35,0,1
12/26/2024,12,SEA,9.9,101.1,79120,133.2,,140,27.8,5.5,1,0,6.5,4,8,7,3.276,38,0.9828,35,0.9851,,1.1,1.08,35,35,,0.9851,1,1,25,0,1,20,10,42,44,,,1.1,0.9933,7,7,7,0,41.8,0.926,1,1,0,0,,38,35,,2000,0,1,0,0,,,0,,35,0,1
12/26/2024,14,EoSP,2,19.9,15940,132.8,,28.2,29.4,1,0.2,0,1.2,4,8,7,3.276,38,0.9828,35,0.9851,,1.1,1.08,35,35,,0.9851,1,1,25,0,1,20,10,42,44,,,1.1,0.9933,7,7,7,0,41.8,0.926,1,1,0,0,,38,35,,2000,0,1,0,0,,,0,,35,0,1
12/26/2024,16.48,FWE,2.8,0,12970,0,,22.9,0,1,0.3,0.1,1.4,4,8,7,3.276,38,0.9828,35,0.9851,,1.1,1.08,35,35,,0.9851,1,1,25,0,1,20,10,42,44,,,1.1,0.9933,7,7,7,0,41.8,0.926,1,1,0,0,,38,35,,2000,0,1,0,0,,,0,,35,0,1
12/27/2024,6.18,PORT,13.5,0,0,0,,0,0,0,1.3,0.7,2,4,8,7,3.276,38,0.9828,35,0.9851,,1.1,1.08,35,35,,0.9851,1,1,25,0,1,20,10,42,44,,,1.1,0.9933,7,7,7,0,41.8,0.926,1,1,0,0,,38,35,,2000,0,1,0,0,,,0,,35,0,1
12/27/2024,7.24,BoSP,1.1,0,5500,0,,9.7,0,0.5,0.1,0,0.6,4,8,7,3.276,38,0.9828,35,0.9851,,1.1,1.08,35,35,,0.9851,1,1,25,0.1,1,20,10,42,44,,,1.1,0.9933,7,7,7,0,41.8,0.926,1,1,0,0,,38,35,,2000,0,1,0,0,,,0,,35,0,1
12/27/2024,12,SEA,4.6,55.2,34860,126.3,,61.7,10.5,2.5,0.4,0,2.9,4,8,7,3.276,38,0.9828,35,0.9851,,1.1,1.08,35,35,,0.9851,1,1,25,0,1,20,10,42,44,,,1.1,0.9933,7,7,7,0,41.8,0.926,1,1,0,0,,38,35,,2000,0,1,0,0,,,0,,35,0,1
12/27/2024,18.48,EoSP,6.8,72.3,51770,126.9,,91.6,21.1,3.7,0.7,0,4.4,4,8,7,3.276,38,0.9828,35,0.9851,,1.1,1.08,35,35,,0.9851,1,1,25,0,1,20,10,42,44,,,1.1,0.9933,7,7,7,0,41.8,0.926,1,1,0,0,,38,35,,2000,0,1,0,0,,,0,,35,0,1
12/27/2024,22,FWE,3.2,0,17190,0,,30.4,0,1.2,0.3,0,1.5,4,8,7,3.276,38,0.9828,35,0.9851,,1.1,1.08,35,35,,0.9851,1,1,25,0.1,1,20,10,42,44,,,1.1,0.9933,7,7,7,0,41.8,0.926,1,1,0,0,,38,35,,2000,0,1,0,0,,,0,,35,0,1
12/28/2024,12,PORT,14,0,0,0,,0,0,0,1.3,0.7,2,4,8,7,3.276,38,0.9828,35,0.9851,,1.1,1.08,35,35,,0.9851,1,1,25,0,1,20,10,42,44,,,1.1,0.9933,7,7,7,0,41.8,0.926,1,1,0,0,,38,35,,2000,0,1,0,0,,,0,,35,0,1
12/28/2024,22.06,PORT,10.1,0,0,0,,0,0,0,0.9,0.5,1.4,4,8,7,3.276,38,0.9828,35,0.9851,,1.1,1.08,35,35,,0.9851,1,1,25,0,1,20,10,42,44,,,1.1,0.9933,7,7,7,0,41.8,0.926,1,1,0,0,,38,35,,2000,0,1,0,0,,,0,,35,0,1
12/29/2024,0.3,BoSP,2.4,0,16350,0,,28.9,0,1.4,0.2,0,1.6,4,8,7,3.276,38,0.9828,35,0.9851,,1.15,1.1,35,35,,0.9851,1,1,25,0.1,1,20,10,42,44,,,1.15,0.9933,7,7,7,0,41.8,0.926,1,1,0,0,,38,35,,2000,0,1,0,0,,,0,,35,0,1
12/29/2024,12,EoSP,11.5,113.3,88700,128.6,,156.9,27.8,6.5,1.1,0,7.6,4,8,7,3.276,38,0.9828,35,0.9851,,1.1,1.1,35,35,,0.9851,1,1,25,0,1,20,10,42,44,,,1.15,0.9933,7,7,7,0,41.8,0.926,1,1,0,0,,38,35,,2000,0,1,0,0,,,0,,35,0,1
12/29/2024,16.24,FWE,4.4,0,19920,0,,35.2,0,1.3,0.4,0.2,1.9,4,8,7,3.276,38,0.9828,35,0.9851,,1.1,1.1,35,35,,0.9851,1,1,25,0.1,1,20,10,42,44,,,1.15,0.9933,7,7,7,0,41.8,0.926,1,1,0,0,,38,35,,2000,0,1,0,0,,,0,,35,0,1
12/30/2024,5.24,PORT,13,0,0,0,,0,0,0,1.2,0.8,2,4,8,7,3.276,38,0.9828,35,0.9851,,1.1,1.1,35,35,,0.9851,1,1,25,0,1,20,10,42,44,,,1.15,0.9933,7,7,7,0,41.8,0.926,1,1,0,0,,38,35,,2000,0,1,0,0,,,0,,35,0,1
12/30/2024,6.3,BoSP,1.1,0,5260,0,,9.3,0,0.5,0.1,0.1,0.7,4,8,7,3.276,38,0.9828,35,0.9851,,1.1,1.1,35,35,,0.9851,1,1,25,0.1,1,20,10,42,44,,,1.15,0.9933,7,7,7,0,41.8,0.926,1,1,0,0,,38,35,,2000,0,1,0,0,,,0,,35,0,1
12/30/2024,12,SEA,5.5,60.2,40660,123.2,,71.9,16.3,2.7,0.6,0,3.3,4,8,7,3.276,38,0.9828,35,0.9851,,1.1,1.1,35,35,,0.9851,1,1,25,0,1,20,10,42,44,,,1.15,0.9933,7,7,7,0,41.8,0.926,1,1,0,0,,38,35,,2000,0,1,0,0,,,0,,35,0,1
12/30/2024,18.3,EoSP,6.5,68.2,48130,123.4,,85.1,19.9,3.3,0.7,0,4,4,8,7,3.276,38,0.9828,35,0.9851,,1.1,1.1,35,35,,0.9851,1,1,25,0,1,20,10,42,44,,,1.15,0.9933,7,7,7,0,41.8,0.926,1,1,0,0,,38,35,,2000,0,1,0,0,,,0,,35,0,1
12/30/2024,21.18,FWE,2.8,0,16500,0,,29.2,0,1.3,0.2,0,1.5,4,8,7,3.276,38,0.9828,35,0.9851,,1.1,1.1,35,35,,0.9851,1,1,25,0,1,20,10,42,44,,,1.15,0.9933,7,7,7,0,41.8,0.926,1,1,0,0,,38,35,,2000,0,1,0,0,,,0,,35,0,1
12/31/2024,12,PORT,14.7,0,0,0,,0,0,0,1.3,0.8,2.1,4,8,7,3.276,38,0.9828,35,0.9851,,1.1,1.1,35,35,,0.9851,1,1,25,0,1,20,10,42,44,,,1.15,0.9933,7,7,7,0,41.8,0.926,1,1,0,0,,38,35,,2000,0,1,0,0,,,0,,35,0,1
12/31/2024,13.3,PORT,1.5,0,0,0,,0,0,0,0.4,0.2,0.6,4,8,7,3.276,38,0.9828,35,0.9851,,1.1,1.1,35,35,,0.9851,1,1,25,0,1,20,10,42,44,,,1.15,0.9933,7,7,7,0,41.8,0.926,1,1,0,0,,38,35,,2000,0,1,0,0,,,0,,35,0,1
12/31/2024,16,BoSP,2.5,0,15584,0,,27.6,0,1.2,0.2,0,1.4,4,8,7,3.276,38,0.9828,35,0.9851,,1.1,1.1,35,35,,0.9851,1,1,25,0.1,1,20,10,42,44,,,1.15,0.9933,7,7,7,0,41.8,0.926,1,1,0,0,,38,35,,2000,0,1,0,0,,,0,,35,0,1
01/01/2025,5.12,EoSP,13.2,131.5,98086,123.8,,173.5,24.2,6.8,1.3,0,8.1,4,8,7,3.276,38,0.9828,35,0.9851,,1.1,1.1,35,35,,0.9851,1,1,25,0,1,20,10,42,44,,,1.15,0.9933,7,7,7,0,41.8,0.926,1,1,0,0,,38,35,,2000,0,1,0,0,,,0,,35,0,1
01/01/2025,9,FWE,3.8,0,17620,0,,31.2,0,1.2,0.3,0.1,1.6,4,8,7,3.276,38,0.9828,35,0.9851,,1.1,1.1,35,35,,0.9851,1,1,25,0,1,20,10,42,44,,,1.15,0.9933,7,7,7,0,41.8,0.926,1,1,0,0,,38,35,,2000,0,1,0,0,,,0,,35,0,1
01/01/2025,12,PORT,3,0,0,0,,0,0,0,0.1,0.3,0.4,4,8,7,3.276,38,0.9828,35,0.9851,,1.1,1.1,35,35,,0.9851,1,1,25,0,1,20,10,42,44,,,1.15,0.9933,7,7,7,0,41.8,0.926,1,1,0,0,,38,35,,2000,0,1,0,0,,,0,,35,0,1
01/01/2025,22.18,PORT,10.3,0,0,0,,0,0,0,1,0.5,1.5,4,8,7,3.276,38,0.9828,35,0.9851,,1.1,1.1,35,35,,0.9851,1,1,25,0,1,20,10,42,44,,,1.15,0.9933,7,7,7,0,41.8,0.926,1,1,0,0,,38,35,,2000,0,1,0,0,,,0,,35,0,1
01/02/2025,0.06,BoSP,1.8,0,10460,0,,18.5,0,1,0.2,0,1.2,4,8,7,3.276,38,0.9828,35,0.9851,,1.1,1.1,35,35,,0.9851,1,1,25,0.1,1,20,10,42,44,,,1.15,0.9933,7,7,7,0,41.8,0.926,1,1,0,0,,38,35,,2000,0,1,0,0,,,0,,35,0,1
01/02/2025,12,SEA,11.9,106.8,91470,128.1,,161.8,34,7.1,1.2,0,8.3,4,8,7,3.276,38,0.9828,35,0.9851,,1.1,1.1,35,35,,0.9851,1,1,25,0,1,20,10,42,44,,,1.15,0.9933,7,7,7,0,41.8,0.926,1,1,0,0,,38,35,,2000,0,1,0,0,,,0,,35,0,1
01/02/2025,15.18,EoSP,3.3,31.7,24550,124,,43.4,27,1.8,0.3,0,2.1,4,8,7,3.276,38,0.9828,35,0.9851,,1.1,1.1,35,35,,0.9851,1,1,25,0,1,20,10,42,44,,,1.15,0.9933,7,7,7,0,41.8,0.926,1,1,0,0,,38,35,,2000,0,1,0,0,,,0,,35,0,1
01/02/2025,18.36,FWE,3.3,0,16910,0,,29.9,0,1.2,0.3,0,1.5,4,8,7,3.276,38,0.9828,35,0.9851,,1.1,1.1,35,35,,0.9851,1,1,25,0.1,1,20,10,42,44,,,1.15,0.9933,7,7,7,0,41.8,0.926,1,1,0,0,,38,35,,2000,0,1,0,0,,,0,,35,0,1
01/03/2025,10.42,PORT,16.1,0,0,0,,0,0,0,1.5,1,2.5,4,8,7,3.276,38,0.9828,35,0.9851,,1.1,1.1,35,35,,0.9851,1,1,25,0,1,20,10,42,44,,,1.15,0.9933,7,7,7,0,41.8,0.926,1,1,0,0,,38,35,,2000,0,1,0,0,,,0,,35,0,1
01/03/2025,12,WAY,1.3,0,6080,0,,10.8,0,0.5,0.1,0.1,0.7,4,8,7,3.276,38,0.9828,35,0.9851,,1.1,1.1,35,35,,0.9851,1,1,25,0.1,1,20,10,42,44,,,1.15,0.9933,7,7,7,0,41.8,0.926,1,1,0,0,,38,35,,2000,0,1,0,0,,,0,,35,0,1
01/03/2025,13.3,BoSP,1.5,0,11310,0,,20,0,0.8,0.2,0,1,4,8,7,3.276,38,0.9828,35,0.9851,,1.1,1.1,35,35,,0.9851,1,1,25,0,1,20,10,42,44,,,1.15,0.9933,7,7,7,0,41.8,0.926,1,1,0,0,,38,35,,2000,0,1,0,0,,,0,,35,0,1
01/04/2025,1.24,EoSP,11.9,117.5,88640,124.1,,156.8,25.1,6.1,1.2,0,7.3,4,8,7,3.276,38,0.9828,35,0.9851,,1.1,1.1,35,35,,0.9851,1,1,25,0,1,20,10,42,44,,,1.15,0.9933,7,7,7,0,41.8,0.926,1,1,0,0,,38,35,,2000,0,1,0,0,,,0,,35,0,1
01/04/2025,2.3,FWE,1.1,0,5040,0,,8.9,0,0.5,0.1,0,0.6,4,8,7,3.276,38,0.9828,35,0.9851,,1.1,1.1,35,35,,0.9851,1,1,25,0,1,20,10,42,44,,,1.15,0.9933,7,7,7,0,41.8,0.926,1,1,0,0,,38,35,,2000,0,1,0,0,,,0,,35,0,1
01/04/2025,12,ANCH,9.5,0,0,0,,0,0,0,0.9,0.5,1.4,4,8,7,3.276,38,0.9828,35,0.9851,,1.1,1.1,35,35,,0.9851,1,1,25,0,1,20,10,42,44,,,1.15,0.9933,7,7,7,0,41.8,0.926,1,1,0,0,,38,35,,2000,0,1,0,0,,,0,,35,0,1
01/05/2025,12,ANCH,24,0,0,0,,0,0,0,2.2,1.2,3.4,4,8,7,3.276,38,0.9828,35,0.9851,,1.1,1.1,35,35,,0.9851,1,1,25,0,1,20,10,42,44,,,1.15,0.9933,7,7,7,0,41.8,0.926,1,1,0,0,,38,35,,2000,0,1,0,0,,,0,,35,0,1
01/05/2025,16.24,ANCH,4.4,0,0,0,,0,0,0,0.4,0.2,0.6,4,8,7,3.276,38,0.9828,35,0.9851,,1.1,1.1,35,35,,0.9851,1,1,25,0,1,20,10,42,44,,,1.15,0.9933,7,7,7,0,41.8,0.926,1,1,0,0,,38,35,,2000,0,1,0,0,,,0,,35,0,1
01/05/2025,19.54,FWE,3.5,0,10850,0,,19.2,0,0.6,0.2,0.1,0.9,4,8,7,3.276,38,0.9828,35,0.9851,,1.1,1.1,35,35,,0.9851,1,1,25,0.1,1,20,10,42,44,,,1.15,0.9933,7,7,7,0,41.8,0.926,1,1,0,0,,38,35,,2000,0,1,0,0,,,0,,35,0,1
01/06/2025,7.3,PORT,11.6,0,0,0,,0,0,0,1.1,0.6,1.7,4,8,7,3.276,38,0.9828,35,0.9851,,1.1,1.1,35,35,,0.9851,1,1,25,0,1,20,10,42,44,,,1.15,0.9933,7,7,7,0,41.8,0.926,1,1,0,0,,38,35,,2000,0,1,0,0,,,0,,35,0,1
01/06/2025,8.54,BoSP,1.4,0,6680,0,,11.8,0,0.6,0.1,0,0.7,4,8,7,3.276,38,0.9828,35,0.9851,,1.1,1.1,35,35,,0.9851,1,1,25,0.1,1,20,10,42,44,,,1.15,0.9933,7,7,7,0,41.8,0.926,1,1,0,0,,38,35,,2000,0,1,0,0,,,0,,35,0,1
01/06/2025,12,SEA,3.1,33.9,23610,126.9,,41.8,18.9,1.7,0.3,0,2,4,8,7,3.276,38,0.9828,35,0.9851,,1.1,1.1,35,35,,0.9851,1,1,25,0,1,20,10,42,44,,,1.15,0.9933,7,7,7,0,41.8,0.926,1,1,0,0,,38,35,,2000,0,1,0,0,,,0,,35,0,1
01/06/2025,20.3,EoSP,8.5,90.8,64780,127,,114.6,20.8,4.7,0.8,0,5.5,4,8,7,3.276,38,0.9828,35,0.9851,,1.1,1.1,35,35,,0.9851,1,1,25,0,1,20,10,42,44,,,1.15,0.9933,7,7,7,0,41.8,0.926,1,1,0,0,,38,35,,2000,0,1,0,0,,,0,,35,0,1
01/07/2025,1.36,FWE,5.1,0,17880,0,,31.6,0,1.2,0.4,0.2,1.8,4,8,7,3.276,38,0.9828,35,0.9851,,1.1,1.1,35,35,,0.9851,1,1,25,0.2,1,20,10,42,44,,,1.15,0.9933,7,7,7,0,41.8,0.926,1,1,0,0,,38,35,,2000,0,1,0,0,,,0,,35,0,1
01/07/2025,12,PORT,10.4,0,0,0,,0,0,0,1,0.6,1.6,4,8,7,3.276,38,0.9828,35,0.9851,,1.1,1.1,35,35,,0.9851,1,1,25,0,1,20,10,42,44,,,1.15,0.9933,7,7,7,0,41.8,0.926,1,1,0,0,,38,35,,2000,0,1,0,0,,,0,,35,0,1
01/07/2025,13,PORT,1,0,0,0,,0,0,0,0.1,0.1,0.2,4,8,7,3.276,38,0.9828,35,0.9851,,1.1,1.1,35,35,,0.9851,1,1,25,0,1,20,10,42,44,,,1.15,0.9933,7,7,7,0,41.8,0.926,1,1,0,0,,38,35,,2000,0,1,0,0,,,0,,35,0,1
01/07/2025,16,BoSP,3,0,17990,0,,31.8,0,1.2,0.2,0,1.4,4,8,7,3.276,38,0.9828,35,0.9851,,1.1,1.1,35,35,,0.9851,1,1,25,0.2,1,20,10,42,44,,,1.15,0.9933,7,7,7,0,41.8,0.926,1,1,0,0,,38,35,,2000,0,1,0,0,,,0,,35,0,1
01/08/2025,6,EoSP,14,130.2,98750,117.6,,174.7,25.5,6.3,1.2,0,7.5,4,8,7,3.276,38,0.9828,35,0.9851,,1.1,1.1,35,35,,0.9851,1,1,25,0,1,0,10,42,44,,,1.15,0.9933,7,7,7,0,41.8,0.926,1,1,0,0,,38,35,,2000,0,1,0,0,,,0,,35,0,1
01/08/2025,12,WAY,6,0,7310,0,,12.9,0,0.5,0.5,0.3,1.3,4,8,7,3.276,38,0.9828,35,0.9851,,1.1,1.1,35,35,,0.9851,1,1,25,0,1,0,10,42,44,,,1.15,0.9933,7,7,7,0,41.8,0.926,1,1,0,0,,38,35,,2000,0,1,0,0,,,0,,35,0,1
01/08/2025,14.54,FWE,2.9,0,10590,0,,18.7,0,0.6,0.2,0.1,0.9,4,8,7,3.276,38,0.9828,35,0.9851,,1.1,1.1,35,35,,0.9851,1,1,25,0.1,1,0,10,42,44,,,1.15,0.9933,7,7,7,0,41.8,0.926,1,1,0,0,,38,35,,2000,0,1,0,0,,,0,,35,0,1
01/09/2025,9,PORT,18.1,0,0,0,,0,0,0,1.5,1,2.5,4,8,7,3.276,38,0.9828,35,0.9851,,1.1,1.1,35,35,,0.9851,1,1,25,0,1,0,10,42,44,,,1.15,0.9933,7,7,7,0,41.8,0.926,1,1,0,0,,38,35,,2000,0,1,0,0,,,0,,35,0,1
01/09/2025,10.3,BoSP,1.5,0,8310,0,,14.7,0,0.7,0.1,0.1,0.9,4,8,7,3.276,38,0.9828,35,0.9851,,1.1,1.1,35,35,,0.9851,1,1,25,0,1,0,10,42,44,,,1.15,0.9933,7,7,7,0,41.8,0.926,1,1,0,0,,38,35,,2000,0,1,0,0,,,0,,35,0,1
01/09/2025,12,SEA,1.5,17,11070,123,,19.6,13.3,0.8,0.1,0,0.9,4,8,7,3.276,38,0.9828,35,0.9851,,1.1,1.1,35,35,,0.9851,1,1,25,0,1,0,10,42,44,,,1.15,0.9933,7,7,7,0,41.8,0.926,1,1,0,0,,38,35,,2000,0,1,0,0,,,0,,35,0,1
01/10/2025,0.24,EoSP,12.4,120.3,92720,124.6,,164,26.6,6.7,1.1,0,7.8,4,8,7,3.276,38,0.9828,35,0.9851,,1.1,1.1,35,35,,0.9851,1,1,25,0,1,0,10,42,44,,,1.15,0.9933,7,7,7,0,41.8,0.926,1,1,0,0,,38,35,,2000,0,1,0,0,,,0,,35,0,1
01/10/2025,3.3,FWE,3.1,0,16100,0,,28.5,0,1.1,0.2,0,1.3,4,8,7,3.276,38,0.9828,35,0.9851,,1.1,1.1,35,35,,0.9851,1,1,25,0.1,1,0,10,42,44,,,1.15,0.9933,7,7,7,0,41.8,0.926,1,1,0,0,,38,35,,2000,0,1,0,0,,,0,,35,0,1
01/10/2025,12,PORT,8.5,0,0,0,,0,0,0,0.8,0.5,1.3,4,8,7,3.276,38,0.9828,35,0.9851,,1.1,1.1,35,35,,0.9851,1,1,25,0,1,0,10,42,44,,,1.15,0.9933,7,7,7,0,41.8,0.926,1,1,0,0,,38,35,,2000,0,1,0,0,,,0,,35,0,1
01/10/2025,16.42,PORT,4.7,0,0,0,,0,0,0,0.4,0.3,0.7,4,8,7,3.276,38,0.9828,35,0.9851,,1.1,1.1,35,35,,0.9851,1,1,25,0,1,0,10,42,44,,,1.15,0.9933,7,7,7,0,41.8,0.926,1,1,0,0,,38,35,,2000,0,1,0,0,,,0,,35,0,1
01/10/2025,20,BoSP,3.3,0,19320,0,,34.2,0,1.1,0.3,0,1.4,4,8,7,3.276,38,0.9828,35,0.9851,,1.1,1.1,35,35,,0.9851,1,1,25,0.2,1,0,10,42,44,,,1.15,0.9933,7,7,7,0,41.8,0.926,1,1,0,0,,38,35,,2000,0,1,0,0,,,0,,35,0,1
01/11/2025,8.54,EoSP,12.9,114.7,90010,116.3,,159.2,28,6,1.2,0,7.2,4,8,7,3.276,38,0.9828,35,0.9851,,1.1,1.1,35,35,,0.9851,1,1,25,0,1,0,10,42,44,,,1.15,0.9933,7,7,7,0,41.8,0.926,1,1,0,0,,38,35,,2000,0,1,0,0,,,0,,35,0,1
01/11/2025,12,WAY,3.1,0,6410,0,,11.3,0,0.5,0.3,0.2,1,4,8,7,3.276,38,0.9828,35,0.9851,,1.1,1.1,35,35,,0.9851,1,1,25,0,1,0,10,42,44,,,1.15,0.9933,7,7,7,0,41.8,0.926,1,1,0,0,,38,35,,2000,0,1,0,0,,,0,,35,0,1
01/11/2025,15.24,FWE,3.4,0,11980,0,,21.2,0,0.6,0.3,0.1,1,4,8,7,3.276,38,0.9828,35,0.9851,,1.1,1.1,35,35,,0.9851,1,1,25,0.1,1,0,10,42,44,,,1.15,0.9933,7,7,7,0,41.8,0.926,1,1,0,0,,38,35,,2000,0,1,0,0,,,0,,35,0,1
01/12/2025,5.48,PORT,14.4,0,0,0,,0,0,0,1.3,0.7,2,4,8,7,3.276,38,0.9828,35,0.9851,,1.1,1.1,35,35,,0.9851,1,1,25,0,1,0,10,42,44,,,1.15,0.9933,7,7,7,0,41.8,0.926,1,1,0,0,,38,35,,2000,0,1,0,0,,,0,,35,0,1
01/12/2025,7.18,BoSP,1.5,0,6160,0,,10.9,0,0.5,0.1,0,0.6,4,8,7,3.276,38,0.9828,35,0.9851,,1.1,1.1,35,35,,0.9851,1,1,25,0.1,1,0,10,42,44,,,1.15,0.9933,7,7,7,0,41.8,0.926,1,1,0,0,,38,35,,2000,0,1,0,0,,,0,,35,0,1
01/12/2025,12,SEA,4.7,50.4,34510,122.4,,61,17.4,2.4,0.4,0,2.8,4,8,7,3.276,38,0.9828,35,0.9851,,1.1,1.1,35,35,,0.9851,1,1,25,0,1,0,10,42,44,,,1.15,0.9933,7,7,7,0,41.8,0.926,1,1,0,0,,38,35,,2000,0,1,0,0,,,0,,35,0,1
01/12/2025,19.18,EoSP,7.3,76.5,53620,122.4,,94.8,19.3,3.7,0.7,0,4.4,4,8,7,3.276,38,0.9828,35,0.9851,,1.1,1.1,35,35,,0.9851,1,1,25,0,1,0,10,42,44,,,1.15,0.9933,7,7,7,0,41.8,0.926,1,1,0,0,,38,35,,2000,0,1,0,0,,,0,,35,0,1
01/12/2025,22.36,FWE,3.3,0,16550,0,,29.3,0,1,0.3,0,1.3,4,8,7,3.276,38,0.9828,35,0.9851,,1.1,1.1,35,35,,0.9851,1,1,25,0.1,1,0,10,42,44,,,1.15,0.9933,7,7,7,0,41.8,0.926,1,1,0,0,,38,35,,2000,0,1,0,0,,,0,,35,0,1
01/13/2025,12,PORT,13.4,0,0,0,,0,0,0,1.2,0.8,2,4,8,7,3.276,38,0.9828,35,0.9851,,1.1,1.1,35,35,,0.9851,1,1,25,0,1,0,10,42,44,,,1.15,0.9933,7,7,7,0,41.8,0.926,1,1,0,0,,38,35,,2000,0,1,0,0,,,0,,35,0,1
01/13/2025,15,BoSP,3,0,17290,0,,30.6,0,1.1,0.2,0.1,1.4,4,8,7,3.276,38,0.9828,35,0.9851,,1.1,1.1,35,35,,0.9851,1,1,25,0.1,1,0,10,42,44,,,1.15,0.9933,7,7,7,0,41.8,0.926,1,1,0,0,,38,35,,2000,0,1,0,0,,,0,,35,0,1
01/14/2025,3,EoSP,12,116.3,87910,122.1,,155.5,25.2,5.6,1.1,0,6.7,4,8,7,3.276,38,0.9828,35,0.9851,,1.1,1.1,35,35,,0.9851,1,1,25,0,1,0,10,42,44,,,1.15,0.9933,7,7,7,0,41.8,0.926,1,1,0,0,,38,35,,2000,0,1,0,0,,,0,,35,0,1
01/14/2025,6.12,FWE,3.2,0,13820,0,,24.4,0,0.8,0.2,0,1,4,8,7,3.276,38,0.9828,35,0.9851,,1.1,1.1,35,35,,0.9851,1,1,25,0,1,0,10,42,44,,,1.15,0.9933,7,7,7,0,41.8,0.926,1,1,0,0,,38,35,,2000,0,1,0,0,,,0,,35,0,1
01/14/2025,12,PORT,5.8,0,0,0,,0,0,0,0.5,0.3,0.8,4,8,7,3.276,38,0.9828,35,0.9851,,1.1,1.1,35,35,,0.9851,1,1,25,0,1,0,10,42,44,,,1.15,0.9933,7,7,7,0,41.8,0.926,1,1,0,0,,38,35,,2000,0,1,0,0,,,0,,35,0,1
01/14/2025,14.48,PORT,2.8,0,0,0,,0,0,0,0.3,0.1,0.4,4,8,7,3.276,38,0.9828,35,0.9851,,1.1,1.1,35,35,,0.9851,1,1,25,0,1,0,10,42,44,,,1.15,0.9933,7,7,7,0,41.8,0.926,1,1,0,0,,38,35,,2000,0,1,0,0,,,0,,35,0,1
01/14/2025,16.12,BoSP,1.4,0,6610,0,,11.7,0,0.4,0.1,0,0.5,4,8,7,3.276,38,0.9828,35,0.9851,,1.1,1.1,35,35,,0.9851,1,1,25,0.1,1,0,10,42,44,,,1.15,0.9933,7,7,7,0,41.8,0.926,1,1,0,0,,38,35,,2000,0,1,0,0,,,0,,35,0,1
01/15/2025,5.12,EoSP,13,125.5,92830,119,,164.2,23.6,6.3,1.1,0,7.4,4,8,7,3.276,38,0.9828,35,0.9851,,1.1,1.1,35,35,,0.9851,1,1,25,0,1,0,10,42,44,,,1.15,0.9933,7,7,7,0,41.8,0.926,1,1,0,0,,38,35,,2000,0,1,0,0,,,0,,35,0,1
01/15/2025,5.48,FWE,0.600000000000001,0,2830,0,,5,0,0.1,0.1,0,0.2,4,8,7,3.276,38,0.9828,35,0.9851,,1.1,1.1,35,35,,0.9851,1,1,25,0,1,0,10,42,44,,,1.15,0.9933,7,7,7,0,41.8,0.926,1,1,0,0,,38,35,,2000,0,1,0,0,,,0,,35,0,1
01/15/2025,12,ANCH,6.2,0,0,0,,0,0,0,0.5,0.4,0.9,4,8,7,3.276,38,0.9828,35,0.9851,,1.1,1.1,35,35,,0.9851,1,1,25,0,1,0,10,42,44,,,1.15,0.9933,7,7,7,0,41.8,0.926,1,1,0,0,,38,35,,2000,0,1,0,0,,,0,,35,0,1
01/15/2025,15.18,ANCH,3.3,0,0,0,,0,0,0,0.3,0.2,0.5,4,8,7,3.276,38,0.9828,35,0.9851,,1.1,1.1,35,35,,0.9851,1,1,25,0,1,0,10,42,44,,,1.15,0.9933,7,7,7,0,41.8,0.926,1,1,0,0,,38,35,,2000,0,1,0,0,,,0,,35,0,1
01/15/2025,18.42,FWE,3.4,0,15650,0,,27.7,0,1,0.2,0.1,1.3,4,8,7,3.276,38,0.9828,35,0.9851,,1.1,1.1,35,35,,0.9851,1,1,25,0.2,1,0,10,42,44,,,1.15,0.9933,7,7,7,0,41.8,0.926,1,1,0,0,,38,35,,2000,0,1,0,0,,,0,,35,0,1
01/16/2025,12,PORT,17.3,0,0,0,,0,0,0,1.6,0.9,2.5,4,8,7,3.276,38,0.9828,35,0.9851,,1.1,1.1,35,35,,0.9851,1,1,25,0,1,0,10,42,44,,,1.15,0.9933,7,7,7,0,41.8,0.926,1,1,0,0,,38,35,,2000,0,1,0,0,,,0,,35,0,1
01/17/2025,12,PORT,24,0,0,0,,0,0,0,2.2,1.3,3.5,4,8,7,3.276,38,0.9828,35,0.9851,,1.1,1.1,35,35,,0.9851,1,1,25,0,1,0,10,42,44,,,1.15,0.9933,7,7,7,0,41.8,0.926,1,1,0,0,,38,35,,2000,0,1,0,0,,,0,,35,0,1
01/18/2025,12,PORT,24,0,0,0,,0,0,0,2.1,1.2,3.3,4,8,7,3.276,38,0.9828,35,0.9851,,1.1,1.1,35,35,,0.9851,1,1,25,0,1,0,10,42,44,,,1.15,0.9933,7,7,7,0,41.8,0.926,1,1,0,0,,38,35,,2000,0,1,0,0,,,0,,35,0,1
01/18/2025,20.3,PORT,8.5,0,0,0,,0,0,0,0.8,0.5,1.3,4,8,7,3.276,38,0.9828,35,0.9851,,1.1,1.1,35,35,,0.9851,1,1,25,0,1,0,10,42,44,,,1.15,0.9933,7,7,7,0,41.8,0.926,1,1,0,0,,38,35,,2000,0,1,0,0,,,0,,35,0,1
01/18/2025,23,BoSP,2.5,0,16930,0,,29.9,0,1.1,0.3,0,1.4,4,8,7,3.276,38,0.9828,35,0.9851,,1.1,1.1,35,35,,0.9851,1,1,25,0,1,0,10,42,44,,,1.15,0.9933,7,7,7,0,41.8,0.926,1,1,0,0,,38,35,,2000,0,1,0,0,,,0,,35,0,1
01/19/2025,11,EoSP,12,116.7,89720,124.6,,158.7,26.5,6.5,1.1,0,7.6,4,8,7,3.276,38,0.9828,35,0.9851,,1.1,1.1,35,35,,0.9851,1,1,25,0,1,0,10,42,44,,,1.15,0.9933,7,7,7,0,41.8,0.926,1,1,0,0,,38,35,,2000,0,1,0,0,,,0,,35,0,1
01/19/2025,12,WAY,1,0,4770,0,,8.4,0,0.2,0.1,0,0.3,4,8,7,3.276,38,0.9828,35,0.9851,,1.1,1.1,35,35,,0.9851,1,1,25,0,1,0,10,42,44,,,1.15,0.9933,7,7,7,0,41.8,0.926,1,1,0,0,,38,35,,2000,0,1,0,0,,,0,,35,0,1
01/19/2025,15,FWE,3,0,8750,0,,15.5,0,0.5,0.3,0.3,1.1,4,8,7,3.276,38,0.9828,35,0.9851,,1.1,1.1,35,35,,0.9851,1,1,25,0.1,1,0,10,42,44,,,1.15,0.9933,7,7,7,0,41.8,0.926,1,1,0,0,,38,35,,2000,0,1,0,0,,,0,,35,0,1
01/20/2025,11.06,PORT,20.1,0,0,0,,0,0,0,1.8,1.1,2.9,4,8,7,3.276,38,0.9828,35,0.9851,,1.1,1.1,35,35,,0.9851,1,1,25,0,1,0,10,42,44,,,1.15,0.9933,7,7,7,0,41.8,0.926,1,1,0,0,,38,35,,2000,0,1,0,0,,,0,,35,0,1
01/20/2025,12,WAY,0.899999999999999,0,2900,0,,5.1,0,0.2,0.1,0,0.3,4,8,7,3.276,38,0.9828,35,0.9851,,1.1,1.1,35,35,,0.9851,1,1,25,0,1,0,10,42,44,,,1.15,0.9933,7,7,7,0,41.8,0.926,1,1,0,0,,38,35,,2000,0,1,0,0,,,0,,35,0,1
01/20/2025,14.06,BoSP,2.1,0,8530,0,,15.1,0,0.4,0.2,0.1,0.7,4,8,7,3.276,38,0.9828,35,0.9851,,1.1,1.1,35,35,,0.9851,1,1,25,0,1,0,10,42,44,,,1.15,0.9933,7,7,7,0,41.8,0.926,1,1,0,0,,38,35,,2000,0,1,0,0,,,0,,35,0,1
01/21/2025,2.48,EoSP,12.7,118.1,87090,114.3,,154.1,23.4,5.7,1.1,0,6.8,4,8,7,3.276,38,0.9828,35,0.9851,,1.1,1.1,35,35,,0.9851,1,1,25,0,1,0,10,42,44,,,1.15,0.9933,7,7,7,0,41.8,0.926,1,1,0,0,,38,35,,2000,0,1,0,0,,,0,,35,0,1
01/21/2025,7.36,FWE,4.8,0,19600,0,,34.7,0,1.2,0.4,0.1,1.7,4,8,7,3.276,38,0.9828,35,0.9851,,1.1,1.1,35,35,,0.9851,1,1,25,0,1,0,10,42,44,,,1.15,0.9933,7,7,7,0,41.8,0.926,1,1,0,0,,38,35,,2000,0,1,0,0,,,0,,35,0,1
01/21/2025,12,PORT,4.4,0,0,0,,0,0,0,0.4,0.3,0.7,4,8,7,3.276,38,0.9828,35,0.9851,,1.1,1.1,35,35,,0.9851,1,1,25,0,1,0,10,42,44,,,1.15,0.9933,7,7,7,0,41.8,0.926,1,1,0,0,,38,35,,2000,0,1,0,0,,,0,,35,0,1
01/21/2025,22.12,PORT,10.2,0,0,0,,0,0,0,0.9,0.7,1.6,4,8,7,3.276,38,0.9828,35,0.9851,,1.1,1.1,35,35,,0.9851,1,1,25,0,1,0,10,42,44,,,1.15,0.9933,7,7,7,0,41.8,0.926,1,1,0,0,,38,35,,2000,0,1,0,0,,,0,,35,0,1
01/22/2025,1.3,BoSP,3.3,0,19090,0,,33.8,0,1.3,0.3,0.1,1.7,4,8,7,3.276,38,0.9828,35,0.9851,,1.1,1.1,35,35,,0.9851,1,1,25,0.1,1,0,10,42,44,,,1.15,0.9933,7,7,7,0,41.8,0.926,1,1,0,0,,38,35,,2000,0,1,0,0,,,0,,35,0,1
01/22/2025,12,SEA,10.5,103.2,84260,133.7,,149,30.7,7.2,1,0,8.2,4,8,7,3.276,38,0.9828,35,0.9851,,1.1,1.1,35,35,,0.9851,1,1,25,0,1,0,10,42,44,,,1.15,0.9933,7,7,7,0,41.8,0.926,1,1,0,0,,38,35,,2000,0,1,0,0,,,0,,35,0,1
01/22/2025,13,EoSP,1,9.6,8680,144.7,,15.4,37.7,0.8,0.1,0,0.9,4,8,7,3.276,38,0.9828,35,0.9851,,1.1,1.1,35,35,,0.9851,1,1,25,0,1,0,10,42,44,,,1.15,0.9933,7,7,7,0,41.8,0.926,1,1,0,0,,38,35,,2000,0,1,0,0,,,0,,35,0,1
01/22/2025,18,FWE,5,0,16480,0,,29.2,0,1.1,0.4,0.1,1.6,4,8,7,3.276,38,0.9828,35,0.9851,,1.1,1.1,35,35,,0.9851,1,1,25,0.1,1,0,10,42,44,,,1.15,0.9933,7,7,7,0,41.8,0.926,1,1,0,0,,38,35,,2000,0,1,0,0,,,0,,35,0,1
01/23/2025,10.18,PORT,16.3,0,0,0,,0,0,0,1.4,0.9,2.3,4,8,7,3.276,38,0.9828,35,0.9851,,1.1,1.1,35,35,,0.9851,1,1,25,0.1,1,0,10,42,44,,,1.15,0.9933,7,7,7,0,41.8,0.926,1,1,0,0,,38,35,,2000,0,1,0,0,,,0,,35,0,1
01/23/2025,12,BoSP,1.7,0,9720,0,,17.2,0,0.5,0.2,0,0.7,4,8,7,3.276,38,0.9828,35,0.9851,,1.1,1.1,35,35,,0.9851,1,1,25,0.1,1,0,10,42,44,,,1.15,0.9933,7,7,7,0,41.8,0.926,1,1,0,0,,38,35,,2000,0,1,0,0,,,0,,35,0,1
01/23/2025,22.12,EoSP,10.2,121.6,82220,134.3,,145.4,16.4,6.9,1,0,7.9,4,8,7,3.276,38,0.9828,35,0.9851,,1.1,1.1,35,35,,0.9851,1,1,25,0,1,0,10,42,44,,,1.15,0.9933,7,7,7,0,41.8,0.926,1,1,0,0,,38,35,,2000,0,1,0,0,,,0,,35,0,1
01/24/2025,1.24,FWE,3.2,0,16470,0,,29.1,0,1,0.3,0,1.3,4,8,7,3.276,38,0.9828,35,0.9851,,1.1,1.1,35,35,,0.9851,1,1,25,0.1,1,0,10,42,44,,,1.15,0.9933,7,7,7,0,41.8,0.926,1,1,0,0,,38,35,,2000,0,1,0,0,,,0,,35,0,1
01/24/2025,12,PORT,10.6,0,0,0,,0,0,0,1,0.7,1.7,4,8,7,3.276,38,0.9828,35,0.9851,,1.1,1.1,35,35,,0.9851,1,1,25,0,1,0,10,42,44,,,1.15,0.9933,7,7,7,0,41.8,0.926,1,1,0,0,,38,35,,2000,0,1,0,0,,,0,,35,0,1
01/25/2025,4,PORT,16,0,0,0,,0,0,0,1.5,0.8,2.3,4,8,7,3.276,38,0.9828,35,0.9851,,1.1,1.1,35,35,,0.9851,1,1,25,0,1,0,10,42,44,,,1.15,0.9933,7,7,7,0,41.8,0.926,1,1,0,0,,38,35,,2000,0,1,0,0,,,0,,35,0,1
01/25/2025,6.48,BoSP,2.8,0,19160,0,,33.9,0,1.4,0.2,0,1.6,4,8,7,3.276,38,0.9828,35,0.9851,,1.1,1.1,35,35,,0.9851,1,1,25,0.1,1,0,10,42,44,,,1.15,0.9933,7,7,7,0,41.8,0.926,1,1,0,0,,38,35,,2000,0,1,0,0,,,0,,35,0,1
01/25/2025,12,SEA,5.2,67.2,46815,150,,82.8,18.8,4.4,0.5,0,4.9,4,8,7,3.276,38,0.9828,35,0.9851,,1.06,1.1,35,35,,0.9851,1,1,25,0,1,0,10,42,44,,,1.15,0.9933,7,7,7,0,41.8,0.926,1,1,0,0,,38,35,,2000,0,1,0,0,,,0,,35,0,1
01/25/2025,16.24,EoSP,4.4,49,38075,144.2,,67.4,27.3,3.4,0.4,0,3.8,4,8,7,3.276,38,0.9828,35,0.9851,,1.06,1.1,35,35,,0.9851,1,1,25,0,1,0,10,42,44,,,1.15,0.9933,7,7,7,0,41.8,0.926,1,1,0,0,,38,35,,2000,0,1,0,0,,,0,,35,0,1
01/25/2025,18.48,FWE,2.4,0,13520,0,,23.9,0,0.9,0.2,0.1,1.2,4,8,7,3.276,38,0.9828,35,0.9851,,1.06,1.1,35,35,,0.9851,1,1,25,0.1,1,0,10,42,44,,,1.15,0.9933,7,7,7,0,41.8,0.926,1,1,0,0,,38,35,,2000,0,1,0,0,,,0,,35,0,1
01/26/2025,9.12,PORT,14.4,0,0,0,,0,0,0,0.4,0.1,0.5,4,8,7,3.276,38,0.9828,35,0.9851,,1.06,1.1,35,35,,0.9851,1,1,25,0,1,0,10,42,44,,,1.15,0.9933,7,7,7,0,41.8,0.926,1,1,0,0,,38,35,,2000,0,1,0,0,,,0,,35,0,1
01/26/2025,12,BoSP,2.8,0,13040,0,,23.1,0,0.2,0.2,0.1,0.5,4,8,7,3.276,38,0.9828,35,0.9851,,1.06,1.1,35,35,,0.9851,1,1,25,0,1,0,10,42,44,,,1.15,0.9933,7,7,7,0,41.8,0.926,1,1,0,0,,38,35,,2000,0,1,0,0,,,0,,35,0,1
01/26/2025,23.3,EoSP,11.5,115,81010,117.4, ,143.3,19.7,5.2,1,0,6.2,4,8,7,3.276,38,0.9828,35,0.9851,,1.06,1.1,35,35,,0.9851,1,1,25,0,1,0,10,42,44,,,1.15,0.9933,7,7,7,0,41.8,0.926,1,1,0,0,,38,35,,2000,0,1,0,0,,,0,,35,0,1
01/27/2025,3.06,FWE,3.6,0,15880,0,,28.1,0,0.8,0.3,0,1.1,4,8,7,3.276,38,0.9828,35,0.9851,,1.07,1.1,35,35,,0.9851,1,1,25,0.1,1,0,10,42,44,,,1.15,0.9933,7,7,7,0,41.8,0.926,1,1,0,0,,38,35,,2000,0,1,0,0,,,0,,35,0,1
01/27/2025,12,PORT,8.9,0,0,0,,0,0,0,0.8,0.6,1.4,4,8,7,3.276,38,0.9828,35,0.9851,,1.07,1.1,35,35,,0.9851,1,1,25,0,1,0,10,42,44,,,1.15,0.9933,7,7,7,0,41.8,0.926,1,1,0,0,,38,35,,2000,0,1,0,0,,,0,,35,0,1
01/27/2025,21.06,PORT,9.1,0,0,0,,0,0,0,0.8,0.7,1.5,4,8,7,3.276,38,0.9828,35,0.9851,,1.07,1.1,35,35,,0.9851,1,1,25,0,1,0,10,42,44,,,1.15,0.9933,7,7,7,0,41.8,0.926,1,1,0,0,,38,35,,2000,0,1,0,0,,,0,,35,0,1
01/28/2025,0.24,BoSP,3.3,0,18121,0,,32.1,0,1.1,0.3,0,1.4,4,8,7,3.276,38,0.9828,35,0.9851,,1.07,1.1,35,35,,0.9851,1,1,25,0.1,1,0,10,42,44,,,1.15,0.9933,7,7,7,0,41.8,0.926,1,1,0,0,,38,35,,2000,0,1,0,0,,,0,,35,0,1
01/28/2025,12,SEA,11.6,101.6,83009,119.3,,146.8,30.8,5.5,1,0,6.5,4,8,7,3.276,38,0.9828,35,0.9851,,1.07,1.1,35,35,,0.9851,1,1,25,0,1,0,10,42,44,,,1.15,0.9933,7,7,7,0,41.8,0.926,1,1,0,0,,38,35,,2000,0,1,0,0,,,0,,35,0,1
01/28/2025,13.18,EoSP,1.3,13.7,10030,128.6,,17.7,22.6,0.9,0.1,0,1,4,8,7,3.276,38,0.9828,35,0.9851,,1.07,1.1,35,35,,0.9851,1,1,25,0,1,0,0,42,44,,,1.15,0.9933,7,7,7,0,41.8,0.926,1,1,0,0,,38,35,,2000,0,1,0,0,,,0,,35,0,1
01/28/2025,18.18,FWE,5,0,18380,0,,32.5,0,0.9,0.4,0.3,1.6,4,8,7,3.276,38,0.9828,35,0.9851,,1.07,1.1,35,35,,0.9851,1,1,25,0.1,1,0,0,42,44,,,1.15,0.9933,7,7,7,0,41.8,0.926,1,1,0,0,,38,35,,2000,0,1,0,0,,,0,,35,0,1
01/29/2025,6.42,PORT,12.4,0,0,0,,0,0,0,1,0.8,1.8,4,8,7,3.276,38,0.9828,35,0.9851,,1.07,1.1,35,35,,0.9851,1,1,25,0,1,0,0,42,44,,,1.1,0.9933,7,7,7,0,41.8,0.926,1,1,0,0,,38,35,,2000,0,1,0,0,,,0,,35,0,1
01/29/2025,8.3,BoSP,1.8,0,9410,0,,16.6,0,0.7,0.1,0,0.8,4,8,7,3.276,38,0.9828,35,0.9851,,1.07,1.1,35,35,,0.9851,1,1,25,0.1,1,0,0,42,44,,,1.1,0.9933,7,7,7,0,41.8,0.926,1,1,0,0,,38,35,,2000,0,1,0,0,,,0,,35,0,1
01/29/2025,12,SEA,3.5,39.2,27070,128.9,,47.9,18.2,2.1,0.3,0,2.4,4,8,7,3.276,38,0.9828,35,0.9851,,1.07,1.1,35,35,,0.9851,1,1,25,0,1,0,0,42,44,,,1.1,0.9933,7,7,7,0,41.8,0.926,1,1,0,0,,38,35,,2000,0,1,0,0,,,0,,35,0,1
01/29/2025,20.12,EoSP,8.2,83.7,62140,126.3,,109.9,23.8,4.6,0.8,0,5.4,4,8,7,3.276,38,0.9828,35,0.9851,,1.07,1.1,35,35,,0.9851,1,1,25,0,1,0,0,42,44,,,1.1,0.9933,7,7,7,0,41.8,0.926,1,1,0,0,,38,35,,2000,0,1,0,0,,,0,,35,0,1
01/29/2025,23.12,FWE,3,0,16410,0,,29,0,1,0.2,0,1.2,4,8,7,3.276,38,0.9828,35,0.9851,,1.07,1.1,35,35,,0.9851,1,1,25,0.1,1,0,0,42,44,,,1.1,0.9933,7,7,7,0,41.8,0.926,1,1,0,0,,38,35,,2000,0,1,0,0,,,0,,35,0,1
01/30/2025,12,PORT,12.8,0,0,0,,0,0,0,1.2,0.8,2,4,8,7,3.276,38,0.9828,35,0.9851,,1.07,1.1,35,35,,0.9851,1,1,25,0,1,0,0,42,44,,,1.1,0.9933,7,7,7,0,41.8,0.926,1,1,0,0,,38,35,,2000,0,1,0,0,,,0,,35,0,1
01/30/2025,23.12,PORT,11.2,0,0,0,,0,0,0,0.6,0.4,1,4,8,7,3.276,38,0.9828,35,0.9851,,1.07,1.1,35,35,,0.9851,1,1,25,0,1,0,0,42,44,,,1.1,0.9933,7,7,7,0,41.8,0.926,1,1,0,0,,38,35,,2000,0,1,0,0,,,0,,35,0,1
01/31/2025,1.54,BoSP,2.7,0,17640,0,,31.2,0,1.5,0.2,0.1,1.8,4,8,7,3.276,38,0.9828,35,0.9851,,1.07,1.1,35,35,,0.9851,1,1,25,0.1,1,0,0,42,44,,,1.1,0.9933,7,7,7,0,41.8,0.926,1,1,0,0,,38,35,,2000,0,1,0,0,,,0,,35,0,1
01/31/2025,12,SEA,10.1,94.1,74858,123.5,,132.4,28.9,5.2,0.9,0,6.1,4,8,7,3.276,38,0.9828,35,0.9851,,1.07,1.1,35,35,,0.9851,1,1,25,0,1,0,0,42,44,,,1.1,0.9933,7,7,7,0,41.8,0.926,1,1,0,0,,38,35,,2000,0,1,0,0,,,0,,35,0,1
01/31/2025,14.24,EoSP,2.4,21.4,16882,117.2,,29.9,28.4,1.1,0.2,0,1.3,4,8,7,3.276,38,0.9828,35,0.9851,,1.07,1.1,35,35,,0.9851,1,1,25,0,1,0,0,42,44,,,1.1,0.9933,7,7,7,0,41.8,0.926,1,1,0,0,,38,35,,2000,0,1,0,0,,,0,,35,0,1
01/31/2025,17.24,FWE,3,0,15010,0,,26.6,0,0.8,0.2,0,1,4,8,7,3.276,38,0.9828,35,0.9851,,1.07,1.1,35,35,,0.9851,1,1,25,0.1,1,0,0,42,44,,,1.1,0.9933,7,7,7,0,41.8,0.926,1,1,0,0,,38,35,,2000,0,1,0,0,,,0,,35,0,1
02/01/2025,5.06,PORT,11.7,0,0,0,,0,0,0,1.1,0.8,1.9,4,8,7,3.276,38,0.9828,35,0.9851,,1.07,1.1,35,35,,0.9851,1,1,25,0,1,0,0,42,44,,,1.1,0.9933,7,7,7,0,41.8,0.926,1,1,0,0,,38,35,,2000,0,1,0,0,,,0,,35,0,1
02/01/2025,6.42,BoSP,1.6,0,8600,0,,15.2,0,0.6,0.1,0.1,0.8,4,8,7,3.276,38,0.9828,35,0.9851,,1.07,1.1,35,35,,0.9851,1,1,25,0.1,1,0,0,42,44,,,1.1,0.9933,7,7,7,0,41.8,0.926,1,1,0,0,,38,35,,2000,0,1,0,0,,,0,,35,0,1
02/01/2025,12,SEA,5.3,55.6,39810,125.2,,70.4,21,2.9,0.5,0,3.4,4,8,7,3.276,38,0.9828,35,0.9851,,1.07,1.1,35,35,,0.9851,1,1,25,0,1,0,0,42,44,,,1.1,0.9933,7,7,7,0,41.8,0.926,1,1,0,0,,38,35,,2000,0,1,0,0,,,0,,35,0,1
02/01/2025,18.3,EoSP,6.5,68,49830,127.8,,88.1,22.8,3.7,0.6,0,4.3,4,8,7,3.276,38,0.9828,35,0.9851,,1.07,1.1,35,35,,0.9851,1,1,25,0,1,0,0,42,44,,,1.1,0.9933,7,7,7,0,41.8,0.926,1,1,0,0,,38,35,,2000,0,1,0,0,,,0,,35,1,1
02/01/2025,22.48,FWE,4.3,0,16580,0,,29.3,0,1,0.4,0.1,1.5,4,8,7,3.276,38,0.9828,35,0.9851,,1.07,1.1,35,35,,0.9851,1,1,25,0.2,1,0,0,42,44,,,1.1,0.9933,7,7,7,0,41.8,0.926,1,1,0,0,,38,35,,2000,0,1,0,0,,,0,,35,1,1
02/02/2025,12,PORT,13.2,0,0,0,,0,0,0,1.2,0.7,1.9,4,8,7,3.276,38,0.9828,35,0.9851,,1.07,1.1,35,35,,0.9851,1,1,25,0,1,0,0,42,44,,,1.1,0.9933,7,7,7,0,41.8,0.926,1,1,0,0,,38,35,,2000,0,1,0,0,,,0,,35,1,1
02/03/2025,0.3,PORT,12.5,0,0,0,,0,0,0,1.2,0.7,1.9,4,8,7,3.276,38,0.9828,35,0.9851,,1.1,1.1,35,35,,0.9851,1,1,25,0,1,0,0,42,44,,,1.1,0.9933,7,7,7,0,41.8,0.926,1,1,0,0,,38,35,,2000,0,1,0,0,,,0,,35,0,1
02/03/2025,3.3,BoSP,3,0,17470,0,,30.9,0,1.1,0.1,0.1,1.3,4,8,7,3.276,38,0.9828,35,0.9851,,1,1,35,35,,0.9851,1,1,25,0,1,0,0,42,44,,,1.1,0.9933,7,7,7,0,41.8,0.926,1,1,0,0,,38,35,,2000,0,1,0,0,,,0,,35,0,1
02/03/2025,12,SEA,8.5,78.4,61450,120.5,,108.7,27.9,3.9,0.8,0,4.7,4,8,7,3.276,38,0.9828,35,0.9851,,1.04,1,35,35,,0.9851,1,1,25,0,1,0,0,42,44,,,1.1,0.9933,7,7,7,0,41.8,0.926,1,1,0,0,,38,35,,2000,0,1,0,0,,,0,,35,0,1
02/03/2025,16,EoSP,4,37.9,28980,120.8,,51.3,26.1,1.9,0.3,0,2.2,4,8,7,3.276,38,0.9828,35,0.9851,,1.05,1,35,35,,0.9851,1,1,25,0,1,0,0,42,44,,,1.1,0.9933,7,7,7,0,41.8,0.926,1,1,0,0,,38,35,,2000,0,1,0,0,,,0,,35,1,1
02/03/2025,19,FWE,3,0,14810,0,,26.2,0,0.6,0.2,0.1,0.9,4,8,7,3.276,38,0.9828,35,0.9851,,1.02,1,35,35,,0.9851,1,1,25,0.1,1,0,0,42,44,,,1.1,0.9933,7,7,7,0,41.8,0.926,1,1,0,0,,38,35,,2000,0,1,0,0,,,0,,35,1,1
02/04/2025,8.42,PORT,13.7,0,0,0,,0,0,0,1.1,0.8,1.9,4,8,7,3.276,38,0.9828,35,0.9851,,1.02,1,35,35,,0.9851,1,1,25,0,1,0,0,42,44,,,1.1,0.9933,7,7,7,0,41.8,0.926,1,1,0,0,,38,35,,2000,0,1,0,0,,,0,,35,1,1
02/04/2025,10,BoSP,1.3,0,7470,0,,13.2,0,0.5,0.1,0.1,0.7,4,8,7,3.276,38,0.9828,35,0.9851,,1.02,1,35,35,,0.9851,1,1,25,0,1,0,0,42,44,,,1,0.9933,7,7,7,0,41.8,0.926,1,1,0,0,,38,35,,2000,0,1,0,0,,,0,,35,0,1
02/04/2025,12,SEA,2,24.6,16880,140.7,,29.9,17.7,1.5,0.2,0,1.7,4,8,7,3.276,38,0.9828,35,0.9851,,1.04,1,35,35,,0.9851,1,1,25,0,1,0,0,42,44,,,1,0.9933,7,7,7,0,41.8,0.926,1,1,0,0,,38,35,,2000,0,1,0,0,,,0,,35,0,1
02/04/2025,20.3,EoSP,8.5,100.2,73060,143.3,,129.2,22.4,6.3,0.7,0,7,4,8,7,3.276,38,0.9828,35,0.9851,,1.01,1,35,35,,0.9851,1,1,25,0,1,0,0,42,44,,,1,0.9933,7,7,7,0,41.8,0.926,1,1,0,0,,38,35,,2000,0,1,0,0,,,0,,35,1,1
02/04/2025,23.36,FWE,3.1,0,17310,0,,30.6,0,1.2,0.2,0,1.4,4,8,7,3.276,38,0.9828,35,0.9851,,1.01,1,35,35,,0.9851,1,1,25,0,1,0,0,42,44,,,1,0.9933,7,7,7,0,41.8,0.926,1,1,0,0,,38,35,,2000,0,1,0,0,,,0,,35,1,1
02/05/2025,12,PORT,12.4,0,0,0,,0,0,0,1,0.7,1.7,4,8,7,3.276,38,0.9828,35,0.9851,,1.01,1,35,35,,0.9851,1,1,25,0,1,0,30,42,44,,,1,0.9933,7,7,7,0,41.8,0.926,1,1,0,0,,38,35,,2000,0,1,0,0,,,0,,35,1,1
02/05/2025,17,PORT,5,0,0,0,,0,0,0,0.4,0.2,0.6,4,8,7,3.276,38,0.9828,35,0.9851,,1.01,1,35,35,,0.9851,1,1,25,0,1,0,80,42,44,,,1,0.9933,7,7,7,0,41.8,0.926,1,1,0,0,,38,35,,2000,0,1,0,0,,,0,,35,0,1
02/05/2025,20.3,BoSP,3.5,0,22080,0,,39.1,0,1.4,0.2,0,1.6,4,8,7,3.276,38,0.9828,35,0.9851,,1.01,1,35,35,,0.9851,1,1,25,0,1,0,80,42,44,,,1,0.9933,7,7,7,0,41.8,0.926,1,1,0,0,,38,35,,2000,0,1,0,0,,,0,,35,0,1
02/06/2025,8.24,EoSP,11.9,106.7,87320,122.3,,154.5,30.9,5.7,1,0,6.7,4,8,7,3.276,38,0.9828,35,0.9851,,1.01,1,35,35,,0.9851,1,1,25,0,1,0,80,42,44,,,1,0.9933,7,7,7,0,41.8,0.926,1,1,0,0,,38,35,,2000,0,1,0,0,,,0,,35,1,1
02/06/2025,12,WAY,3.6,0,9630,0,,17,0,0.5,0.3,0.1,0.9,4,8,7,3.276,38,0.9828,35,0.9851,,1.01,1,35,35,,0.9851,1,1,25,0,1,0,80,42,44,,,1,0.9933,7,7,7,0,41.8,0.926,1,1,0,0,,38,35,,2000,0,1,0,0,,,0,,35,1,1
02/06/2025,15.24,FWE,3.4,0,11740,0,,20.8,0,0.5,0.3,0.1,0.9,4,8,7,3.276,38,0.9828,35,0.9851,,1.01,1,35,35,,0.9851,1,1,25,0,1,0,80,42,44,,,1,0.9933,7,7,7,0,41.8,0.926,1,1,0,0,,38,35,,2000,0,1,0,0,,,0,,35,1,1
02/07/2025,4,PORT,12.6,0,0,0,,0,0,0,1.1,0.6,1.7,4,8,7,3.276,38,0.9828,35,0.9851,,1.01,1,35,35,,0.9851,1,1,25,0,1,0,80,42,44,,,1,0.9933,7,7,7,0,41.8,0.926,1,1,0,0,,38,35,,2000,0,1,0,0,,,0,,35,0,1
02/07/2025,5.3,BoSP,1.5,0,6630,0,,11.7,0,0.3,0.1,0.1,0.5,4,8,7,3.276,38,0.9828,35,0.9851,,1.01,1,35,35,,0.9851,1,1,25,0,1,0,80,42,44,,,1,0.9933,7,7,7,0,41.8,0.926,1,1,0,0,,38,35,,2000,0,1,0,0,,,0,,35,0,1
02/07/2025,12,SEA,6.5,69.2,45600,116.9,,80.7,14.3,2.8,0.6,0,3.4,4,8,7,3.276,38,0.9828,35,0.9851,,1.03,1.02,35,35,,0.9851,1,1,25,0,1,0,80,42,44,,,1,0.9933,7,7,7,0,41.8,0.926,1,1,0,0,,38,35,,2000,0,1,0,0,,,0,,35,0,1
02/07/2025,17.54,EoSP,5.9,56,41850,118.2,,74,24.3,2.7,0.5,0,3.2,4,8,7,3.276,38,0.9828,35,0.9851,,1.04,1.02,35,35,,0.9851,1,1,25,0,1,0,80,42,44,,,1,0.9933,7,7,7,0,41.8,0.926,1,1,0,0,,38,35,,2000,0,1,0,0,,,0,,35,1,1
02/07/2025,21.18,FWE,3.4,0,16810,0,,29.7,0,0.8,0.3,0.1,1.2,4,8,7,3.276,38,0.9828,35,0.9851,,1.02,1.02,35,35,,0.9851,1,1,25,0,1,0,80,42,44,,,1,0.9933,7,7,7,0,41.8,0.926,1,1,0,0,,38,35,,2000,0,1,0,0,,,0,,35,1,1
02/08/2025,12,PORT,14.7,0,0,0,,0,0,0,1.2,0.6,1.8,4,8,7,3.276,38,0.9828,35,0.9851,,1.03,1.02,35,35,,0.9851,1,1,25,0,1,0,50,42,44,,,1,0.9933,7,7,7,0,41.8,0.926,1,1,0,0,,38,35,,2000,0,1,0,0,,,0,,35,1,1
02/08/2025,19.12,PORT,7.2,0,0,0,,0,0,0,0.6,0.3,0.9,4,8,7,3.276,38,0.9828,35,0.9851,,1.03,1.02,35,35,,0.9851,1,1,25,0,1,0,50,42,44,,,1,0.9933,7,7,7,0,41.8,0.926,1,1,0,0,,38,35,,2000,0,1,0,0,,,0,,35,0,1
02/08/2025,23,BoSP,3.8,0,23970,0,,42.4,0,1.5,0.3,0.1,1.9,4,8,7,3.276,38,0.9828,35,0.9851,,1.03,1.02,35,35,,0.9851,1,1,25,0,1,0,50,42,44,,,1,0.9933,7,7,7,0,41.8,0.926,1,1,0,0,,38,35,,2000,0,1,0,0,,,0,,35,0,1
02/09/2025,11.3,EoSP,12.5,106,87700,116.9,,155.1,31.7,5.3,1.1,0,6.4,4,8,7,3.276,38,0.9828,35,0.9851,,1.04,1.03,35,35,,0.9851,1,1,25,0,1,0,30,42,44,,,1,0.9933,7,7,7,0,41.8,0.926,1,1,0,0,,38,35,,2000,0,1,0,0,,,0,,35,1,1
02/09/2025,12,WAY,0.499999999999999,0,2520,0,,4.5,0,0.1,0,0,0.1,4,8,7,3.276,38,0.9828,35,0.9851,,1.04,1.03,35,35,,0.9851,1,1,25,0,1,0,30,42,44,,,1,0.9933,7,7,7,0,41.8,0.926,1,1,0,0,,38,35,,2000,0,1,0,0,,,0,,35,1,1
02/09/2025,15.18,FWE,3.3,0,13780,0,,24.4,0,0.5,0.3,0.1,0.9,4,8,7,3.276,38,0.9828,35,0.9851,,1.04,1.03,35,35,,0.9851,1,1,25,0,1,0,30,42,44,,,1,0.9933,7,7,7,0,41.8,0.926,1,1,0,0,,38,35,,2000,0,1,0,0,,,0,,35,1,1
02/10/2025,8.06,PORT,16.8,0,0,0,,0,0,0,1.4,0.8,2.2,4,8,7,3.276,38,0.9828,35,0.9851,,1.04,1.03,35,35,,0.9851,1,1,25,0,1,0,30,42,44,,,1,0.9933,7,7,7,0,41.8,0.926,1,1,0,0,,38,35,,2000,0,1,0,0,,,0,,35,0,1
02/10/2025,10.12,BoSP,2.1,0,8000,0,,14.2,0,0.3,0.2,0.1,0.6,4,8,7,3.276,38,0.9828,35,0.9851,,1.02,1.03,35,35,,0.9851,1,1,25,0,1,0,30,42,44,,,1,0.9933,7,7,7,0,41.8,0.926,1,1,0,0,,38,35,,2000,0,1,0,0,,,0,,35,0,1
02/10/2025,12,SEA,1.8,16.3,12390,114.7,,21.9,25.6,0.7,0.2,0,0.9,4,8,7,3.276,38,0.9828,35,0.9851,,1,1.03,35,35,,0.9851,1,1,25,0,1,0,30,42,44,,,1,0.9933,7,7,7,0,41.8,0.926,1,1,0,0,,38,35,,2000,0,1,0,0,,,0,,35,0,1
02/10/2025,23.24,EoSP,11.4,108.4,80010,117,,141.5,23.4,5.1,1,0,6.1,4,8,7,3.276,38,0.9828,35,0.9851,,1.04,1.03,35,35,,0.9851,1,1,25,0,1,0,30,42,44,,,1,0.9933,7,7,7,0,41.8,0.926,1,1,0,0,,38,35,,2000,0,1,0,0,,,0,,35,1,1
02/11/2025,3.24,FWE,4,0,16800,0,,29.7,0,0.8,0.3,0.1,1.2,4,8,7,3.276,38,0.9828,35,0.9851,,1.01,1.03,35,35,,0.9851,1,1,25,0,1,0,30,42,44,,,1,0.9933,7,7,7,0,41.8,0.926,1,1,0,0,,38,35,,2000,0,1,0,0,,,0,,35,1,1
02/11/2025,12,PORT,8.6,0,0,0,,0,0,0,0.7,0.4,1.1,4,8,7,3.276,38,0.9828,35,0.9851,,1.02,1.01,35,35,,0.9851,1,1,25,0,1,0,30,42,44,,,1,0.9933,7,7,7,0,41.8,0.926,1,1,0,0,,38,35,,2000,0,1,0,0,,,0,,35,1,1
02/12/2025,2.42,PORT,14.7,0,0,0,,0,0,0,1.2,0.7,1.9,4,8,7,3.276,38,0.9828,35,0.9851,,1.02,1.01,35,35,,0.9851,1,1,25,0,1,0,30,42,44,,,1,0.9933,7,7,7,0,41.8,0.926,1,1,0,0,,38,35,,2000,0,1,0,0,,,0,,35,0,1
02/12/2025,5.3,BoSP,2.8,0,16670,0,,29.5,0,1,0.2,0,1.2,4,8,7,3.276,38,0.9828,35,0.9851,,1.02,1.01,35,35,,0.9851,1,1,25,0,1,0,30,42,44,,,1,0.9933,7,7,7,0,41.8,0.926,1,1,0,0,,38,35,,2000,0,1,0,0,,,0,,35,0,1
02/12/2025,12,SEA,6.5,57.1,45270,116.1,,80.1,28.7,2.8,0.6,0,3.4,4,8,7,3.276,38,0.9828,35,0.9851,,1.02,1.01,35,35,,0.9851,1,1,25,0,1,0,30,42,44,,,1,0.9933,7,7,7,0,41.8,0.926,1,1,0,0,,38,35,,2000,0,1,0,0,,,0,,35,0,1
02/12/2025,18.24,EoSP,6.4,58.2,48150,125.4,,85.2,31.7,3.1,0.6,0,3.7,4,8,7,3.276,38,0.9828,35,0.9851,,1.02,1.01,35,35,,0.9851,1,1,25,0,1,0,30,42,44,,,1,0.9933,7,7,7,0,41.8,0.926,1,1,0,0,,38,35,,2000,0,1,0,0,,,0,,35,1,1
02/12/2025,20.06,FWE,1.7,0,7880,0,,13.9,0,0.3,0.2,0,0.5,4,8,7,3.276,38,0.9828,35,0.9851,,1.02,1.01,35,35,,0.9851,1,1,25,0,1,0,30,42,44,,,1,0.9933,7,7,7,0,41.8,0.926,1,1,0,0,,38,35,,2000,0,1,0,0,,,0,,35,1,1
02/13/2025,4.54,ANCH,8.8,0,0,0,,0,0,0,0.7,0.4,1.1,4,8,7,3.276,38,0.9828,35,0.9851,,1.02,1.01,35,35,,0.9851,1,1,25,0,1,0,30,42,44,,,1,0.9933,7,7,7,0,41.8,0.926,1,1,0,0,,38,35,,2000,0,1,0,0,,,0,,35,1,1
02/13/2025,9.06,FWE,4.2,0,12160,0,,21.5,0,0.4,0.3,0.1,0.8,4,8,7,3.276,38,0.9828,35,0.9851,,1.02,1.01,35,35,,0.9851,1,1,25,0,1,0,10,42,44,,,1,0.9933,7,7,7,0,41.8,0.926,1,1,0,0,,38,35,,2000,0,1,0,0,,,0,,35,1,1
02/13/2025,12,PORT,2.9,0,0,0,,0,0,0,0.2,0.1,0.3,4,8,7,3.276,38,0.9828,35,0.9851,,1.02,1.01,35,35,,0.9851,1,1,25,0,1,0,10,42,44,,,1,0.9933,7,7,7,0,41.8,0.926,1,1,0,0,,38,35,,2000,0,1,0,0,,,0,,35,1,1
02/13/2025,22,PORT,10,0,0,0,,0,0,0,0.8,0.5,1.3,4,8,7,3.276,38,0.9828,35,0.9851,,1.02,1.01,35,35,,0.9851,1,1,25,0,1,0,10,42,44,,,1,0.9933,7,7,7,0,41.8,0.926,1,1,0,0,,38,35,,2000,0,1,0,0,,,0,,35,0,1
02/13/2025,23.3,BoSP,1.5,0,6930,0,,12.3,0,0.4,0.1,0,0.5,4,8,7,3.276,38,0.9828,35,0.9851,,1.02,1.01,35,35,,0.9851,1,1,25,0,1,0,10,42,44,,,1,0.9933,7,7,7,0,41.8,0.926,1,1,0,0,,38,35,,2000,0,1,0,0,,,0,,35,0,1
02/14/2025,11.42,EoSP,12.2,124.9,86780,118.6,,153.5,18.6,5.6,1.1,0,6.7,4,8,7,3.276,38,0.9828,35,0.9851,,1.02,1.01,35,35,,0.9851,1,1,25,0,1,0,10,42,44,,,1,0.9933,7,7,7,0,41.8,0.926,1,1,0,0,,38,35,,2000,0,1,0,0,,,0,,35,1,1
02/14/2025,12,WAY,0.3,0,1570,0,,2.8,0,0.1,0,0,0.1,4,8,7,3.276,38,0.9828,35,0.9851,,1.02,1.01,35,35,,0.9851,1,1,25,0,1,0,10,42,44,,,1,0.9933,7,7,7,0,41.8,0.926,1,1,0,0,,38,35,,2000,0,1,0,0,,,0,,35,1,1
02/14/2025,17.06,FWE,5.1,0,17850,0,,31.6,0,1.1,0.4,0.1,1.6,4,8,7,3.276,38,0.9828,35,0.9851,,1.03,1.02,35,35,,0.9851,1,1,25,0.2,1,0,10,42,44,,,1,0.9933,7,7,7,0,41.8,0.926,1,1,0,0,,38,35,,2000,0,1,0,0,,,0,,35,1,1
02/15/2025,12,PORT,18.9,0,0,0,,0,0,0,1.6,0.8,2.4,4,8,7,3.276,38,0.9828,35,0.9851,,1.04,1.02,35,35,,0.9851,1,1,25,0,1,0,10,42,44,,,1,0.9933,7,7,7,0,41.8,0.926,1,1,0,0,,38,35,,2000,0,1,0,0,,,0,,35,1,1
02/15/2025,18.12,PORT,6.2,0,0,0,,0,0,0,0.5,0.3,0.8,4,8,7,3.276,38,0.9828,35,0.9851,,1,1,35,35,,0.9851,1,1,25,0,1,0,10,42,44,,,1,0.9933,7,7,7,0,41.8,0.926,1,1,0,0,,38,35,,2000,0,1,0,0,,,0,,35,0,1
02/15/2025,21,BoSP,2.8,0,17130,0,,30.3,0,1.2,0.2,0,1.4,4,8,7,3.276,38,0.9828,35,0.9851,,0.98,1,35,35,,0.9851,1,1,25,0,1,0,10,42,44,,,0.85,0.9933,7,7,7,0,41.8,0.926,1,1,0,0,,38,35,,2000,0,1,0,0,,,0,,35,0,1
02/16/2025,10.3,EoSP,13.5,118.5,96900,119.6,,171.4,30.9,5.8,1.1,0,6.9,4,8,7,3.276,38,0.9828,35,0.9851,,0.97,0.99,35,35,,0.9851,1,1,25,0,1,0,10,42,44,,,0.85,0.9933,7,7,7,0,41.8,0.926,1,1,0,0,,38,35,,2000,0,1,0,0,,,0,,35,1,1
02/16/2025,12,FWE,1.5,0,6460,0,,11.4,0,0.1,0.1,0,0.2,4,8,7,3.276,38,0.9828,35,0.9851,,0.97,0.99,35,35,,0.9851,1,1,25,0,1,0,0,42,44,,,0.85,0.9933,7,7,7,0,41.8,0.926,1,1,0,0,,38,35,,2000,0,1,0,0,,,0,,35,1,1
02/16/2025,20.54,ANCH,8.9,0,0,0,,0,0,0,0.7,0.3,1,4,8,7,3.276,38,0.9828,35,0.9851,,0.97,0.99,35,35,,0.9851,1,1,25,0,1,0,0,42,44,,,0.85,0.9933,7,7,7,0,41.8,0.926,1,1,0,0,,38,35,,2000,0,1,0,0,,,0,,35,1,1
02/16/2025,23.24,FWE,2.5,0,9690,0,,17.1,0,0.4,0.2,0.1,0.7,4,8,7,3.276,38,0.9828,35,0.9851,,0.97,0.99,35,35,,0.9851,1,1,25,0,1,0,0,42,44,,,0.8,0.9933,7,7,7,0,41.8,0.926,1,1,0,0,,38,35,,2000,0,1,0,0,,,0,,35,1,1
02/17/2025,12,PORT,12.6,0,0,0,,0,0,0,1,0.4,1.4,4,8,7,3.276,38,0.9828,35,0.9851,,0.97,0.99,35,35,,0.9851,1,1,25,0,1,0,0,42,44,,,0.8,0.9933,7,7,7,0,41.8,0.926,1,1,0,0,,38,35,,2000,0,1,0,0,,,0,,35,1,1
02/17/2025,19.06,PORT,7.1,0,0,0,,0,0,0,0.6,0.3,0.9,4,8,7,3.276,38,0.9828,35,0.9851,,0.97,0.99,35,35,,0.9851,1,1,25,0,1,0,0,42,44,,,0.8,0.9933,7,7,7,0,41.8,0.926,1,1,0,0,,38,35,,2000,0,1,0,0,,,0,,35,0,1
02/17/2025,20.3,BoSP,1.4,0,6420,0,,11.4,0,0.3,0.1,0,0.4,4,8,7,3.276,38,0.9828,35,0.9851,,0.97,0.99,35,35,,0.9851,1,1,25,0,1,0,0,42,44,,,0.8,0.9933,7,7,7,0,41.8,0.926,1,1,0,0,,38,35,,2000,0,1,0,0,,,0,,35,0,1
02/18/2025,9,EoSP,12.5,129.9,89060,118.7,,157.5,17.5,5.4,1,0,6.4,4,8,7,3.276,38,0.9828,35,0.9851,,0.97,0.99,35,35,,0.9851,1,1,25,0,1,0,0,42,44,,,0.8,0.9933,7,7,7,0,41.8,0.926,1,1,0,0,,38,35,,2000,0,1,0,0,,,0,,35,1,1
02/18/2025,12,WAY,3,0,16580,0,,29.3,0,0.9,0.2,0,1.1,4,8,7,3.276,38,0.9828,35,0.9851,,0.95,0.95,35,35,,0.9851,1,1,25,0,1,0,0,42,44,,,0.8,0.9933,7,7,7,0,41.8,0.926,1,1,0,0,,38,35,,2000,0,1,0,0,,,0,,35,1,1
02/18/2025,12.12,FWE,0.199999999999999,0,20,0,,0,0,0.1,0,0,0.1,4,8,7,3.276,38,0.9828,35,0.9851,,0.96,0.97,35,35,,0.9851,1,1,25,0,0.97,0,0,42,44,,,0.8,0.9933,7,7,7,0,41.8,0.926,1,1,0,0,,38,35,,2000,0,1,0,0,,,0,,35,1,1
02/19/2025,12,PORT,23.8,0,0,0,,0,0,0,1.9,0.8,2.7,4,8,7,3.276,38,0.9828,35,0.9851,,0.96,0.97,35,35,,0.9851,1,1,25,0,0.97,0,0,42,44,,,0.75,0.9933,7,7,7,0,41.8,0.926,1,1,0,0,,38,35,,2000,0,1,0,0,,,0,,35,1,1
02/19/2025,18.24,PORT,6.4,0,0,0,,0,0,0,0.5,0.2,0.7,4,8,7,3.276,38,0.9828,35,0.9851,,0.95,0.97,35,35,,0.9851,1,1,25,0,0.97,0,0,42,44,,,0.75,0.9933,7,7,7,0,41.8,0.926,1,1,0,0,,38,35,,2000,0,1,0,0,,,0,,35,0,1
02/19/2025,21,BoSP,2.6,0,17740,0,,31.4,0,1.3,0.1,0,1.4,4,8,7,3.276,38,0.9828,35,0.9851,,0.95,0.97,35,35,,0.9851,1,1,25,0,0.97,0,0,42,44,,,0.75,0.9933,7,7,7,0,41.8,0.926,1,1,0,0,,38,35,,2000,0,1,0,0,,,0,,35,0,1
02/20/2025,10.3,EoSP,13.5,119.4,96020,118.5,,169.8,29.7,5.6,1.1,0,6.7,4,8,7,3.276,38,0.9828,35,0.9851,,0.96,0.97,35,35,,0.9851,1,1,25,0,0.97,0,0,42,44,,,0.75,0.9933,7,7,7,0,41.8,0.926,1,1,0,0,,38,35,,2000,0,1,0,0,,,0,,35,1,1
02/20/2025,12,WAY,1.5,0,1360,0,,2.4,0,0,0.1,0,0.1,4,8,7,3.276,38,0.9828,35,0.9851,,0.96,0.97,35,35,,0.9851,1,1,25,0,0.97,0,0,42,44,,,0.75,0.9933,7,7,7,0,41.8,0.926,1,1,0,0,,38,35,,2000,0,1,0,0,,,0,,35,1,1
02/20/2025,16.12,FWE,4.2,0,10610,0,,18.8,0,0.5,0.3,0.1,0.9,4,8,7,3.276,38,0.9828,35,0.9851,,0.96,0.97,35,35,,0.9851,1,1,25,0,0.97,0,0,42,44,,,0.75,0.9933,7,7,7,0,41.8,0.926,1,1,0,0,,38,35,,2000,0,1,0,0,,,0,,35,1,1
02/21/2025,12,PORT,19.8,0,0,0,,0,0,0,1.6,0.7,2.3,4,8,7,3.276,38,0.9828,35,0.9851,,0.96,0.97,35,35,,0.9851,1,1,25,0,0.97,0,0,42,44,,,0.75,0.9933,7,7,7,0,41.8,0.926,1,1,0,0,,38,35,,2000,0,1,0,0,,,0,,35,1,1
02/21/2025,21.42,PORT,9.7,0,0,0,,0,0,0,0.7,0.3,1,4,8,7,3.276,38,0.9828,35,0.9851,,0.96,0.97,35,35,,0.9851,1,1,25,0,0.97,0,0,42,44,,,0.75,0.9933,7,7,7,0,41.8,0.926,1,1,0,0,,38,35,,2000,0,1,0,0,,,0,,35,0,1
02/21/2025,23,BoSP,1.3,0,5750,0,,10.2,0,0.2,0.2,0,0.4,4,8,7,3.276,38,0.9828,35,0.9851,,0.96,0.97,35,35,,0.9851,1,1,25,0.1,0.97,0,0,42,44,,,0.75,0.9933,7,7,7,0,41.8,0.926,1,1,0,0,,38,35,,2000,0,1,0,0,,,0,,35,0,1
02/22/2025,12,EoSP,13,125.6,89020,114.1,,157.5,20.3,5.1,1.1,0,6.2,4,8,7,3.276,38,0.9828,35,0.9851,,0.96,0.97,35,35,,0.9851,1,1,25,0,0.97,0,0,42,44,,,0.75,0.9933,7,7,7,0,41.8,0.926,1,1,0,0,,38,35,,2000,0,1,0,0,,,0,,35,1,1
02/22/2025,15.54,FWE,3.9,0,18570,0,,32.8,0,1,0.3,0.1,1.4,4,8,7,3.276,38,0.9828,35,0.9851,,0.96,0.97,35,35,,0.9851,1,1,25,0,0.97,0,0,42,44,,,0.75,0.9933,7,7,7,0,41.8,0.926,1,1,0,0,,38,35,,2000,0,1,0,0,,,0,,35,1,1
02/23/2025,9.06,PORT,17.2,0,0,0,,0,0,0,1.4,0.7,2.1,4,8,7,3.276,38,0.9828,35,0.9851,,0.96,0.97,35,35,,0.9851,1,1,25,0,0.97,0,0,42,44,,,0.75,0.9933,7,7,7,0,41.8,0.926,1,1,0,0,,38,35,,2000,0,1,0,0,,,0,,35,0,1
02/23/2025,11.3,BoSP,2.4,0,16090,0,,28.5,0,1.3,0.1,0,1.4,4,8,7,3.276,38,0.9828,35,0.9851,,0.96,1,35,35,,0.9851,1,1,25,0,0.97,0,0,42,44,,,0.74,0.9933,7,7,7,0,41.8,0.926,1,1,0,0,,38,35,,2000,0,1,0,0,,,0,,35,0,1
02/23/2025,12,SEA,0.499999999999999,6.5,4240,141.3,,7.5,13.3,0.4,0,0,0.4,4,8,7,3.276,38,0.9828,35,0.9851,,0.96,0.97,35,35,,0.9851,1,1,25,0,0.97,0,0,42,44,,,0.74,0.9933,7,7,7,0,41.8,0.926,1,1,0,0,,38,35,,2000,0,1,0,0,,,0,,35,0,1
02/24/2025,0.12,EoSP,12.2,115.2,88510,120.9,,156.6,26.4,5.4,1.1,0,6.5,4,8,7,3.276,38,0.9828,35,0.9851,,0.96,0.97,35,35,,0.9851,1,1,25,0,0.97,0,0,42,44,,,0.74,0.9933,7,7,7,0,41.8,0.926,1,1,0,0,,38,35,,2000,0,1,0,0,,,0,,35,1,1
02/24/2025,3.3,FWE,3.3,0,12830,0,,22.7,0,0.5,0.3,0,0.8,4,8,7,3.276,38,0.9828,38,0.9828,,0.96,0.97,35,35,,0.9851,1,1,25,0,0.97,0,0,39,43,,,0.7,0.9933,7,7,7,0,41.8,0.926,1,1,0,0,,38,38,,2000,0,1,0,0,,,0,,35,1,1
02/24/2025,12,PORT,8.5,0,0,0,,0,0,0,0.7,0.3,1,4,8,7,3.276,38,0.9828,38,0.9828,,0.96,0.97,35,35,,0.9851,1,1,25,0,0.97,0,0,39,43,,,0.7,0.9933,7,7,7,0,41.8,0.926,1,1,0,0,,38,38,,2000,0,1,0,0,,,0,,35,1,1
02/24/2025,18,PORT,6,0,0,0,,0,0,0,0.5,0.2,0.7,4,8,7,3.276,38,0.9828,38,0.9828,,0.96,0.96,35,35,,0.9851,1,1,25,0,0.97,0,0,39,43,,,0.7,0.9933,7,7,7,0,41.8,0.926,1,1,0,0,,38,38,,2000,0,1,0,0,,,0,,35,0,1
02/24/2025,19,BoSP,1,0,4390,0,,7.8,0,0.2,0.1,0,0.3,4,8,7,3.276,38,0.9828,38,0.9828,,0.96,0.96,35,35,,0.9851,1,1,25,0.1,0.97,0,0,39,43,,,0.7,0.9933,7,7,7,0,41.8,0.926,1,1,0,0,,38,38,,2000,0,1,0,0,,,0,,35,0,1
02/25/2025,9,EoSP,14,125,99620,118.6,,176.2,29.1,6.1,1.2,0,7.3,4,8,7,3.276,38,0.9828,38,0.9828,,0.96,0.96,35,35,,0.9851,1,1,25,0,0.97,0,0,39,43,,,0.7,0.9933,7,7,7,0,41.8,0.926,1,1,0,0,,38,38,,2000,0,1,0,0,,,0,,35,1,1
02/25/2025,10.48,FWE,1.8,0,8720,0,,15.4,0,0.4,0.1,0,0.5,4,8,7,3.276,38,0.9828,38,0.9828,,0.96,0.96,35,35,,0.9851,1,1,25,0,0.97,0,0,39,43,,,0.7,0.9933,7,7,7,0,41.8,0.926,1,1,0,0,,38,38,,2000,0,1,0,0,,,0,,35,1,1
02/25/2025,12,ANCH,1.2,0,0,0,,0,0,0,0.1,0,0.1,4,8,7,3.276,38,0.9828,38,0.9828,,0.96,0.96,35,35,,0.9851,1,1,25,0,0.97,0,0,39,43,,,0.95,0.9933,7,7,7,0,41.8,0.926,1,1,0,0,,38,38,,2000,0,1,0,0,,,0,,35,1,1
02/26/2025,12,ANCH,24,0,0,0,,0,0,0,1.8,0.8,2.6,4,8,7,3.276,38,0.9828,38,0.9828,,0.96,0.96,35,35,,0.9851,1,1,25,0,0.97,0,0,39,43,,,0.7,0.9933,7,7,7,0,41.8,0.926,1,1,0,0,,38,38,,2000,0,1,0,0,,,0,,35,1,1
02/26/2025,13.3,ANCH,1.5,0,0,0,,0,0,0,0.1,0.1,0.2,4,8,7,3.276,38,0.9828,38,0.9828,,0.96,0.96,35,35,,0.9851,1,1,25,0,0.97,0,0,39,43,,,0.7,0.9933,7,7,7,0,41.8,0.926,1,1,0,0,,38,38,,2000,0,1,0,0,,,0,,35,1,1
02/26/2025,18,FWE,4.5,0,21050,0,,37.2,0,1,0.3,0.1,1.4,4,8,7,3.276,38,0.9828,38,0.9828,,0.96,0.96,35,35,,0.9851,1,1,25,0.2,0.97,0,0,39,43,,,0.7,0.9933,7,7,7,0,41.8,0.926,1,1,0,0,,38,38,,2000,0,1,0,0,,,0,,35,1,1
02/27/2025,12,PORT,18,0,0,0,,0,0,0,1.4,0.6,2,4,8,7,3.276,38,0.9828,38,0.9828,,0.96,0.96,35,35,,0.9851,1,1,25,0,0.97,0,0,39,43,,,0.7,0.9933,7,7,7,0,41.8,0.926,1,1,0,0,,38,38,,2000,0,1,0,0,,,0,,35,1,1
02/27/2025,15.12,PORT,3.2,0,0,0,,0,0,0,0.2,0.1,0.3,4,8,7,3.276,38,0.9828,38,0.9828,,0.96,0.96,35,35,,0.9851,1,1,25,0,0.97,0,0,39,43,,,0.7,0.9933,7,7,7,0,41.8,0.926,1,1,0,0,,38,38,,2000,0,1,0,0,,,0,,35,0,1
02/27/2025,18.3,BoSP,3.3,0,19120,0,,33.8,0,1.2,0.2,0,1.4,4,8,7,3.276,38,0.9828,38,0.9828,,0.96,0.96,35,35,,0.9851,1,1,25,0,0.97,0,0,39,43,,,0.7,0.9933,7,7,7,0,41.8,0.926,1,1,0,0,,38,38,,2000,0,1,0,0,,,0,,35,0,1
02/28/2025,8.3,EoSP,14,126.9,99310,118.2,,175.7,27.8,5.9,1.1,0,7,4,8,7,3.276,38,0.9828,38,0.9828,,0.96,0.96,35,35,,0.9851,1,1,25,0,0.97,0,0,39,43,,,0.7,0.9933,7,7,7,0,41.8,0.926,1,1,0,0,,38,38,,2000,0,1,0,0,,,0,,35,1,1
02/28/2025,11.24,FWE,2.9,0,11740,0,,20.8,0,0.6,0.2,0,0.8,4,8,7,3.276,38,0.9828,38,0.9828,,0.98,0.98,35,35,,0.9851,1,1,25,0,0.97,0,0,39,43,,,0.7,0.9933,7,7,7,0,41.8,0.926,1,1,0,0,,38,38,,2000,0,1,0,0,,,0,,35,1,1
02/28/2025,12,PORT,0.6,0,0,0,,0,0,0,0.1,0,0.1,4,8,7,3.276,38,0.9828,38,0.9828,,0.98,1.2,35,35,,0.9851,1,1,25,0,0.97,0,0,39,43,,,0.7,0.9933,7,7,7,0,41.8,0.926,1,1,0,0,,38,38,,2000,0,1,0,0,,,0,,35,1,1
03/01/2025,1.06,PORT,13.1,0,0,0,,0,0,0,1,0.4,1.4,4,8,7,3.276,38,0.9828,38,0.9828,,0.98,0.95,35,35,,0.9851,1,1,25,0,0.97,0,0,39,43,,,0.7,0.9933,7,7,7,0,41.8,0.926,1,1,0,0,,38,38,,2000,0,1,0,0,,,0,,35,0,1
03/01/2025,2.3,BoSP,1.4,0,6720,0,,11.9,0,0.3,0.1,0,0.4,4,8,7,3.276,38,0.9828,38,0.9828,,1,1,35,35,,0.9851,1,1,25,0.1,0.92,0,0,39,43,,,0.9,0.9933,7,7,7,0,41.8,0.926,1,1,0,0,,38,38,,2000,0,1,0,0,,,0,,35,0,1
03/01/2025,12,SEA,9.5,86,66260,116.2,,117.2,26.6,4.1,0.7,0,4.8,4,8,7,3.276,38,0.9828,38,0.9828,,1,1,35,35,,0.9851,1,1,25,0,0.92,0,0,39,43,,,0.9,0.9933,7,7,7,0,41.8,0.926,1,1,0,0,,38,38,,2000,0,1,0,0,,,0,,35,0,1
03/01/2025,16,EoSP,4,40,27990,116.6,,49.5,19.2,1.8,0.3,0,2.1,4,8,7,3.276,38,0.9828,38,0.9828,,1,1,35,35,,0.9851,1,1,25,0,0.92,0,0,39,43,,,0.9,0.9933,7,7,7,0,41.8,0.926,1,1,0,0,,38,38,,2000,0,1,0,0,,,0,,35,1,1
03/01/2025,19.12,FWE,3.2,0,17410,0,,30.8,0,1.2,0.2,0,1.4,4,8,7,3.276,38,0.9828,38,0.9828,,1,1,35,35,,0.9851,1,1,25,0,0.92,0,0,39,43,,,0.9,0.9933,7,7,7,0,41.8,0.926,1,1,0,0,,38,38,,2000,0,1,0,0,,,0,,35,1,1
03/02/2025,11.06,PORT,15.9,0,0,0,,0,0,0,1.3,0.7,2,4,8,7,3.276,38,0.9828,38,0.9828,,1,1,35,35,,0.9851,1,1,25,0,0.92,0,0,39,43,,,0.9,0.9933,7,7,7,0,41.8,0.926,1,1,0,0,,38,38,,2000,0,1,0,0,,,0,,35,0,1
03/02/2025,12,WAY,0.899999999999999,0,2250,0,,4,0,0.1,0.1,0,0.2,4,8,7,3.276,38,0.9828,38,0.9828,,1.5,1.3,35,35,,0.9851,1,1,25,0.1,0.8,0,0,39,43,,,0.9,0.9933,7,7,7,0,41.8,0.926,1,1,0,0,,38,38,,2000,0,1,0,0,,,0,,35,0,1
03/02/2025,14,BoSP,2,0,16420,0,,29,0,2,0.2,0,2.2,4,8,7,3.276,38,0.9828,38,0.9828,,1.5,1.3,35,35,,0.9851,1,1,25,0,0.8,0,0,39,43,,,0.9,0.9933,7,7,7,0,41.8,0.926,1,1,0,0,,38,38,,2000,0,1,0,0,,,0,,35,0,1
03/03/2025,4,EoSP,14,121.5,99340,118.3,,175.7,30.8,6.3,1.1,0,7.4,4,8,7,3.276,38,0.9828,38,0.9828,,1,1,35,35,,0.9851,1,1,25,0,0.8,0,0,39,43,,,0.9,0.9933,7,7,7,0,41.8,0.926,1,1,0,0,,38,38,,2000,0,1,0,0,,,0,,35,1,1
03/03/2025,6.54,FWE,2.9,0,10850,0,,19.2,0,0.6,0.2,0,0.8,4,8,7,3.276,38,0.9828,38,0.9828,,1,1,35,35,,0.9851,1,1,25,0.1,0.8,0,0,39,43,,,0.9,0.9933,7,7,7,0,41.8,0.926,1,1,0,0,,38,38,,2000,0,1,0,0,,,0,,35,0,1
03/03/2025,12,PORT,5.1,0,0,0,,0,0,0,0.4,0.2,0.6,4,8,7,3.276,38,0.9828,38,0.9828,,1,1,35,35,,0.9851,1,1,25,0,0.8,0,0,39,43,,,0.9,0.9933,7,7,7,0,41.8,0.926,1,1,0,0,,38,38,,2000,0,1,0,0,,,0,,35,1,1
03/04/2025,2.3,PORT,14.5,0,0,0,,0,0,0,1.2,0.6,1.8,4,8,7,3.276,38,0.9828,38,0.9828,,1,1,35,35,,0.9851,1,1,25,0,0.8,0,0,39,43,,,0.9,0.9933,7,7,7,0,41.8,0.926,1,1,0,0,,38,38,,2000,0,1,0,0,,,0,,35,0,1
03/04/2025,4,BoSP,1.5,0,7370,0,,13,0,0.4,0.1,0,0.5,4,8,7,3.276,38,0.9828,38,0.9828,,1,1,35,35,,0.9851,1,1,25,0.1,0.8,0,0,39,43,,,0.9,0.9933,7,7,7,0,41.8,0.926,1,1,0,0,,38,38,,2000,0,1,0,0,,,0,,35,0,1
03/04/2025,12,SEA,8,79.9,56210,117.1,,99.4,19.6,3.4,0.7,0,4.1,4,8,7,3.276,38,0.9828,38,0.9828,,1,1,35,35,,0.9851,1,1,25,0,0.8,0,0,39,43,,,0.9,0.9933,7,7,7,0,41.8,0.926,1,1,0,0,,38,38,,2000,0,1,0,0,,,0,,35,0,1
03/04/2025,16.3,EoSP,4.5,43,32120,119,,56.8,24.3,2,0.4,0,2.4,4,8,7,3.276,38,0.9828,38,0.9828,,1,1,35,35,,0.9851,1,1,25,0,0.8,0,0,39,43,,,0.9,0.9933,7,7,7,0,41.8,0.926,1,1,0,0,,38,38,,2000,0,1,0,0,,,0,,35,1,1
03/04/2025,17.48,FWE,1.3,0,5360,0,,9.5,0,0.2,0.1,0,0.3,4,8,7,3.276,38,0.9828,38,0.9828,,1,1,35,35,,0.9851,1,1,25,0,0.8,0,0,39,43,,,0.9,0.9933,7,7,7,0,41.8,0.926,1,1,0,0,,38,38,,2000,0,1,0,0,,,0,,35,1,1
03/04/2025,23.36,ANCH,5.8,0,0,0,,0,0,0,0.5,0.3,0.8,4,8,7,3.276,38,0.9828,38,0.9828,,1,1,35,35,,0.9851,1,1,25,0.1,0.8,0,0,39,43,,,0.9,0.9933,7,7,7,0,41.8,0.926,1,1,0,0,,38,38,,2000,0,1,0,0,,,0,,35,1,1
03/05/2025,3.3,FWE,3.9,0,18670,0,,33,0,1.2,0.4,0.1,1.7,4,8,7,3.276,38,0.9828,38,0.9828,,1,1,35,35,,0.9851,1,1,25,0.2,0.8,0,0,39,43,,,0.9,0.9933,7,7,7,0,41.8,0.926,1,1,0,0,,38,38,,2000,0,1,0,0,,,0,,35,1,1
03/05/2025,12,PORT,8.5,0,0,0,,0,0,0,0.7,0.4,1.1,4,8,7,3.276,38,0.9828,38,0.9828,,1,1,35,35,,0.9851,1,1,25,0,0.8,0,0,39,43,,,0.9,0.9933,7,7,7,0,41.8,0.926,1,1,0,0,,38,38,,2000,0,1,0,0,,,0,,35,1,1
03/05/2025,16.24,ANCH,4.4,0,0,0,,0,0,0,0.4,0.2,0.6,4,8,7,3.276,38,0.9828,38,0.9828,,1,1,35,35,,0.9851,1,1,25,0,0.8,0,0,39,43,,,0.9,0.9933,7,7,7,0,41.8,0.926,1,1,0,0,,38,38,,2000,0,1,0,0,,,0,,35,1,1
03/05/2025,18,FWE,1.6,0,5660,0,,10,0,0.4,0.1,0.1,0.6,4,8,7,3.276,38,0.9828,38,0.9828,,1,1,35,35,,0.9851,1,1,25,0.1,0.8,0,0,39,43,,,0.9,0.9933,7,7,7,0,41.8,0.926,1,1,0,0,,38,38,,2000,0,1,0,0,,,0,,35,1,1
03/06/2025,12,PORT,18,0,0,0,,0,0,0,1.6,0.8,2.4,4,8,7,3.276,38,0.9828,38,0.9828,,1,1,35,35,,0.9851,1,1,25,0,0.8,0,0,39,43,,,0.9,0.9933,7,7,7,0,41.8,0.926,1,1,0,0,,38,38,,2000,0,1,0,0,,,0,,35,1,1
03/06/2025,14.36,PORT,2.6,0,0,0,,0,0,0,0.2,0.1,0.3,4,8,7,3.276,38,0.9828,38,0.9828,,1,1,35,35,,0.9851,1,1,25,0,0.8,0,0,39,43,,,0.9,0.9933,7,7,7,0,41.8,0.926,1,1,0,0,,38,38,,2000,0,1,0,0,,,0,,35,0,1
03/06/2025,17.3,BoSP,2.9,0,19600,0,,34.7,0,1.5,0.2,0,1.7,4,8,7,3.276,38,0.9828,38,0.9828,,1,1,35,35,,0.9851,1,1,25,0.2,0.8,0,0,39,43,,,0.9,0.9933,7,7,7,0,41.8,0.926,1,1,0,0,,38,38,,2000,0,1,0,0,,,0,,35,0,1
03/07/2025,9,EoSP,15.5,125.6,107940,116.1,,190.9,34.2,6.3,1.4,0,7.7,4,8,7,3.276,38,0.9828,38,0.9828,,0.97,0.98,35,35,,0.9851,1,1,25,0,0.8,0,0,39,43,,,0.85,0.9933,7,7,7,0,41.8,0.926,1,1,0,0,,38,38,,2000,0,1,0,0,,,0,,35,1,1
03/07/2025,10.54,FWE,1.9,0,10170,0,,18,0,0.6,0.1,0,0.7,4,8,7,3.276,38,0.9828,38,0.9828,,0.97,0.98,35,35,,0.9851,1,1,25,0.1,0.8,0,0,39,43,,,0.85,0.9933,7,7,7,0,41.8,0.926,1,1,0,0,,38,38,,2000,0,1,0,0,,,0,,35,1,1
03/07/2025,12,PORT,1.1,0,0,0,,0,0,0,0.1,0,0.1,4,8,7,3.276,38,0.9828,38,0.9828,,0.97,0.98,35,35,,0.9851,1,1,25,0,0.8,0,0,39,43,,,0.85,0.9933,7,7,7,0,41.8,0.926,1,1,0,0,,38,38,,2000,0,1,0,0,,,0,,35,1,1
03/08/2025,4.42,PORT,16.7,0,0,0,,0,0,0,1.4,0.7,2.1,4,8,7,3.276,38,0.9828,38,0.9828,,0.97,0.98,35,35,,0.9851,1,1,25,0,0.8,0,0,39,43,,,0.85,0.9933,7,7,7,0,41.8,0.926,1,1,0,0,,38,38,,2000,0,1,0,0,,,0,,35,0,1
03/08/2025,6,BoSP,1.3,0,3530,0,,6.2,0,0.1,0.1,0.1,0.3,4,8,7,3.276,38,0.9828,38,0.9828,,0.97,0.98,35,35,,0.9851,1,1,25,0,0.8,0,0,39,43,,,0.85,0.9933,7,7,7,0,41.8,0.926,1,1,0,0,,38,38,,2000,0,1,0,0,,,0,,35,0,1
03/08/2025,12,SEA,6,60.7,41540,115.4,,73.5,17.4,2.4,0.5,0,2.9,4,8,7,3.276,38,0.9828,38,0.9828,,0.97,0.98,35,35,,0.9851,1,1,25,0,0.8,0,0,39,43,,,0.85,0.9933,7,7,7,0,41.8,0.926,1,1,0,0,,38,38,,2000,0,1,0,0,,,0,,35,0,1
03/08/2025,19.3,EoSP,7.5,65.1,50310,111.8,,89,26.9,2.6,0.7,0,3.3,4,8,7,3.276,38,0.9828,38,0.9828,,0.97,0.98,35,35,,0.9851,1,1,25,0,0.8,0,0,39,43,,,0.85,0.9933,7,7,7,0,41.8,0.926,1,1,0,0,,38,38,,2000,0,1,0,0,,,0,,35,0,1
03/08/2025,23.06,FWE,3.6,0,21750,0,,38.5,0,1.5,0.3,0.1,1.9,4,8,7,3.276,38,0.9828,38,0.9828,,0.97,0.98,35,35,,0.9851,1,1,25,0,0.8,0,0,39,43,,,0.85,0.9933,7,7,7,0,41.8,0.926,1,1,0,0,,38,38,,2000,0,1,0,0,,,0,,35,1,1
03/09/2025,12,PORT,12.9,0,0,0,,0,0,0,1,0.5,1.5,4,8,7,3.276,38,0.9828,38,0.9828,,0.97,0.98,35,35,,0.9851,1,1,25,0.2,0.8,0,0,39,43,,,0.85,0.9933,7,7,7,0,41.8,0.926,1,1,0,0,,38,38,,2000,0,1,0,0,,,0,,35,0,1
03/09/2025,15.3,PORT,3.5,0,0,0,,0,0,0,0.3,0.2,0.5,4,8,7,3.276,38,0.9828,38,0.9828,,0.97,0.98,35,35,,0.9851,1,1,25,0,0.8,0,0,39,43,,,0.85,0.9933,7,7,7,0,41.8,0.926,1,1,0,0,,38,38,,2000,0,1,0,0,,,0,,35,1,1
03/09/2025,18.3,BoSP,3,0,19660,0,,34.8,0,1.5,0.2,0,1.7,4,8,7,3.276,38,0.9828,38,0.9828,,0.97,0.98,35,35,,0.9851,1,1,25,0.1,0.8,0,0,39,43,,,0.85,0.9933,7,7,7,0,41.8,0.926,1,1,0,0,,38,38,,2000,0,1,0,0,,,0,,35,0,1
03/10/2025,8,EoSP,13.5,116.1,94040,116.1,,166.3,30.2,5.4,1.1,0,6.5,4,8,7,3.276,38,0.9828,38,0.9828,,0.97,0.98,35,35,,0.9851,1,1,25,0,0.8,0,0,39,43,,,0.85,0.9933,7,7,7,0,41.8,0.926,1,1,0,0,,38,38,,2000,0,1,0,0,,,0,,35,1,1
03/10/2025,10.18,FWE,2.3,0,12760,0,,22.6,0,0.7,0.2,0,0.9,4,8,7,3.276,38,0.9828,38,0.9828,,0.97,0.98,35,35,,0.9851,1,1,25,0.1,0.8,0,0,39,43,,,0.85,0.9933,7,7,7,0,41.8,0.926,1,1,0,0,,38,38,,2000,0,1,0,0,,,0,,35,1,1
03/10/2025,12,PORT,1.7,0,0,0,,0,0,0,0.1,0.1,0.2,4,8,7,3.276,38,0.9828,38,0.9828,,0.97,0.98,35,35,,0.9851,1,1,25,0,0.8,0,0,39,43,,,0.85,0.9933,7,7,7,0,41.8,0.926,1,1,0,0,,38,38,,2000,0,1,0,0,,,0,,35,1,1
03/10/2025,22.3,PORT,10.5,0,0,0,,0,0,0,0.9,0.4,1.3,4,8,7,3.276,38,0.9828,38,0.9828,,0.97,0.98,35,35,,0.9851,1,1,25,0,0.8,0,0,39,43,,,0.85,0.9933,7,7,7,0,41.8,0.926,1,1,0,0,,38,38,,2000,0,1,0,0,,,0,,35,0,1
03/11/2025,0.06,BoSP,1.6,0,8840,0,,15.6,0,0.5,0.1,0,0.6,4,8,7,3.276,38,0.9828,38,0.9828,,0.97,0.98,35,35,,0.9851,1,1,25,0.1,0.8,0,0,39,43,,,0.85,0.9933,7,7,7,0,41.8,0.926,1,1,0,0,,38,38,,2000,0,1,0,0,,,0,,35,0,1
03/11/2025,12,EoSP,11.9,120.3,82770,115.9,,146.4,17.8,5,1,0,6,4,8,7,3.276,38,0.9828,38,0.9828,,1,0.98,35,35,,0.9851,1,1,25,0,0.8,0,0,39,43,,,0.85,0.9933,7,7,7,0,41.8,0.926,1,1,0,0,,38,38,,2000,0,1,0,0,,,0,,35,1,1
03/11/2025,15.24,FWE,3.4,0,19630,0,,34.7,0,1.4,0.3,0,1.7,4,8,7,3.276,38,0.9828,38,0.9828,,1,0.98,35,35,,0.9851,1,1,25,0,0.8,0,0,39,43,,,0.85,0.9933,7,7,7,0,41.8,0.926,1,1,0,0,,38,38,,2000,0,1,0,0,,,0,,35,1,1
03/12/2025,9.12,PORT,17.8,0,0,0,,0,0,0,1.5,0.8,2.3,4,8,7,3.276,38,0.9828,38,0.9828,,1,1,35,35,,0.9851,1,1,25,0,0.8,0,0,39,43,,,0.9,0.9933,7,7,7,0,41.8,0.926,1,1,0,0,,38,38,,2000,0,1,0,0,,,0,,35,0,1
03/12/2025,12,WAY,2.8,0,17060,0,,30.2,0,1.3,0.2,0,1.5,4,8,7,3.276,38,0.9828,38,0.9828,,1.03,1,35,35,,0.9851,1,1,25,0.2,0.8,0,0,39,43,,,0.9,0.9933,7,7,7,0,41.8,0.926,1,1,0,0,,38,38,,2000,0,1,0,0,,,0,,35,0,1
03/12/2025,12.3,BoSP,0.500000000000001,0,3610,0,,6.4,0,0.2,0.1,0,0.3,4,8,7,3.276,38,0.9828,38,0.9828,,1.03,1.03,35,35,,0.9851,1,1,25,0,0.8,0,0,39,43,,,0.9,0.9933,7,7,7,0,41.8,0.926,1,1,0,0,,38,38,,2000,0,1,0,0,,,0,,35,0,1
03/13/2025,2,EoSP,13.5,122,93620,115.6,,165.6,26.3,5.8,1.2,0,7,4,8,7,3.276,38,0.9828,38,0.9828,,1.03,1.02,35,35,,0.9851,1,1,25,0,0.8,0,0,39,43,,,0.9,0.9933,7,7,7,0,41.8,0.926,1,1,0,0,,38,38,,2000,0,1,0,0,,,0,,35,1,1
03/13/2025,4.36,FWE,2.6,0,13340,0,,23.6,0,0.7,0.2,0,0.9,4,8,7,3.276,38,0.9828,38,0.9828,,1.03,1.03,35,35,,0.9851,1,1,25,0.1,0.8,0,0,39,43,,,0.9,0.9933,7,7,7,0,41.8,0.926,1,1,0,0,,38,38,,2000,0,1,0,0,,,0,,35,1,1
03/13/2025,12,PORT,7.4,0,0,0,,0,0,0,0.7,0.4,1.1,4,8,7,3.276,38,0.9828,38,0.9828,,1.03,1.03,35,35,,0.9851,1,1,25,0,0.8,0,30,39,43,,,0.9,0.9933,7,7,7,0,41.8,0.926,1,1,0,0,,38,38,,2000,0,1,0,0,,,0,,35,1,1
03/13/2025,15.48,PORT,3.8,0,0,0,,0,0,0,0.3,0.2,0.5,4,8,7,3.276,38,0.9828,38,0.9828,,1.03,1.03,35,35,,0.9851,1,1,25,0,0.8,0,30,39,43,,,0.9,0.9933,7,7,7,0,41.8,0.926,1,1,0,0,,38,38,,2000,0,1,0,0,,,0,,35,0,1
03/13/2025,17.3,BoSP,1.7,0,6020,0,,10.6,0,0.2,0.1,0.1,0.4,4,8,7,3.276,38,0.9828,38,0.9828,,1.03,1.03,35,35,,0.9851,1,1,25,0,0.8,0,30,39,43,,,0.9,0.9933,7,7,7,0,41.8,0.926,1,1,0,0,,38,38,,2000,0,1,0,0,,,0,,35,0,1
03/14/2025,7,EoSP,13.5,124.2,94080,116.1,,166.4,25.4,6,1.2,0,7.2,4,8,7,3.276,38,0.9828,38,0.9828,,1.03,1.03,35,35,,0.9851,1,1,25,0,0.8,0,30,39,43,,,0.9,0.9933,7,7,7,0,41.8,0.926,1,1,0,0,,38,38,,2000,0,1,0,0,,,0,,35,1,1
03/14/2025,10.18,FWE,3.3,0,18310,0,,32.4,0,1.2,0.3,0,1.5,4,8,7,3.276,38,0.9828,38,0.9828,,1.03,1.03,35,35,,0.9851,1,1,25,0.2,0.8,0,30,39,43,,,0.9,0.9933,7,7,7,0,41.8,0.926,1,1,0,0,,38,38,,2000,0,1,0,0,,,0,,35,1,1
03/14/2025,12,PORT,1.7,0,0,0,,0,0,0,0.2,0.1,0.3,4,8,7,3.276,38,0.9828,38,0.9828,,1.03,1.03,35,35,,0.9851,1,1,25,0,0.8,0,30,39,43,,,0.9,0.9933,7,7,7,0,41.8,0.926,1,1,0,0,,38,38,,2000,0,1,0,0,,,0,,35,1,1
03/15/2025,1,PORT,13,0,0,0,,0,0,0,1.2,0.5,1.7,4,8,7,3.276,38,0.9828,38,0.9828,,1.03,1.03,35,35,,0.9851,1,1,25,0,0.8,0,15,39,43,,,0.9,0.9933,7,7,7,0,41.8,0.926,1,1,0,0,,38,38,,2000,0,1,0,0,,,0,,35,0,1
03/15/2025,3.3,BoSP,2.5,0,17770,0,,31.4,0,1.4,0.2,0,1.6,4,8,7,3.276,38,0.9828,38,0.9828,,1.03,1.03,35,35,,0.9851,1,1,25,0.1,0.8,0,15,39,43,,,0.9,0.9933,7,7,7,0,41.8,0.926,1,1,0,0,,38,38,,2000,0,1,0,0,,,0,,35,0,1
03/15/2025,12,SEA,8.5,74.5,59970,117.6,,106.1,29.8,3.8,0.8,0,4.6,4,8,7,3.276,38,0.9828,38,0.9828,,1.03,1.03,35,35,,0.9851,1,1,25,0,0.8,0,15,39,43,,,0.9,0.9933,7,7,7,0,41.8,0.926,1,1,0,0,,38,38,,2000,0,1,0,0,,,0,,35,0,1
03/15/2025,16.3,EoSP,4.5,45.6,36300,134.4,,64.2,29,2.8,0.4,0,3.2,4,8,7,3.276,38,0.9828,38,0.9828,,1.03,1.03,35,35,,0.9851,1,1,25,0,0.8,0,15,39,43,,,0.9,0.9933,7,7,7,0,41.8,0.926,1,1,0,0,,38,38,,2000,0,1,0,0,,,0,,35,1,1
03/15/2025,17.36,FWE,1.1,0,3720,0,,6.6,0,0.1,0.1,0,0.2,4,8,7,3.276,38,0.9828,38,0.9828,,1.03,1.03,35,35,,0.9851,1,1,25,0,0.8,0,15,39,43,,,0.9,0.9933,7,7,7,0,41.8,0.926,1,1,0,0,,38,38,,2000,0,1,0,0,,,0,,35,1,1
03/16/2025,12,ANCH,18.4,0,0,0,,0,0,0,1.6,0.8,2.4,4,8,7,3.276,38,0.9828,38,0.9828,,1.03,1.02,35,35,,0.9851,1,1,25,0,0.8,0,15,39,43,,,0.9,0.9933,7,7,7,0,41.8,0.926,1,1,0,0,,38,38,,2000,0,1,0,0,,,0,,35,1,1
03/17/2025,3.06,ANCH,15.1,0,0,0,,0,0,0,1.4,0.7,2.1,4,8,7,3.276,38,0.9828,38,0.9828,,1.03,1.02,35,35,,0.9851,1,1,25,0,0.8,0,15,39,43,,,0.9,0.9933,7,7,7,0,41.8,0.926,1,1,0,0,,38,38,,2000,0,1,0,0,,,0,,35,1,1
03/17/2025,5.54,FWE,2.8,0,10060,0,,17.8,0,0.6,0.2,0,0.8,4,8,7,3.276,38,0.9828,38,0.9828,,1.03,1.02,35,35,,0.9851,1,1,25,0,0.8,0,15,39,43,,,0.9,0.9933,7,7,7,0,41.8,0.926,1,1,0,0,,38,38,,2000,0,1,0,0,,,0,,35,1,1
03/17/2025,12,PORT,6.1,0,0,0,,0,0,0,0.3,0,0,4,8,7,3.276,38,0.9828,38,0.9828,,1.03,1.02,35,35,,0.9851,1,1,25,0.1,0.8,0,15,39,43,,,0.9,0.9933,7,7,7,0,41.8,0.926,1,1,1,1,1,25,25,,2000,0.3,1,0,1,1,,1,1,25,1,1
03/18/2025,4,PORT,16,0,0,0,,0,0,0,0.4,0.5,0,4,8,7,3.276,38,0.9828,38,0.9828,,1.03,1.03,35,35,,0.9851,1,1,25,0,0.8,0,15,39,43,,,0.9,0.9933,7,7,7,0,41.8,0.926,1,1,1,0,,38,25,,2000,0.9,1,0,1,1,,1,1,25,1,1
03/18/2025,5,BoSP,1,0,5180,0,,9.2,0,0.3,0.1,0,0.4,4,8,7,3.276,38,0.9828,38,0.9828,,1.03,1.03,35,35,,0.9851,1,1,25,0.1,0.8,0,15,39,43,,,0.9,0.9933,7,7,7,0,41.8,0.926,1,1,0,0,,38,38,,2000,0,1,0,0,,,0,,35,0,1
03/18/2025,12,SEA,7,68.5,50070,119.2,,88.6,22.7,3.3,0.7,0,4,4,8,7,3.276,38,0.9828,38,0.9828,,1.03,1.03,35,35,,0.9851,1,1,25,0,0.8,0,15,39,43,,,0.9,0.9933,7,7,7,0,41.8,0.926,1,1,0,0,,38,38,,2000,0,1,0,0,,,0,,35,0,1
03/18/2025,18.3,EoSP,6.5,65.3,46510,119.3,,82.3,20.7,3.2,0.6,0,3.8,4,8,7,3.276,38,0.9828,38,0.9828,,1.03,1.03,35,35,,0.9851,1,1,25,0,0.8,0,15,39,43,,,0.9,0.9933,7,7,7,0,41.8,0.926,1,1,0,0,,38,38,,2000,0,1,0,0,,,0,,35,1,1
03/18/2025,21.3,FWE,3,0,18550,0,,32.8,0,1.4,0.2,0,1.6,4,8,7,3.276,38,0.9828,38,0.9828,,1.03,1.03,35,35,,0.9851,1,1,25,0.2,0.8,0,15,39,43,,,0.9,0.9933,7,7,7,0,41.8,0.926,1,1,0,0,,38,38,,2000,0,1,0,0,,,0,,35,1,1
03/19/2025,12,PORT,14.5,0,0,0,,0,0,0,1.3,0.5,1.8,4,8,7,3.276,38,0.9828,38,0.9828,,1.03,1.03,35,35,,0.9851,1,1,25,0,0.8,0,15,39,43,,,0.9,0.9933,7,7,7,0,41.8,0.926,1,1,0,0,,38,38,,2000,0,1,0,0,,,0,,35,1,1
03/19/2025,16,PORT,4,0,0,0,,0,0,0,0.2,0,0,4,8,7,3.276,38,0.9828,38,0.9828,,1.03,1.03,35,35,,0.9851,1,1,25,0,0.8,0,15,39,43,,,0.9,0.9933,7,7,7,0,41.8,0.926,1,1,0,0,,38,25,,2000,0.2,1,0,1,1,,1,1,25,0,1
03/19/2025,18.3,BoSP,2.5,0,17950,0,,31.8,0,1.4,0.2,0.1,1.7,4,8,7,3.276,38,0.9828,38,0.9828,,1.03,1.25,35,35,,0.9851,1,1,25,0.2,0.8,0,15,39,43,,,0.9,0.9933,7,7,7,0,41.8,0.926,1,1,0,0,,38,38,,2000,0,1,0,0,,,0,,35,0,1
03/20/2025,9,EoSP,14.5,122.2,100920,116,,178.5,31.5,6.2,1.3,0,7.5,4,8,7,3.276,38,0.9828,38,0.9828,,1.03,1.03,35,35,,0.9851,1,1,25,0,0.8,0,15,39,43,,,0.9,0.9933,7,7,7,0,41.8,0.926,1,1,0,0,,38,38,,2000,0,1,0,0,,,0,,35,1,1
03/20/2025,11,FWE,2,0,9430,0,,16.7,0,0.5,0.2,0.1,0.8,4,8,7,3.276,38,0.9828,38,0.9828,,1.05,1.03,35,35,,0.9851,1,1,25,0.1,0.8,0,15,39,43,,,0.9,0.9933,7,7,7,0,41.8,0.926,1,1,0,0,,38,38,,2000,0,1,0,0,,,0,,35,1,1
03/20/2025,12,PORT,1,0,0,0,,0,0,0,0.1,0,0.1,4,8,7,3.276,38,0.9828,38,0.9828,,1.05,1.03,35,35,,0.9851,1,1,32,0,0.8,0,15,39,43,,,0.9,0.9885,7,7,7,0,41.8,0.926,1,1,0,0,,38,38,,2000,0,1,0,0,,,0,,35,1,1
03/20/2025,23.36,PORT,11.6,0,0,0,,0,0,0,1.1,0.6,1.7,4,8,7,3.276,38,0.9828,38,0.9828,,1.05,1.03,35,35,,0.9851,1,1,32,0,0.8,0,15,39,43,,,0.9,0.9885,7,7,7,0,41.8,0.926,1,1,0,0,,38,38,,2000,0,1,0,0,,,0,,35,0,1
03/21/2025,1.42,FWE,2.1,0,10760,0,,19,0,0.8,0.1,0.1,1,4,8,7,3.276,38,0.9828,38,0.9828,,1.05,1.03,35,35,,0.9851,1,1,32,0.1,0.8,0,15,39,43,,,0.9,0.9885,7,7,7,0,41.8,0.926,1,1,0,0,,38,38,,2000,0,1,0,0,,,0,,35,1,1
03/21/2025,11.06,ANCH,9.4,0,0,0,,0,0,0,0.8,0.4,1.2,4,8,7,3.276,38,0.9828,38,0.9828,,1.05,1.03,35,35,,0.9851,1,1,32,0,0.8,0,15,39,43,,,0.9,0.9885,7,7,7,0,41.8,0.926,1,1,0,0,,38,38,,2000,0,1,0,0,,,0,,35,0,1
03/21/2025,12,BoSP,0.899999999999999,0,5270,0,,9.3,0,0.3,0.1,0,0.4,4,8,7,3.276,38,0.9828,38,0.9828,,1.05,1.03,35,35,,0.9851,1,1,32,0,0.8,0,15,39,43,,,0.9,0.9885,7,7,7,0,41.8,0.926,1,1,0,0,,38,38,,2000,0,1,0,0,,,0,,35,0,1
03/22/2025,0.3,EoSP,12.5,124.7,87110,116.1,,154.1,19.1,5.5,1.2,0,6.7,4,8,7,3.276,38,0.9828,38,0.9828,,1.04,1.03,35,35,,0.9851,1,1,32,0,0.8,0,15,39,43,,,0.9,0.9885,7,7,7,0,41.8,0.926,1,1,0,0,,38,38,,2000,0,1,0,0,,,0,,35,1,1
03/22/2025,5.12,FWE,4.7,0,19240,0,,34,0,1.5,0.4,0.1,2,4,8,7,3.276,38,0.9828,38,0.9828,,1.07,1.03,35,35,,0.9851,1,1,32,0.3,0.8,0,15,39,43,,,0.9,0.9885,7,7,7,0,41.8,0.926,1,1,0,0,,38,38,,2000,0,1,0,0,,,0,,35,1,1
03/22/2025,12,PORT,6.8,0,0,0,,0,0,0,0.6,0.3,0.9,4,8,7,3.276,38,0.9828,38,0.9828,,1.07,1.03,35,35,,0.9851,1,1,32,0,1,0,15,39,43,,,1,0.9885,7,7,7,0,41.8,0.926,1,1,0,0,,38,38,,2000,0,1,0,0,,,0,,35,1,1
03/22/2025,19.12,PORT,7.2,0,0,0,,0,0,0,0.7,0.3,1,4,8,7,3.276,38,0.9828,38,0.9828,,1.07,1.03,35,35,,0.9851,1,1,32,0,1,0,15,39,43,,,1,0.9885,7,7,7,0,41.8,0.926,1,1,0,0,,38,38,,2000,0,1,0,0,,,0,,35,0,1
03/22/2025,22,BoSP,2.8,0,18430,0,,32.6,0,1.5,0.2,0,1.7,4,8,7,3.276,38,0.9828,38,0.9828,,1.07,1.03,35,35,,0.9851,1,1,32,0.2,1,0,15,39,43,,,1,0.9885,7,7,7,0,41.8,0.926,1,1,0,0,,38,38,,2000,0,1,0,0,,,0,,35,0,1
03/23/2025,12,EoSP,14,116.8,97420,116,,172.3,32.2,6,1.2,0,7.2,4,8,7,3.276,38,0.9828,38,0.9828,,1.03,1.03,35,35,,0.9851,1,1,32,0,1,0,15,39,43,,,1,0.9885,7,7,7,0,41.8,0.926,1,1,0,0,,38,38,,2000,0,1,0,0,,,0,,35,1,1
03/23/2025,13.12,FWE,1.2,0,4570,0,,8.1,0,0.2,0.1,0,0.3,4,8,7,3.276,38,0.9828,38,0.9828,,1.03,1.03,35,35,,0.9851,1,1,32,0,1,0,15,39,43,,,1,0.9885,7,7,7,0,41.8,0.926,1,1,0,0,,38,38,,2000,0,1,0,0,,,0,,35,0,1
03/23/2025,23.18,ANCH,10.1,0,0,0,,0,0,0,0.9,0.5,1.4,4,8,7,3.276,38,0.9828,38,0.9828,,1.03,1.03,35,35,,0.9851,1,1,32,0,1,0,15,39,43,,,0.8,0.9885,7,7,7,0,41.8,0.926,1,1,0,0,,38,38,,2000,0,1,0,0,,,0,,35,1,1
03/24/2025,3.48,FWE,4.5,0,10750,0,,19,0,0.5,0.3,0.1,0.9,4,8,7,3.276,38,0.9828,38,0.9828,,1.03,1.03,35,35,,0.9851,1,1,32,0.2,1,0,15,39,43,,,0.8,0.9885,7,7,7,0,41.8,0.926,1,1,0,0,,38,38,,2000,0,1,0,0,,,0,,35,1,1
03/24/2025,12,PORT,8.2,0,0,0,,0,0,0,0.6,0.1,0.7,4,8,7,3.276,38,0.9828,38,0.9828,,1.03,1.08,35,35,,0.9851,1,1,32,0.2,1,0,15,39,43,,,0.8,0.9885,7,7,7,0,41.8,0.926,1,1,0,0,,38,38,,2000,0,1,0,0,,,0,,35,1,1
03/24/2025,21.3,PORT,9.5,0,0,0,,0,0,0,0.5,0.5,1,4,8,7,3.276,38,0.9828,38,0.9828,,1.03,0.95,35,35,,0.9851,1,1,32,0.4,1,0,15,39,43,,,0.5,0.9885,7,7,7,0,41.8,0.926,1,1,0,0,,38,38,,2000,0,1,0,0,,,0,,35,0,1
03/24/2025,23,BoSP,1.5,0,6750,0,,11.9,0,0.3,0.1,0.1,0.5,4,8,7,3.276,38,0.9828,38,0.9828,,1.03,0.95,35,35,,0.9851,1,1,32,0.1,1,0,15,39,43,,,0.3,0.9885,7,7,7,0,41.8,0.926,1,1,0,0,,38,38,,2000,0,1,0,0,,,0,,35,0,1
03/25/2025,12,SEA,13,85.6,90710,116.3,,160.5,46.7,6,1.3,0,7.3,4,8,7,3.276,38,0.9828,38,0.9828,,1.05,1.2,35,35,,0.9851,1,1,32,0,1,0,15,39,43,,,0.3,0.9885,7,7,7,0,41.8,0.926,1,1,0,0,,38,38,,2000,0,1,0,0,,,0,,35,0,1
03/25/2025,17,EoSP,5,44.9,32570,108.6,,57.6,22,1.9,0.4,0,2.3,4,8,7,3.276,38,0.9828,38,0.9828,,1.03,1.04,35,35,,0.9851,1,1,32,0,1,0,15,39,43,,,0.3,0.9885,7,7,7,0,41.8,0.926,1,1,0,0,,38,38,,2000,0,1,0,0,,,0,,35,1,1
03/25/2025,18.54,FWE,1.9,0,9870,0,,17.5,0,0.5,0.2,0,0.7,4,8,7,3.276,38,0.9828,38,0.9828,,1.03,1.04,35,35,,0.9851,1,1,32,0,1,0,15,39,43,,,0.3,0.9885,7,7,7,0,41.8,0.926,1,1,0,0,,38,38,,2000,0,1,0,0,,,0,,35,1,1
03/25/2025,23.42,ANCH,4.8,0,0,0,,0,0,0,0.4,0.2,0.6,4,8,7,3.276,38,0.9828,38,0.9828,,1.03,1.04,35,35,,0.9851,1,1,32,0,1,0,15,39,43,,,1,0.9885,7,7,7,0,41.8,0.926,1,1,0,0,,38,38,,2000,0,1,0,0,,,0,,35,1,1
03/26/2025,4.42,FWE,5,0,22580,0,,39.9,0,1.5,0.4,0.2,2.1,4,8,7,3.276,38,0.9828,38,0.9828,,1.06,1.06,35,35,,0.9851,1,1,32,0.2,1,0,15,39,43,,,1,0.9885,7,7,7,0,41.8,0.926,1,1,0,0,,38,38,,2000,0,1,0,0,,,0,,35,1,1
03/26/2025,12,PORT,7.3,0,0,0,,0,0,0,0.7,0.5,1.2,4,8,7,3.276,38,0.9828,38,0.9828,,1.04,1.1,35,35,,0.9851,1,1,32,0,1,0,15,39,43,,,1.4,0.9885,7,7,7,0,41.8,0.926,1,1,0,0,,38,38,,2000,0,1,0,0,,,0,,35,1,1
03/26/2025,17.18,PORT,5.3,0,0,0,,0,0,0,0.5,0.3,0.8,4,8,7,3.276,38,0.9828,38,0.9828,,1.04,1.1,35,35,,0.9851,1,1,32,0,1,0,15,39,43,,,1.4,0.9885,7,7,7,0,41.8,0.926,1,1,0,0,,38,38,,2000,0,1,0,0,,,0,,35,0,1
03/26/2025,20,BoSP,2.7,0,18530,0,,32.8,0,1.5,0.2,0,1.7,4,8,7,3.276,38,0.9828,38,0.9828,,1.04,1.07,35,35,,0.9851,1,1,32,0.2,1,0,15,39,43,,,1.2,0.9885,7,7,7,0,41.8,0.926,1,1,0,0,,38,38,,2000,0,1,0,0,,,0,,35,0,1
03/27/2025,10,EoSP,14,120,97820,116.5,,173,30.6,6.1,1.2,0,7.3,4,8,7,3.276,38,0.9828,38,0.9828,,1.04,1.07,35,35,,0.9851,1,1,32,0,1,0,15,39,43,,,1.2,0.9885,7,7,7,0,41.8,0.926,1,1,0,0,,38,38,,2000,0,1,0,0,,,0,,35,1,1
03/27/2025,12,WAY,2,0,12140,0,,21.5,0,0.7,0.2,0,0.9,4,8,7,3.276,38,0.9828,38,0.9828,,1.04,1.07,35,35,,0.9851,1,1,32,0,1,0,15,39,43,,,1.2,0.9885,7,7,7,0,41.8,0.926,1,1,0,0,,38,38,,2000,0,1,0,0,,,0,,35,1,1
03/27/2025,12.24,FWE,0.4,0,440,0,,0.8,0,0.1,0.1,0,0.2,4,8,7,3.276,38,0.9828,38,0.9828,,3.5,2.5,35,35,,0.9851,1,1,32,0,1,0,15,39,43,,,1.2,0.9885,7,7,7,0,41.8,0.926,1,1,0,0,,38,38,,2000,0,1,0,0,,,0,,35,1,1
03/28/2025,2,PORT,13.6,0,0,0,,0,0,0,1.3,0.7,2,4,8,7,3.276,38,0.9828,38,0.9828,,1.04,1.06,35,35,,0.9851,1,1,32,0,1,0,15,39,43,,,1.2,0.9885,7,7,7,0,41.8,0.926,1,1,0,0,,38,38,,2000,0,1,0,0,,,0,,35,0,1
03/28/2025,3.3,BoSP,1.5,0,7420,0,,13.1,0,0.4,0.1,0,0.5,4,8,7,3.276,38,0.9828,38,0.9828,,1.05,1.06,35,35,,0.9851,1,1,32,0,1,0,15,39,43,,,1.2,0.9885,7,7,7,0,41.8,0.926,1,1,0,0,,38,38,,2000,0,1,0,0,,,0,,35,0,1
03/28/2025,12,SEA,8.5,81,59550,116.8,,105.3,23.1,3.9,0.7,0,4.6,4,8,7,3.276,38,0.9828,38,0.9828,,1.05,0.98,35,35,,0.9851,1,1,32,0,1,0,15,39,43,,,1.2,0.9885,7,7,7,0,41.8,0.926,1,1,0,0,,38,38,,2000,0,1,0,0,,,0,,35,0,1
03/28/2025,17,EoSP,5,45.6,32280,107.6,,57.1,20.1,1.9,0.5,0,2.4,4,8,7,3.276,38,0.9828,38,0.9828,,1.05,1,35,35,,0.9851,1,1,32,0,1,0,15,39,43,,,1.2,0.9885,7,7,7,0,41.8,0.926,1,1,0,0,,38,38,,2000,0,1,0,0,,,0,,35,1,1
03/28/2025,20.12,FWE,3.2,0,17340,0,,30.7,0,1.2,0.2,0.1,1.5,4,8,7,3.276,38,0.9828,38,0.9828,,1.05,1.02,35,35,,0.9851,1,1,32,0.2,1,0,15,39,43,,,1.2,0.9885,7,7,7,0,41.8,0.926,1,1,0,0,,38,38,,2000,0,1,0,0,,,0,,35,1,1
03/29/2025,12,PORT,15.8,0,0,0,,0,0,0,1.4,0.9,2.3,4,8,7,3.276,38,0.9828,38,0.9828,,1.05,1.02,35,35,,0.9851,1,1,32,0,1,0,15,39,43,,,1.2,0.9885,7,7,7,0,41.8,0.926,1,1,0,0,,38,38,,2000,0,1,0,0,,,0,,35,1,1
03/29/2025,16.54,PORT,4.9,0,0,0,,0,0,0,0.4,0.3,0.7,4,8,7,3.276,38,0.9828,38,0.9828,,1.05,1.03,35,35,,0.9851,1,1,32,0,1,0,15,39,43,,,1.2,0.9885,7,7,7,0,41.8,0.926,1,1,0,0,,38,38,,2000,0,1,0,0,,,0,,35,0,1
03/29/2025,19.3,BoSP,2.6,0,18090,0,,32,0,1.4,0.2,0,1.6,4,8,7,3.276,38,0.9828,38,0.9828,,1.05,1.03,35,35,,0.9851,1,1,32,0.1,1,0,15,39,43,,,1.2,0.9885,7,7,7,0,41.8,0.926,1,1,0,0,,38,38,,2000,0,1,0,0,,,0,,35,0,1
03/30/2025,10,EoSP,14.5,123.4,101080,116.2,,178.8,31,6.4,1.3,0,7.7,4,8,7,3.276,38,0.9828,38,0.9828,,1.05,1.03,35,35,,0.9851,1,1,32,0,1,0,15,39,43,,,1.2,0.9885,7,7,7,0,41.8,0.926,1,1,0,0,,38,38,,2000,0,1,0,0,,,0,,35,1,1
03/30/2025,11.48,FWE,1.8,0,9090,0,,16.1,0,0.7,0.1,0,0.8,4,8,7,3.276,38,0.9828,38,0.9828,,1.05,1.03,35,35,,0.9851,1,1,32,0,1,0,15,39,43,,,1.2,0.9885,7,7,7,0,41.8,0.926,1,1,0,0,,38,38,,2000,0,1,0,0,,,0,,35,1,1
03/30/2025,12,PORT,0.199999999999999,0,0,0,,0,0,0,0,0,0,4,8,7,3.276,38,0.9828,38,0.9828,,1.05,1.03,35,35,,0.9851,1,1,32,0,1,0,15,39,43,,,1.2,0.9885,7,7,7,0,41.8,0.926,1,1,0,0,,38,38,,2000,0,1,0,0,,,0,,35,1,1
03/30/2025,22.48,PORT,10.8,0,0,0,,0,0,0,1,0.6,1.6,4,8,7,3.276,38,0.9828,38,0.9828,,1.05,1.04,35,35,,0.9851,1,1,32,0,1,0,15,39,43,,,1.2,0.9885,7,7,7,0,41.8,0.926,1,1,0,0,,38,38,,2000,0,1,0,0,,,0,,35,0,1
03/31/2025,0.3,BoSP,1.7,0,7300,0,,12.9,0,0.4,0.1,0.1,0.6,4,8,7,3.276,38,0.9828,38,0.9828,,1.05,1.05,35,35,,0.9851,1,1,32,0.1,1,0,15,39,43,,,1.2,0.9885,7,7,7,0,41.8,0.926,1,1,0,0,,38,38,,2000,0,1,0,0,,,0,,35,0,1
03/31/2025,12,SEA,11.5,113.6,79850,115.7,,141.2,19.5,4.9,1,0,5.9,4,8,7,3.276,38,0.9828,38,0.9828,,1.05,1.05,35,35,,0.9851,1,1,32,0,1,0,15,39,43,,,1.2,0.9885,7,7,7,0,41.8,0.926,1,1,0,0,,38,38,,2000,0,1,0,0,,,0,,35,0,1
03/31/2025,13.3,EoSP,1.5,14.55,11580,128.7,,20.5,29,0.9,0.2,0,1.1,4,8,7,3.276,38,0.9828,38,0.9828,,1.05,1.05,35,35,,0.9851,1,1,32,0,1,0,15,39,43,,,1.2,0.9885,7,7,7,0,41.8,0.926,1,1,0,0,,38,38,,2000,0,1,0,0,,,0,,35,1,1
03/31/2025,16.48,FWE,3.3,0,20800,0,,36.8,0,1.6,0.3,0,1.9,4,8,7,3.276,38,0.9828,38,0.9828,,1.05,1.05,35,35,,0.9851,1,1,32,0.2,1,0,15,39,43,,,1.2,0.9885,7,7,7,0,41.8,0.926,1,1,0,0,,38,38,,2000,0,1,0,0,,,0,,35,1,1
04/01/2025,6.48,PORT,14,0,0,0,,0,0,0,1.2,0.8,2,4,8,7,3.276,38,0.9828,38,0.9828,,1.05,1.05,35,35,,0.9851,1,1,32,0,1,0,15,39,43,,,1.2,0.9885,7,7,7,0,41.8,0.926,1,1,0,0,,38,38,,2000,0,1,0,0,,,0,,35,0,1
04/01/2025,9.3,BoSP,2.7,0,18340,0,,32.4,0,1.5,0.2,0,1.7,4,8,7,3.276,38,0.9828,38,0.9828,,1.05,1.05,35,35,,0.9851,1,1,32,0.2,1,0,15,39,43,,,1.2,0.9885,7,7,7,0,41.8,0.926,1,1,0,0,,38,38,,2000,0,1,0,0,,,0,,35,0,1
04/01/2025,12,SEA,2.5,24.3,17410,116.1,,30.8,21.1,1.2,0.2,0,1.4,4,8,7,3.276,38,0.9828,38,0.9828,,1.05,1.05,35,35,,0.9851,1,1,32,0,1,0,15,39,43,,,1.2,0.9885,7,7,7,0,41.8,0.926,1,1,0,0,,38,38,,2000,0,1,0,0,,,0,,35,0,1
04/01/2025,22.3,EoSP,10.5,94,72880,115.7,,128.9,27.1,4.6,0.9,0,5.5,4,8,7,3.276,38,0.9828,38,0.9828,,1.05,1.05,35,35,,0.9851,1,1,32,0,1,0,15,39,43,,,1.2,0.9885,7,7,7,0,41.8,0.926,1,1,0,0,,38,38,,2000,0,1,0,0,,,0,,35,0,1
04/01/2025,23.36,FWE,1.1,0,4570,0,,8.1,0,0.2,0.1,0,0.3,4,8,7,3.276,38,0.9828,38,0.9828,,1.05,1.05,35,35,,0.9851,1,1,32,0,1,0,15,39,43,,,1.2,0.9885,7,7,7,0,41.8,0.926,1,1,0,0,,38,38,,2000,0,1,0,0,,,0,,35,1,1
04/02/2025,12,ANCH,12.4,0,0,0,,0,0,0,1.1,0.7,1.8,4,8,7,3.276,38,0.9828,38,0.9828,,1.05,1.05,35,35,,0.9851,1,1,32,0,1,0,15,39,43,,,1.2,0.9885,7,7,7,0,41.8,0.926,1,1,0,0,,38,38,,2000,0,1,0,0,,,0,,35,1,1
04/02/2025,22.24,ANCH,10.4,0,0,0,,0,0,0,1,0.6,1.6,4,8,7,3.276,38,0.9828,38,0.9828,,1.04,1.03,35,35,,0.9851,1,1,32,0,1,0,15,39,43,,,1.2,0.9885,7,7,7,0,41.8,0.926,1,1,0,0,,38,38,,2000,0,1,0,0,,,0,,35,1,1
04/03/2025,2.18,FWE,3.9,0,9840,0,,17.4,0,0.4,0.3,0.2,0.9,4,8,7,3.276,38,0.9828,38,0.9828,,1.04,1.03,35,35,,0.9851,1,1,32,0.1,1,0,15,39,43,,,1.2,0.9885,7,7,7,0,41.8,0.926,1,1,0,0,,38,38,,2000,0,1,0,0,,,0,,35,1,1
04/03/2025,12,PORT,9.7,0,0,0,,0,0,0,0.8,0.3,1.1,4,8,7,3.276,38,0.9827,38,0.9827,,1.04,1,35,35,,0.9849,1,1,32,0,1,0,15,39,43,,,0.6,0.9885,7,7,7,0,41.8,0.92,1,1,0,0,,38,38,,2000,0,1,0,0,,,0,,35,1,1
04/03/2025,19.12,PORT,7.2,0,0,0,,0,0,0,0.6,0.2,0.8,4,8,7,3.276,38,0.9827,38,0.9827,,1.04,1,35,35,,0.9849,1,1,32,0,1,0,15,39,43,,,0.95,0.9885,7,7,7,0,41.8,0.92,1,1,0,0,,38,38,,2000,0,1,0,0,,,0,,35,0,1
04/03/2025,20.3,BoSP,1.3,0,4430,0,,7.8,0,0.2,0.1,0.1,0.4,4,8,7,3.276,38,0.9827,38,0.9827,,1.04,1,35,35,,0.9849,1,1,32,0.1,1,0,15,39,43,,,0.4,0.9885,7,7,7,0,41.8,0.92,1,1,0,0,,38,38,,2000,0,1,0,0,,,0,,35,0,1
04/04/2025,10,EoSP,13.5,129,94150,116.2,,166.5,22.5,5.9,1.2,0,7.1,4,8,7,3.276,38,0.9827,38,0.9827,,1.04,1,35,35,,0.9849,1,1,32,0,1,0,15,39,43,,,0.4,0.9885,7,7,7,0,41.8,0.92,1,1,0,0,,38,38,,2000,0,1,0,0,,,0,,35,1,1
04/04/2025,12,WAY,2,0,11490,0,,20.3,0,0.8,0.2,0,1,4,8,7,3.276,38,0.9827,38,0.9827,,1.04,1,35,35,,0.9849,1,1,32,0,1,0,15,39,43,,,0.4,0.9885,7,7,7,0,41.8,0.92,1,1,0,0,,38,38,,2000,0,1,0,0,,,0,,35,1,1
04/04/2025,13.54,FWE,1.9,0,9250,0,,16.4,0,0.6,0.1,0,0.7,4,8,7,3.276,38,0.9827,38,0.9827,,1.04,1,35,35,,0.9849,1,1,32,0.1,1,0,15,39,43,,,0.4,0.9885,7,7,7,0,41.8,0.92,1,1,0,0,,38,38,,2000,0,1,0,0,,,0,,35,1,1
04/05/2025,5.18,PORT,15.4,0,0,0,,0,0,0,1.4,0.6,2,4,8,7,3.276,38,0.9827,38,0.9827,,1.04,1,35,35,,0.9849,1,1,32,0,1,0,15,39,43,,,0.8,0.9885,7,7,7,0,41.8,0.92,1,1,0,0,,38,38,,2000,0,1,0,0,,,0,,35,0,1
04/05/2025,8,BoSP,2.7,0,17210,0,,30.4,0,1.4,0.2,0.1,1.7,4,8,7,3.276,38,0.9827,38,0.9827,,1.04,1,35,35,,0.9849,1,1,32,0.1,1,0,15,39,43,,,0.8,0.9885,7,7,7,0,41.8,0.92,1,1,0,0,,38,38,,2000,0,1,0,0,,,0,,35,0,1
04/05/2025,12,SEA,4,37.5,27810,115.9,,49.2,23.8,1.7,0.4,0,2.1,4,8,7,3.276,38,0.9827,38,0.9827,,1.04,1,35,35,,0.9849,1,1,32,0,1,0,15,39,43,,,0.8,0.9885,7,7,7,0,41.8,0.92,1,1,0,0,,38,38,,2000,0,1,0,0,,,0,,35,0,1
04/05/2025,21,EoSP,9,82.5,63330,117.3,,112,26.3,4.1,0.8,0,4.9,4,8,7,3.276,38,0.9827,38,0.9827,,1.04,1,35,35,,0.9849,1,1,32,0,1,0,15,39,43,,,0.8,0.9885,7,7,7,0,41.8,0.92,1,1,0,0,,38,38,,2000,0,1,0,0,,,0,,35,1,1
04/05/2025,23,FWE,2,0,10990,0,,19.4,0,0.8,0.1,0,0.9,4,8,7,3.276,38,0.9827,38,0.9827,,1.04,1,35,35,,0.9849,1,1,32,0,1,0,15,39,43,,,0.8,0.9885,7,7,7,0,41.8,0.92,1,1,0,0,,38,38,,2000,0,1,0,0,,,0,,35,1,1
04/06/2025,9.12,PORT,10.2,0,0,0,,0,0,0,0.9,0.3,1.2,4,8,7,3.276,38,0.9827,38,0.9827,,1.04,1,35,35,,0.9849,1,1,32,0,1,0,15,39,43,,,0.8,0.9885,7,7,7,0,41.8,0.92,1,1,0,0,,38,38,,2000,0,1,0,0,,,0,,35,1,1
04/06/2025,10.3,BoSP,1.3,0,4030,0,,7.1,0,0.2,0.1,0.1,0.4,4,8,7,3.276,38,0.9827,38,0.9827,,1.04,1,35,35,,0.9849,1,1,32,0,1,0,15,39,43,,,0.8,0.9885,7,7,7,0,41.8,0.92,1,1,0,0,,38,38,,2000,0,1,0,0,,,0,,35,0,1
04/06/2025,12,SEA,1.5,15.6,9810,109,,17.4,10.3,0.7,0.1,0,0.8,4,8,7,3.276,38,0.9827,38,0.9827,,1.04,1,35,35,,0.9849,1,1,32,0,1,0,15,39,43,,,0.8,0.9885,7,7,7,0,41.8,0.92,1,1,0,0,,38,38,,2000,0,1,0,0,,,0,,35,0,1
04/06/2025,23.3,EoSP,11.5,111.4,80800,117.1,,142.9,22,5,1.1,0,6.1,4,8,7,3.276,38,0.9827,38,0.9827,,1.04,1,35,35,,0.9849,1,1,32,0,1,0,15,39,43,,,0.8,0.9885,7,7,7,0,41.8,0.92,1,1,0,0,,38,38,,2000,0,1,0,0,,,0,,35,1,1
04/07/2025,2.48,FWE,3.3,0,18350,0,,32.5,0,1.3,0.2,0.1,1.6,4,8,7,3.276,38,0.9827,38,0.9827,,1.04,1,35,35,,0.9849,1,1,32,0.2,1,0,15,39,43,,,0.8,0.9885,7,7,7,0,41.8,0.92,1,1,0,0,,38,38,,2000,0,1,0,0,,,0,,35,1,1
04/07/2025,12,PORT,9.2,0,0,0,,0,0,0,0.9,0.4,1.3,4,8,7,3.276,38,0.9827,38,0.9827,,1.04,1,35,35,,0.9849,1,1,32,0,1,0,15,39,43,,,0.8,0.9885,7,7,7,0,41.8,0.92,1,1,0,0,,38,38,,2000,0,1,0,0,,,0,,35,1,1
04/07/2025,20.36,PORT,8.6,0,0,0,,0,0,0,0.8,0.3,1.1,4,8,7,3.276,38,0.9827,38,0.9827,,1.04,1,35,35,,0.9849,1,1,32,0,1,0,15,39,43,,,0.8,0.9885,7,7,7,0,41.8,0.92,1,1,0,0,,38,38,,2000,0,1,0,0,,,0,,35,1,1
04/07/2025,23,BoSP,2.4,0,17450,0,,30.9,0,1.5,0.2,0,1.7,4,8,7,3.276,38,0.9827,38,0.9827,,1.04,1,35,35,,0.9849,1,1,32,0.1,1,0,15,39,43,,,0.8,0.9885,7,7,7,0,41.8,0.92,1,1,0,0,,38,38,,2000,0,1,0,0,,,0,,35,0,1
04/08/2025,12,SEA,13,111.5,90550,116.1,,160.2,30.4,5.6,1.2,0,6.8,4,8,7,3.276,38,0.9827,38,0.9827,,1.04,1,35,35,,0.9849,1,1,32,0,1,0,15,39,43,,,0.8,0.9885,7,7,7,0,41.8,0.92,1,1,0,0,,38,38,,2000,0,1,0,0,,,0,,35,0,1
04/08/2025,14,EoSP,2,17.4,14020,116.8,,24.8,29.8,0.9,0.2,0,1.1,4,8,7,3.276,38,0.9827,38,0.9827,,1.04,1,35,35,,0.9849,1,1,32,0,1,0,15,39,43,,,0.8,0.9885,7,7,7,0,41.8,0.92,1,1,0,0,,38,38,,2000,0,1,0,0,,,0,,35,1,1
04/08/2025,17.18,FWE,3.3,0,9650,0,,17.1,0,0.4,0.2,0.1,0.7,4,8,7,3.276,38,0.9827,38,0.9827,,1.04,1,35,35,,0.9849,1,1,32,0.1,1,0,15,39,43,,,0.8,0.9885,7,7,7,0,41.8,0.92,1,1,0,0,,38,38,,2000,0,1,0,0,,,0,,35,1,1
04/09/2025,3.3,PORT,10.2,0,0,0,,0,0,0,1,0.4,1.4,4,8,7,3.276,38,0.9827,38,0.9827,,1.04,1,35,35,,0.9849,1,1,32,0,1,0,15,39,43,,,0.8,0.9885,7,7,7,0,41.8,0.92,1,1,0,0,,38,38,,2000,0,1,0,0,,,0,,35,1,1
04/09/2025,5,BoSP,1.5,0,7220,0,,12.8,0,0.4,0.1,0,0.5,4,8,7,3.276,38,0.9827,38,0.9827,,1.04,1,35,35,,0.9849,1,1,32,0,1,0,15,39,43,,,0.8,0.9885,7,7,7,0,41.8,0.92,1,1,0,0,,38,38,,2000,0,1,0,0,,,0,,35,0,1
04/09/2025,12,SEA,7,60.3,48730,116,,86.2,30,3.2,0.6,0,3.8,4,8,7,3.276,38,0.9827,38,0.9827,,1.04,1,35,35,,0.9849,1,1,32,0,1,0,15,39,43,,,0.8,0.9885,7,7,7,0,41.8,0.92,1,1,0,0,,38,38,,2000,0,1,0,0,,,0,,35,0,1
04/09/2025,19,EoSP,7,66.7,48520,115.5,,85.8,22.3,3.1,0.7,0,3.8,4,8,7,3.276,38,0.9827,38,0.9827,,1.04,1,35,35,,0.9849,1,1,32,0,1,0,15,39,43,,,0.8,0.9885,7,7,7,0,41.8,0.92,1,1,0,0,,38,38,,2000,0,1,0,0,,,0,,35,1,1
04/09/2025,22,FWE,3,0,16190,0,,28.6,0,1.1,0.2,0,1.3,4,8,7,3.276,38,0.9827,38,0.9827,,1.04,1,35,35,,0.9849,1,1,32,0.2,1,0,15,39,43,,,0.8,0.9885,7,7,7,0,41.8,0.92,1,1,0,0,,38,38,,2000,0,1,0,0,,,0,,35,1,1
04/10/2025,12,PORT,14,0,0,0,,0,0,0,1.3,0.5,1.8,4,8,7,3.276,38,0.9827,38,0.9827,,1.04,1,35,35,,0.9849,1,1,32,0,1,0,15,39,43,,,0.8,0.9885,7,7,7,0,41.8,0.92,1,1,0,0,,38,38,,2000,0,1,0,0,,,0,,35,1,1
04/10/2025,23.3,PORT,11.5,0,0,0,,0,0,0,1.1,0.4,1.5,4,8,7,3.276,38,0.9827,38,0.9827,,1.04,1,35,35,,0.9849,1,1,32,0,1,0,15,39,43,,,0.8,0.9885,7,7,7,0,41.8,0.92,1,1,0,0,,38,38,,2000,0,1,0,0,,,0,,35,0,1
04/11/2025,2.3,BoSP,3,0,17220,0,,30.5,0,1.4,0.2,0,1.6,4,8,7,3.276,38,0.9827,38,0.9827,,1.04,1,35,35,,0.9849,1,1,32,0.1,1,0,15,39,43,,,0.8,0.9885,7,7,7,0,41.8,0.92,1,1,0,0,,38,38,,2000,0,1,0,0,,,0,,35,0,1
04/11/2025,12,SEA,9.5,85,66170,116.1,,117,27.4,4.1,0.9,0,5,4,8,7,3.276,38,0.9827,38,0.9827,,1.04,1,35,35,,0.9849,1,1,32,0,1,0,15,39,43,,,0.8,0.9885,7,7,7,0,41.8,0.92,1,1,0,0,,38,38,,2000,0,1,0,0,,,0,,35,0,1
04/11/2025,17,EoSP,5,38,30420,101.4,,53.8,29.4,1.6,0.5,0,2.1,4,8,7,3.276,38,0.9827,38,0.9827,,1.04,1,35,35,,0.9849,1,1,32,0,1,0,15,39,43,,,0.8,0.9885,7,7,7,0,41.8,0.92,1,1,0,0,,38,38,,2000,0,1,0,0,,,0,,35,1,1
04/11/2025,20.42,FWE,3.7,0,7990,0,,14.1,0,0.5,0.3,0.2,1,4,8,7,3.276,38,0.9827,38,0.9827,,1.04,1,35,35,,0.9849,1,1,32,0.1,1,0,15,39,43,,,0.8,0.9885,7,7,7,0,41.8,0.92,1,1,0,0,,38,38,,2000,0,1,0,0,,,0,,35,1,1
04/12/2025,8.48,PORT,12.1,0,0,0,,0,0,0,1.1,0.4,1.5,4,8,7,3.276,38,0.9827,38,0.9827,,1.04,1,35,35,,0.9849,1,1,32,0,1,0,15,39,43,,,0.8,0.9885,7,7,7,0,41.8,0.92,1,1,0,0,,38,38,,2000,0,1,0,0,,,0,,35,1,1
04/12/2025,10,BoSP,1.2,0,4780,0,,8.5,0,0.3,0.1,0,0.4,4,8,7,3.276,38,0.9827,38,0.9827,,1.04,1,35,35,,0.9849,1,1,32,0,1,0,15,39,43,,,0.8,0.9885,7,7,7,0,41.8,0.92,1,1,0,0,,38,38,,2000,0,1,0,0,,,0,,35,0,1
04/12/2025,12,SEA,2,20,13880,115.7,,24.6,18.7,0.9,0.2,0,1.1,4,8,7,3.276,38,0.9827,38,0.9827,,1.04,1,35,35,,0.9849,1,1,32,0,1,0,15,39,43,,,0.8,0.9885,7,7,7,0,41.8,0.92,1,1,0,0,,38,38,,2000,0,1,0,0,,,0,,35,0,1
04/12/2025,22.3,EoSP,10.5,106.8,73150,116.1,,129.4,17.5,4.6,1,0,5.6,4,8,7,3.276,38,0.9827,38,0.9827,,1.04,1,35,35,,0.9849,1,1,32,0,1,0,15,39,43,,,0.8,0.9885,7,7,7,0,41.8,0.92,1,1,0,0,,38,38,,2000,0,1,0,0,,,0,,35,1,1
04/13/2025,1.42,FWE,3.2,0,18540,0,,32.8,0,1.4,0.2,0,1.6,4,8,7,3.276,38,0.9827,38,0.9827,,1.04,1,35,35,,0.9849,1,1,32,0.1,1,0,15,39,43,,,0.8,0.9885,7,7,7,0,41.8,0.92,1,1,0,0,,38,38,,2000,0,1,0,0,,,0,,35,1,1
04/13/2025,11.12,PORT,9.5,0,0,0,,0,0,0,0.9,0.4,1.3,4,8,7,3.276,38,0.9827,38,0.9827,,1.04,1,35,35,,0.9849,1,1,32,0,1,0,15,39,43,,,0.8,0.9885,7,7,7,0,41.8,0.92,1,1,0,0,,38,38,,2000,0,1,0,0,,,0,,35,1,1
04/13/2025,12,WAY,0.800000000000001,0,1610,0,,2.8,0,0.1,0,0.1,0.2,4,8,7,3.276,38,0.9827,38,0.9827,,1.04,1,35,35,,0.9849,1,1,32,0,1,0,15,39,43,,,0.8,0.9885,7,7,7,0,41.8,0.92,1,1,0,0,,38,38,,2000,0,1,0,0,,,0,,35,0,1
04/13/2025,14,BoSP,2,0,15800,0,,27.9,0,1.4,0.1,0,1.5,4,8,7,3.276,38,0.9827,38,0.9827,,1.04,1,35,35,,0.9849,1,1,32,0,1,0,15,39,43,,,0.8,0.9885,7,7,7,0,41.8,0.92,1,1,0,0,,38,38,,2000,0,1,0,0,,,0,,35,0,1
04/14/2025,3.3,EoSP,13.5,115.2,94030,116.1,,166.3,30.7,6,1.3,0,7.3,4,8,7,3.276,38,0.9827,38,0.9827,,1.04,1,35,35,,0.9849,1,1,32,0,1,0,15,39,43,,,0.8,0.9885,7,7,7,0,41.8,0.92,1,1,0,0,,38,38,,2000,0,1,0,0,,,0,,35,1,1
04/14/2025,6.12,FWE,2.7,0,17220,0,,30.5,0,1.3,0.2,0,1.5,4,8,7,3.276,38,0.9827,38,0.9827,,1.04,1,35,35,,0.9849,1,1,32,0.1,1,0,15,39,43,,,0.8,0.9885,7,7,7,0,41.8,0.92,1,1,0,0,,38,38,,2000,0,1,0,0,,,0,,35,1,1
04/14/2025,12,PORT,5.8,0,0,0,,0,0,0,0.5,0.1,0.6,4,8,7,3.276,38,0.9827,38,0.9827,,1.04,1,35,35,,0.9849,1,1,32,0,1,0,15,39,43,,,0.8,0.9885,7,7,7,0,41.8,0.92,1,1,0,0,,38,38,,2000,0,1,0,0,,,0,,35,1,1
04/14/2025,18.24,PORT,6.4,0,0,0,,0,0,0,0.6,0.2,0.8,4,8,7,3.276,38,0.9827,38,0.9827,,1.04,1,35,35,,0.9849,1,1,32,0,1,0,15,39,43,,,0.8,0.9885,7,7,7,0,41.8,0.92,1,1,0,0,,38,38,,2000,0,1,0,0,,,0,,35,1,1
04/14/2025,20,BoSP,1.6,0,8540,0,,15.1,0,0.5,0.1,0,0.6,4,8,7,3.276,38,0.9827,38,0.9827,,1.04,1,35,35,,0.9849,1,1,32,0.1,1,0,15,39,43,,,0.8,0.9885,7,7,7,0,41.8,0.92,1,1,0,0,,38,38,,2000,0,1,0,0,,,0,,35,0,1
04/15/2025,9,EoSP,13,126,90540,116.1,,160.2,21.3,5.8,1.2,0,7,4,8,7,3.276,38,0.9827,38,0.9827,,1.04,1,35,35,,0.9849,1,1,32,0,1,0,15,39,43,,,0.8,0.9885,7,7,7,0,41.8,0.92,1,1,0,0,,38,38,,2000,0,1,0,0,,,0,,35,1,1
04/15/2025,12,WAY,3,0,18380,0,,32.5,0,1.2,0.2,0,1.4,4,8,7,3.276,38,0.9827,38,0.9827,,1.04,1,35,35,,0.9849,1,1,32,0,1,0,15,39,43,,,0.8,0.9885,7,7,7,0,41.8,0.92,1,1,0,0,,38,38,,2000,0,1,0,0,,,0,,35,1,1
04/15/2025,12.24,FWE,0.4,0,910,0,,1.6,0,0.1,0,0,0.1,4,8,7,3.276,38,0.9827,38,0.9827,,1.04,1,35,35,,0.9849,1,1,32,0,1,0,15,39,43,,,0.8,0.9885,7,7,7,0,41.8,0.92,1,1,0,0,,38,38,,2000,0,1,0,0,,,0,,35,1,1
04/16/2025,12,ANCH,23.6,0,0,0,,0,0,0,2.2,0.8,3,4,8,7,3.276,38,0.9827,38,0.9827,,1.04,1,35,35,,0.9849,1,1,32,0,1,0,15,39,43,,,0.8,0.9885,7,7,7,0,41.8,0.92,1,1,0,0,,38,38,,2000,0,1,0,0,,,0,,35,1,1
04/17/2025,12,ANCH,24,0,0,0,,0,0,0,2.2,0.8,3,4,8,7,3.276,38,0.9827,38,0.9827,,1.04,1,35,35,,0.9849,1,1,32,0,1,0,15,39,43,,,0.8,0.9885,7,7,7,0,41.8,0.92,1,1,0,0,,38,38,,2000,0,1,0,0,,,0,,35,1,1
04/17/2025,21.3,ANCH,9.5,0,0,0,,0,0,0,0.9,0.3,1.2,4,8,7,3.276,38,0.9827,38,0.9827,,1.04,1,35,35,,0.9849,1,1,32,0,1,0,15,39,43,,,0.8,0.9885,7,7,7,0,41.8,0.92,1,1,0,0,,38,38,,2000,0,1,0,0,,,0,,35,1,1
04/18/2025,0.06,FWE,2.6,0,5260,0,,9.3,0,0.2,0.2,0.1,0.5,4,8,7,3.276,38,0.9827,38,0.9827,,1.04,1,35,35,,0.9849,1,1,32,0.1,1,0,15,39,43,,,0.8,0.9885,7,7,7,0,41.8,0.92,1,1,0,0,,38,38,,2000,0,1,0,0,,,0,,35,1,1
04/18/2025,12,PORT,11.9,0,0,0,,0,0,0,1.1,0.4,1.5,4,8,7,3.276,38,0.9827,38,0.9827,,1.04,1,35,35,,0.9849,1,1,32,0,1,0,15,39,43,,,0.8,0.9885,7,7,7,0,41.8,0.92,1,1,0,0,,38,38,,2000,0,1,0,0,,,0,,35,1,1
04/18/2025,17.36,PORT,5.6,0,0,0,,0,0,0,0.5,0.1,0.6,4,8,7,3.276,38,0.9827,38,0.9827,,1.04,1,35,35,,0.9849,1,1,32,0,1,0,15,39,43,,,0.8,0.9885,7,7,7,0,41.8,0.92,1,1,0,0,,38,38,,2000,0,1,0,0,,,0,,35,1,1
04/18/2025,21,BoSP,3.4,0,22420,0,,39.7,0,1.7,0.2,0,1.9,4,8,7,3.276,38,0.9827,38,0.9827,,1.04,1.05,35,35,,0.9849,1,1,32,0.2,1,0,15,39,43,,,1.05,0.9885,7,7,7,0,41.8,0.92,1,1,0,0,,38,38,,2000,0,1,0,0,,,0,,35,0,1
04/19/2025,11.3,EoSP,14.5,124,100940,116,,178.6,30.6,6.4,1.4,0,7.8,4,8,7,3.276,38,0.9827,38,0.9827,,1.04,1.05,35,35,,0.9849,1,1,32,0,1,0,15,39,43,,,1.05,0.9885,7,7,7,0,41.8,0.92,1,1,0,0,,38,38,,2000,0,1,0,0,,,0,,35,1,1
04/19/2025,12,WAY,0.499999999999999,0,3340,0,,5.9,0,0.2,0,0,0.2,4,8,7,3.276,38,0.9827,38,0.9827,,1.04,1.05,35,35,,0.9849,1,1,32,0,1,0,15,39,43,,,1.05,0.9885,7,7,7,0,41.8,0.92,1,1,0,0,,38,38,,2000,0,1,0,0,,,0,,35,1,1
04/19/2025,13.42,FWE,1.7,0,8240,0,,14.6,0,0.6,0.1,0.1,0.8,4,8,7,3.276,38,0.9827,38,0.9827,,1.04,1.05,35,35,,0.9849,1,1,32,0.1,1,0,15,39,43,,,1.05,0.9885,7,7,7,0,41.8,0.92,1,1,0,0,,38,38,,2000,0,1,0,0,,,0,,35,1,1
04/20/2025,3,PORT,13.3,0,0,0,,0,0,0,1.3,0.6,1.9,4,8,7,3.276,38,0.9827,38,0.9827,,1.04,1.05,35,35,,0.9849,1,1,32,0,1,0,15,39,43,,,1.05,0.9885,7,7,7,0,41.8,0.92,1,1,0,0,,38,38,,2000,0,1,0,0,,,0,,35,0,1
04/20/2025,4.3,BoSP,1.5,0,7420,0,,13.1,0,0.4,0.1,0,0.5,4,8,7,3.276,38,0.9827,38,0.9827,,1.04,1.05,35,35,,0.9849,1,1,32,0,1,0,15,39,43,,,1.05,0.9885,7,7,7,0,41.8,0.92,1,1,0,0,,38,38,,2000,0,1,0,0,,,0,,35,0,1
04/20/2025,12,SEA,7.5,68.5,52140,115.9,,92.2,25.7,3.4,0.7,0,4.1,4,8,7,3.276,38,0.9827,38,0.9827,,1.04,1.05,35,35,,0.9849,1,1,32,0,1,0,15,39,43,,,1.05,0.9885,7,7,7,0,41.8,0.92,1,1,0,0,,38,38,,2000,0,1,0,0,,,0,,35,0,1
04/20/2025,18,EoSP,6,55.9,41900,116.4,,74.1,24.6,2.7,0.6,0,3.3,4,8,7,3.276,38,0.9827,38,0.9827,,1.04,1.05,35,35,,0.9849,1,1,32,0,1,0,15,39,43,,,1.05,0.9885,7,7,7,0,41.8,0.92,1,1,0,0,,38,38,,2000,0,1,0,0,,,0,,35,1,1
04/20/2025,23.18,FWE,5.3,0,22410,0,,39.6,0,1.5,0.4,0.2,2.1,4,8,7,3.276,38,0.9827,38,0.9827,,1.04,1.05,35,35,,0.9849,1,1,32,0.2,1,0,15,39,43,,,1.05,0.9885,7,7,7,0,41.8,0.92,1,1,0,0,,38,38,,2000,0,1,0,0,,,0,,35,1,1
04/21/2025,12,PORT,12.7,0,0,0,,0,0,0,1.2,0.6,1.8,4,8,7,3.276,38,0.9827,38,0.9827,,1.04,1.05,35,35,,0.9849,1,1,32,0,1,0,15,39,43,,,1.05,0.9885,7,7,7,0,41.8,0.92,1,1,0,0,,38,38,,2000,0,1,0,0,,,0,,35,1,1
04/22/2025,12,PORT,24,0,0,0,,0,0,0,2.3,1.2,3.5,4,8,7,3.276,38,0.9827,38,0.9827,,1.04,1,35,35,,0.9849,1,1,32,0,1,0,15,39,43,,,1.05,0.9885,7,7,7,0,41.8,0.92,1,1,0,0,,38,38,,2000,0,1,0,0,,,0,,35,1,1
04/22/2025,19.06,PORT,7.1,0,0,0,,0,0,0,0.7,0.4,1.1,4,8,7,3.276,38,0.9827,38,0.9827,,1.04,1,35,35,,0.9849,1,1,32,0,1,0,15,39,43,,,1.05,0.9885,7,7,7,0,41.8,0.92,1,1,0,0,,38,38,,2000,0,1,0,0,,,0,,35,0,1
04/22/2025,21.3,BoSP,2.4,0,15640,0,,27.7,0,1.2,0.2,0,1.4,4,8,7,3.276,38,0.9827,38,0.9827,,1.04,1.04,35,35,,0.9849,1,1,32,0.1,1,0,15,39,43,,,1.05,0.9885,7,7,7,0,41.8,0.92,1,1,0,0,,38,38,,2000,0,1,0,0,,,0,,35,0,1
04/23/2025,12,EoSP,14.5,120.5,101330,116.5,,179.2,32.8,6.4,1.4,0,7.8,4,8,7,3.276,38,0.9827,38,0.9827,,1.04,1.04,35,35,,0.9849,1,1,32,0,1,0,15,39,43,,,1.05,0.9885,7,7,7,0,41.8,0.92,1,1,0,0,,38,38,,2000,0,1,0,0,,,0,,35,1,1
04/23/2025,14.3,FWE,2.5,0,12600,0,,22.3,0,0.8,0.2,0,1,4,8,7,3.276,38,0.9827,38,0.9827,,1.04,1.04,35,35,,0.9849,1,1,32,0,1,0,15,39,43,,,1.05,0.9885,7,7,7,0,41.8,0.92,1,1,0,0,,38,38,,2000,0,1,0,0,,,0,,35,1,1
04/24/2025,1.42,PORT,11.2,0,0,0,,0,0,0,1.1,0.5,1.6,4,8,7,3.276,38,0.9827,38,0.9827,,1.04,1.04,35,35,,0.9849,1,1,32,0,1,0,15,39,43,,,1.05,0.9885,7,7,7,0,41.8,0.92,1,1,0,0,,38,38,,2000,0,1,0,0,,,0,,35,0,1
04/24/2025,3,BoSP,1.3,0,5750,0,,10.2,0,0.3,0.1,0,0.4,4,8,7,3.276,38,0.9827,38,0.9827,,1.05,1.04,35,35,,0.9849,1,1,32,0,1,0,15,39,43,,,1.05,0.9885,7,7,7,0,41.8,0.92,1,1,0,0,,38,38,,2000,0,1,0,0,,,0,,35,0,1
04/24/2025,12,SEA,9,83.7,62650,116,,110.8,24.5,4,0.9,0,4.9,4,8,7,3.276,38,0.9827,38,0.9827,,1.05,1.04,35,35,,0.9849,1,1,32,0,1,0,15,39,43,,,1.05,0.9885,7,7,7,0,41.8,0.92,1,1,0,0,,38,38,,2000,0,1,0,0,,,0,,35,0,1
04/24/2025,16.3,EoSP,4.5,43.6,31450,116.5,,55.6,21.6,2.2,0.4,0,2.6,4,8,7,3.276,38,0.9827,38,0.9827,,1.05,1.04,35,35,,0.9849,1,1,32,0,1,0,15,39,43,,,1.05,0.9885,7,7,7,0,41.8,0.92,1,1,0,0,,38,38,,2000,0,1,0,0,,,0,,35,1,1
04/24/2025,20.18,FWE,3.8,0,16830,0,,29.8,0,1.1,0.2,0.1,1.4,4,8,7,3.276,38,0.9827,38,0.9827,,1.05,1.04,35,35,,0.9849,1,1,32,0.2,1,0,15,39,43,,,1.05,0.9885,7,7,7,0,41.8,0.92,1,1,0,0,,38,38,,2000,0,1,0,0,,,0,,35,1,1
04/25/2025,12,PORT,15.7,0,0,0,,0,0,0,1.4,0.7,2.1,4,8,7,3.276,38,0.9827,38,0.9827,,1.05,1.04,35,35,,0.9849,1,1,32,0,1,0,15,39,43,,,1.05,0.9885,7,7,7,0,41.8,0.92,1,1,0,0,,38,38,,2000,0,1,0,0,,,0,,35,1,1
04/26/2025,2,PORT,14,0,0,0,,0,0,0,1.4,0.8,2.2,4,8,7,3.276,38,0.9827,38,0.9827,,1.05,1.04,35,35,,0.9849,1,1,32,0,1,0,15,39,43,,,1.05,0.9885,7,7,7,0,41.8,0.92,1,1,0,0,,38,38,,2000,0,1,0,0,,,0,,35,0,1
04/26/2025,5,BoSP,3,0,20850,0,,36.9,0,1.8,0.2,0,2,4,8,7,3.276,38,0.9827,38,0.9827,,1.05,1.04,35,35,,0.9849,1,1,32,0.2,1,0,15,39,43,,,1.05,0.9885,7,7,7,0,41.8,0.92,1,1,0,0,,38,38,,2000,0,1,0,0,,,0,,35,0,1
04/26/2025,12,SEA,7,65.4,48710,116,,86.2,24.1,3.2,0.7,0,3.9,4,8,7,3.276,38,0.9827,38,0.9827,,1.05,1.04,35,35,,0.9849,1,1,32,0,1,0,15,39,43,,,1.05,0.9885,7,7,7,0,41.8,0.92,1,1,0,0,,38,38,,2000,0,1,0,0,,,0,,35,0,1
04/26/2025,18.3,EoSP,6.5,55.6,45320,116.2,,80.2,30.7,3,0.6,0,3.6,4,8,7,3.276,38,0.9827,38,0.9827,,1.05,1.04,35,35,,0.9849,1,1,32,0,1,0,15,39,43,,,1.05,0.9885,7,7,7,0,41.8,0.92,1,1,0,0,,38,38,,2000,0,1,0,0,,,0,,35,1,1
04/26/2025,21.3,FWE,3,0,13440,0,,23.8,0,0.7,0.2,0,0.9,4,8,7,3.276,38,0.9827,38,0.9827,,1.05,1.04,35,35,,0.9849,1,1,32,0.1,1,0,15,39,43,,,1.05,0.9885,7,7,7,0,41.8,0.92,1,1,0,0,,38,38,,2000,0,1,0,0,,,0,,35,1,1
04/27/2025,11.18,PORT,13.8,0,0,0,,0,0,0,1.4,0.8,2.2,4,8,7,3.276,38,0.9827,38,0.9827,,1.05,1.04,35,35,,0.9849,1,1,32,0,1,0,15,39,43,,,1.05,0.9885,7,7,7,0,41.8,0.92,1,1,0,0,,38,38,,2000,0,1,0,0,,,0,,35,0,1
04/27/2025,12,WAY,0.7,0,3760,0,,6.7,0,0.3,0,0,0.3,4,8,7,3.276,38,0.9827,38,0.9827,,1.05,1.04,35,35,,0.9849,1,1,32,0,1,0,15,39,43,,,1.05,0.9885,7,7,7,0,41.8,0.92,1,1,0,0,,38,38,,2000,0,1,0,0,,,0,,35,0,1
04/27/2025,12.3,BoSP,0.500000000000001,0,2670,0,,4.7,0,0.3,0,0,0.3,4,8,7,3.276,38,0.9827,38,0.9827,,1.05,1.08,35,35,,0.9849,1,1,32,0,1,0,15,39,43,,,1.05,0.9885,7,7,7,0,41.8,0.92,1,1,0,0,,38,38,,2000,0,1,0,0,,,0,,35,0,1
04/28/2025,1.3,EoSP,13,125.4,90640,116.2,,160.3,21.8,6,1.3,0,7.3,4,8,7,3.276,38,0.9827,38,0.9827,,1.05,1.08,35,35,,0.9849,1,1,32,0,1,0,15,39,43,,,1.05,0.9885,7,7,7,0,41.8,0.92,1,1,0,0,,38,38,,2000,0,1,0,0,,,0,,35,1,1
04/28/2025,2.48,FWE,1.3,0,4990,0,,8.8,0,0.2,0.1,0,0.3,4,8,7,3.276,38,0.9827,38,0.9827,,1.05,1.08,35,35,,0.9849,1,1,32,0.1,1,0,15,39,43,,,1.05,0.9885,7,7,7,0,41.8,0.92,1,1,0,0,,38,38,,2000,0,1,0,0,,,0,,35,1,1
04/28/2025,12,ANCH,9.2,0,0,0,,0,0,0,0.9,0.4,1.3,4,8,7,3.276,38,0.9827,38,0.9827,,1.05,1.08,35,35,,0.9849,1,1,32,0,1,0,15,39,43,,,1.05,0.9885,7,7,7,0,41.8,0.92,1,1,0,0,,38,38,,2000,0,1,0,0,,,0,,35,1,1
04/29/2025,12,ANCH,24,0,0,0,,0,0,0,2.3,1,3.3,4,8,7,3.276,38,0.9827,38,0.9827,,1.05,1,35,35,,0.9849,1,1,32,0,1,0,15,39,43,,,1.05,0.9885,7,7,7,0,41.8,0.92,1,1,0,0,,38,38,,2000,0,1,0,0,,,0,,35,1,1
04/30/2025,12,ANCH,24,0,0,0,,0,0,0,2.3,1,3.3,4,8,7,3.276,38,0.9827,38,0.9827,,1.05,1.08,35,35,,0.9849,1,1,32,0,1,0,15,39,43,,,1.05,0.9885,7,7,7,0,41.8,0.92,1,1,0,0,,38,38,,2000,0,1,0,0,,,0,,35,1,1
04/30/2025,14.3,ANCH,2.5,0,0,0,,0,0,0,0.4,0.1,0.5,4,8,7,3.276,38,0.9827,38,0.9827,,1.05,1.08,35,35,,0.9849,1,1,32,0,1,0,15,39,43,,,1.05,0.9885,7,7,7,0,41.8,0.92,1,1,0,0,,38,38,,2000,0,1,0,0,,,0,,35,1,1
04/30/2025,18.18,FWE,3.8,0,16060,0,,28.4,0,1.1,0.4,0.1,1.6,4,8,7,3.276,38,0.9827,38,0.9827,,1.05,1.05,35,35,,0.9849,1,1,32,0,1,0,15,39,43,,,1.05,0.9885,7,7,7,0,41.8,0.92,1,1,0,0,,38,38,,2000,0,1,0,0,,,0,,35,1,1
05/01/2025,12,PORT,17.7,0,0,0,,0,0,0,1.5,0.9,2.4,4,8,7,3.276,38,0.9827,38,0.9827,,1.05,0.85,35,35,,0.9849,1,1,32,0,1,0,15,39,43,,,1.05,0.9885,7,7,7,0,41.8,0.92,1,1,0,0,,38,38,,2000,0,1,0,0,,,0,,35,1,1
05/02/2025,12,PORT,24,0,0,0,,0,0,0,2.3,1.1,3.4,4,8,7,3.276,38,0.9827,38,0.9827,,1.05,1,35,35,,0.9849,1,1,32,0,1,0,15,39,43,,,1.05,0.9885,7,7,7,0,41.8,0.92,1,1,0,0,,38,38,,2000,0,1,0,0,,,0,,35,1,1
05/02/2025,13,PORT,1,0,0,0,,0,0,0,0.1,0.1,0.2,4,8,7,3.276,38,0.9827,38,0.9827,,1.05,1,35,35,,0.9849,1,1,32,0,1,0,15,39,43,,,1.05,0.9885,7,7,7,0,41.8,0.92,1,1,0,0,,38,38,,2000,0,1,0,0,,,0,,35,0,1
05/02/2025,15.3,BoSP,2.5,0,16880,0,,29.9,0,1.4,0.3,0,1.7,4,8,7,3.276,38,0.9827,38,0.9827,,1.05,1,35,35,,0.9849,1,1,32,0,1,0,15,39,43,,,1.05,0.9885,7,7,7,0,41.8,0.92,1,1,0,0,,38,38,,2000,0,1,0,0,,,0,,35,0,1
05/03/2025,5.3,EoSP,14,120,97610,116.2,,172.7,30.5,6.3,1.3,0,7.6,4,8,7,3.276,38,0.9827,38,0.9827,,1.05,1,35,35,,0.9849,1,1,32,0,1,0,15,39,43,,,1.05,0.9885,7,7,7,0,41.8,0.92,1,1,0,0,,38,38,,2000,0,1,0,0,,,0,,35,1,1
05/03/2025,8.06,FWE,2.6,0,12910,0,,22.8,0,0.8,0.2,0,1,4,8,7,3.276,38,0.9827,38,0.9827,,1.05,1,35,35,,0.9849,1,1,32,0,1,0,15,39,43,,,1.05,0.9885,7,7,7,0,41.8,0.92,1,1,0,0,,38,38,,2000,0,1,0,0,,,0,,35,1,1
05/03/2025,12,PORT,3.9,0,0,0,,0,0,0,0.4,0.1,0.5,4,8,7,3.276,38,0.9827,38,0.9827,,1.05,1,35,35,,0.9849,1,1,32,0,1,0,15,39,43,,,1.05,0.9885,7,7,7,0,41.8,0.92,1,1,0,0,,38,38,,2000,0,1,0,0,,,0,,35,1,1
05/03/2025,20,PORT,8,0,0,0,,0,0,0,0.8,0.3,1.1,4,8,7,3.276,38,0.9827,38,0.9827,,1.05,1,35,35,,0.9849,1,1,32,0,1,0,15,39,43,,,1.05,0.9885,7,7,7,0,41.8,0.92,1,1,0,0,,38,38,,2000,0,1,0,0,,,0,,35,0,1
05/03/2025,21.3,BoSP,1.5,0,6150,0,,10.9,0,0.2,0.2,0,0.4,4,8,7,3.276,38,0.9827,38,0.9827,,1.05,1,35,35,,0.9849,1,1,32,0,1,0,15,39,43,,,1.05,0.9885,7,7,7,0,41.8,0.92,1,1,0,0,,38,38,,2000,0,1,0,0,,,0,,35,0,1
05/04/2025,11,EoSP,13.5,127.2,94150,116.2,,166.5,23.6,6.2,1.3,0,7.5,4,8,7,3.276,38,0.9827,38,0.9827,,1.05,1,35,35,,0.9849,1,1,32,0,1,0,15,39,43,,,1.05,0.9885,7,7,7,0,41.8,0.92,1,1,0,0,,38,38,,2000,0,1,0,0,,,0,,35,1,1
05/04/2025,12,WAY,1,0,5940,0,,10.5,0,0.4,0.1,0,0.5,4,8,7,3.276,38,0.9827,38,0.9827,,1.05,1,35,35,,0.9849,1,1,32,0,1,0,15,39,43,,,1.05,0.9885,7,7,7,0,41.8,0.92,1,1,0,0,,38,38,,2000,0,1,0,0,,,0,,35,1,1
05/04/2025,14.06,FWE,2.1,0,11490,0,,20.3,0,0.9,0.2,0,1.1,4,8,7,3.276,38,0.9827,38,0.9827,,1.05,1,35,35,,0.9849,1,1,32,0,1,0,15,39,43,,,1.05,0.9885,7,7,7,0,41.8,0.92,1,1,0,0,,38,38,,2000,0,1,0,0,,,0,,35,1,1
05/05/2025,12,PORT,21.9,0,0,0,,0,0,0,2.1,1.1,3.2,4,8,7,3.276,38,0.9827,38,0.9827,,1.05,1,35,35,,0.9849,1,1,32,0,1,0,15,39,43,,,1.05,0.9885,7,7,7,0,41.8,0.92,1,1,0,0,,38,38,,2000,0,1,0,0,,,0,,35,1,1
05/05/2025,22,PORT,10,0,0,0,,0,0,0,1,0.5,1.5,4,8,7,3.276,38,0.9827,38,0.9827,,1.05,1,35,35,,0.9849,1,1,32,0,1,0,15,39,43,,,1.05,0.9885,7,7,7,0,41.8,0.92,1,1,0,0,,38,38,,2000,0,1,0,0,,,0,,35,0,1
05/06/2025,0.3,BoSP,2.5,0,17120,0,,30.3,0,1.5,0.2,0.1,1.8,4,8,7,3.276,38,0.9827,38,0.9827,,1.05,1,35,35,,0.9849,1,1,32,0.1,1,0,15,39,43,,,1.05,0.9885,7,7,7,0,41.8,0.92,1,1,0,0,,38,38,,2000,0,1,0,0,,,0,,35,0,1
05/06/2025,12,SEA,11.5,98.8,80090,116.1,,141.7,30.3,5.1,1.1,0,6.2,4,8,7,3.276,38,0.9827,38,0.9827,,1.05,0.95,35,35,,0.9849,1,1,32,0,1,0,15,39,43,,,1.05,0.9885,7,7,7,0,41.8,0.92,1,1,0,0,,38,38,,2000,0,1,0,0,,,0,,35,0,1
05/06/2025,14.3,EoSP,2.5,22.5,17600,117.3,,31.1,27.7,1.2,0.2,0,1.4,4,8,7,3.276,38,0.9827,38,0.9827,,1.05,0.95,35,35,,0.9849,1,1,32,0,1,0,15,39,43,,,1.05,0.9885,7,7,7,0,41.8,0.92,1,1,0,0,,38,38,,2000,0,1,0,0,,,0,,35,1,1
05/06/2025,17,FWE,2.5,0,11030,0,,19.5,0,0.6,0.2,0,0.8,4,8,7,3.276,38,0.9827,38,0.9827,,1.05,0.95,35,35,,0.9849,1,1,32,0,1,0,15,39,43,,,1.05,0.9885,7,7,7,0,41.8,0.92,1,1,0,0,,38,38,,2000,0,1,0,0,,,0,,35,1,1
05/07/2025,12,PORT,19,0,0,0,,0,0,0,1.8,1,2.8,4,8,7,3.276,38,0.9827,38,0.9827,,1.05,1,35,35,,0.9849,1,1,32,0,1,0,15,39,43,,,1.05,0.9885,7,7,7,0,41.8,0.92,1,1,0,0,,38,38,,2000,0,1,0,0,,,0,,35,1,1
05/07/2025,22.24,PORT,10.4,0,0,0,,0,0,0,1,0.6,1.6,4,8,7,3.276,38,0.9827,38,0.9827,,1.05,1,35,35,,0.9849,1,1,32,0,1,0,15,39,43,,,1.05,0.9885,7,7,7,0,41.8,0.92,1,1,0,0,,38,38,,2000,0,1,0,0,,,0,,35,0,1
05/07/2025,23.3,BoSP,1.1,0,5940,0,,10.5,0,0.5,0.1,0,0.6,4,8,7,3.276,38,0.9827,38,0.9827,,1.05,1,35,35,,0.9849,1,1,32,0,1,0,15,39,43,,,1.05,0.9885,7,7,7,0,41.8,0.92,1,1,0,0,,38,38,,2000,0,1,0,0,,,0,,35,0,1
05/08/2025,12,SEA,12.5,96.4,86990,116,,153.9,37.4,6.1,1.1,0,7.2,4,8,7,3.276,38,0.9827,38,0.9827,,1.05,1,35,35,,0.9849,1,1,32,0,1,0,15,39,43,,,1.05,0.9885,7,7,7,0,41.8,0.92,1,1,0,0,,38,38,,2000,0,1,0,0,,,0,,35,0,1
05/08/2025,15,EoSP,3,28.8,21130,117.4,,37.4,23,1.4,0.3,0,1.7,4,8,7,3.276,38,0.9827,38,0.9827,,1.05,1,35,35,,0.9849,1,1,32,0,1,0,15,39,43,,,1.05,0.9885,7,7,7,0,41.8,0.92,1,1,0,0,,38,38,,2000,0,1,0,0,,,0,,35,1,1
05/08/2025,16.06,FWE,1.1,0,5130,0,,9.1,0,0.3,0.1,0,0.4,4,8,7,3.276,38,0.9827,38,0.9827,,1.05,1,35,35,,0.9849,1,1,32,0,1,0,15,39,43,,,1.05,0.9885,7,7,7,0,41.8,0.92,1,1,0,0,,38,38,,2000,0,1,0,0,,,0,,35,0,1
05/08/2025,18.48,ANCH,2.7,0,0,0,,0,0,0,0.3,0.2,0.5,4,8,7,3.276,38,0.9827,38,0.9827,,1.05,1,35,35,,0.9849,1,1,32,0,1,0,15,39,43,,,1.05,0.9885,7,7,7,0,41.8,0.92,1,1,0,0,,38,38,,2000,0,1,0,0,,,0,,35,1,1
05/08/2025,21.48,FWE,3,0,15580,0,,27.6,0,1.2,0.3,0.1,1.6,4,8,7,3.276,38,0.9827,38,0.9827,,1.05,1,35,35,,0.9849,1,1,32,0.1,1,0,15,39,43,,,1.05,0.9885,7,7,7,0,41.8,0.92,1,1,0,0,,38,38,,2000,0,1,0,0,,,0,,35,1,1
05/09/2025,12,PORT,14.2,0,0,0,,0,0,0,1.3,0.7,2,4,8,7,3.276,38,0.9827,38,0.9827,,1.05,0.95,35,35,,0.9849,1,1,32,0,1,0,15,39,43,,,1.05,0.9885,7,7,7,0,41.8,0.92,1,1,0,0,,38,38,,2000,0,1,0,0,,,0,,35,1,1
05/09/2025,17.3,PORT,5.5,0,0,0,,0,0,0,0.5,0.3,0.8,4,8,7,3.276,38,0.9827,38,0.9827,,1.05,0.95,35,35,,0.9849,1,1,32,0,1,0,15,39,43,,,1.05,0.9885,7,7,7,0,41.8,0.92,1,1,0,0,,38,38,,2000,0,1,0,0,,,0,,35,1,1
05/09/2025,20,BoSP,2.5,0,17370,0,,30.7,0,1.6,0.2,0,1.8,4,8,7,3.276,38,0.9827,38,0.9827,,1.05,0.95,35,35,,0.9849,1,1,32,0.2,1,0,15,39,43,,,1.05,0.9885,7,7,7,0,41.8,0.92,1,1,0,0,,38,38,,2000,0,1,0,0,,,0,,35,0,1
05/10/2025,10,EoSP,14,123.1,97660,116.3,,172.8,28.8,6.6,1.2,0,7.8,4,8,7,3.276,38,0.9827,38,0.9827,,1.05,0.95,35,35,,0.9849,1,1,32,0,1,0,15,39,43,,,1.05,0.9885,7,7,7,0,41.8,0.92,1,1,0,0,,38,38,,2000,0,1,0,0,,,0,,35,1,1
05/10/2025,12,WAY,2,0,9490,0,,16.8,0,0.6,0.2,0,0.8,4,8,7,3.276,38,0.9827,38,0.9827,,1.05,1.05,35,35,,0.9849,1,1,32,0,1,0,15,39,43,,,1.05,0.9885,7,7,7,0,41.8,0.92,1,1,0,0,,38,38,,2000,0,1,0,0,,,0,,35,1,1
05/10/2025,12.36,FWE,0.599999999999999,0,2040,0,,3.6,0,0.1,0.1,0,0.2,4,8,7,3.276,38,0.9827,38,0.9827,,1.05,1,35,35,,0.9849,1,1,32,0,1,0,15,39,43,,,1.05,0.9885,7,7,7,0,41.8,0.92,1,1,0,0,,38,38,,2000,0,1,0,0,,,0,,35,1,1
05/11/2025,0.54,PORT,12.3,0,0,0,,0,0,0,1.1,0.7,1.8,4,8,7,3.276,38,0.9827,38,0.9827,,1.05,1,35,35,,0.9849,1,1,32,0,1,0,15,39,43,,,1.05,0.9885,7,7,7,0,41.8,0.92,1,1,0,0,,38,38,,2000,0,1,0,0,,,0,,35,1,1
05/11/2025,2,BoSP,1.1,0,4110,0,,7.3,0,0.2,0.1,0,0.3,4,8,7,3.276,38,0.9827,38,0.9827,,1.05,1,35,35,,0.9849,1,1,32,0,1,0,15,39,43,,,1.05,0.9885,7,7,7,0,41.8,0.92,1,1,0,0,,38,38,,2000,0,1,0,0,,,0,,35,0,1
05/11/2025,12,SEA,10,95,69710,116.2,,123.3,23,4.7,0.9,0,5.6,4,8,7,3.276,38,0.9827,38,0.9827,,1.05,1,35,35,,0.9849,1,1,32,0,1,0,15,39,43,,,1.05,0.9885,7,7,7,0,41.8,0.92,1,1,0,0,,38,38,,2000,0,1,0,0,,,0,,35,1,1
05/11/2025,15,EoSP,3,30,21020,116.8,,37.2,19.4,1.4,0.3,0,1.7,4,8,7,3.276,38,0.9827,38,0.9827,,1.05,1,35,35,,0.9849,1,1,32,0,1,0,15,39,43,,,1.05,0.9885,7,7,7,0,41.8,0.92,1,1,0,0,,38,38,,2000,0,1,0,0,,,0,,35,1,1
05/11/2025,16.12,FWE,1.2,0,6190,0,,10.9,0,0.4,0.1,0,0.5,4,8,7,3.276,38,0.9827,38,0.9827,,1.05,1,35,35,,0.9849,1,1,32,0,1,0,15,39,43,,,1.05,0.9885,7,7,7,0,41.8,0.92,1,1,0,0,,38,38,,2000,0,1,0,0,,,0,,35,1,1
05/11/2025,21.06,ANCH,4.9,0,0,0,,0,0,0,0.5,0.2,0.7,4,8,7,3.276,38,0.9827,38,0.9827,,1.05,1,35,35,,0.9849,1,1,32,0,1,0,15,39,43,,,1.05,0.9885,7,7,7,0,41.8,0.92,1,1,0,0,,38,38,,2000,0,1,0,0,,,0,,35,1,1
05/12/2025,1.24,FWE,4.3,0,16890,0,,29.9,0,1.1,0.5,0.1,1.7,4,8,7,3.276,38,0.9827,38,0.9827,,1.05,1,35,35,,0.9849,1,1,32,0.1,1,0,15,39,43,,,1.05,0.9885,7,7,7,0,41.8,0.92,1,1,0,0,,38,38,,2000,0,1,0,0,,,0,,35,1,1
05/12/2025,12,PORT,10.6,0,0,0,,0,0,0,0.9,0.6,1.5,4,8,7,3.276,38,0.9827,38,0.9827,,1.05,0.78,35,35,,0.9849,1,1,32,0,1,0,15,39,43,,,1.05,0.9885,7,7,7,0,41.8,0.92,1,1,0,0,,38,38,,2000,0,1,0,0,,,0,,35,1,1
05/12/2025,17.3,PORT,5.5,0,0,0,,0,0,0,0.6,0.3,0.9,4,8,7,3.276,38,0.9827,38,0.9827,,1.1,1.1,35,35,,0.9849,1,1,32,0,1,0,15,39,43,,,1.1,0.9885,7,7,7,0,41.8,0.92,1,1,0,0,,38,38,,2000,0,1,0,0,,,0,,35,1,1
05/12/2025,20,BoSP,2.5,0,16930,0,,29.9,0,1.6,0.3,0,1.9,4,8,7,3.276,38,0.9827,38,0.9827,,1.15,1.1,35,35,,0.9849,1,1,32,0,1,0,15,39,43,,,1.1,0.9885,7,7,7,0,41.8,0.92,1,1,0,0,,38,38,,2000,0,1,0,0,,,0,,35,0,1
05/13/2025,12,EoSP,16,140.2,111580,116.2,,197.4,29,7.8,1.5,0,9.3,4,8,7,3.276,38,0.9827,38,0.9827,,1.11,1.02,35,35,,0.9849,1,1,32,0,1,0,15,39,43,,,1.1,0.9885,7,7,7,0,41.8,0.92,1,1,0,0,,38,38,,2000,0,1,0,0,,,0,,35,1,1
05/13/2025,14.06,FWE,2.1,0,9770,0,,17.3,0,0.6,0.2,0,0.8,4,8,7,3.276,38,0.9827,38,0.9827,,1.15,1.03,35,35,,0.9849,1,1,32,0,1,0,15,39,43,,,1.1,0.9885,7,7,7,0,41.8,0.92,1,1,0,0,,38,38,,2000,0,1,0,0,,,0,,35,1,1
05/14/2025,12,ANCH,21.9,0,0,0,,0,0,0,2.2,1.3,3.5,4,8,7,3.276,38,0.9827,38,0.9827,,1.15,1.05,35,35,,0.9849,1,1,32,0,1,0,15,39,43,,,1.1,0.9885,7,7,7,0,41.8,0.92,1,1,0,0,,38,38,,2000,0,1,0,0,,,0,,35,1,1
05/14/2025,18.12,ANCH,6.2,0,0,0,,0,0,0,0.7,0.4,1.1,4,8,7,3.276,38,0.9827,38,0.9827,,1.15,1.05,35,35,,0.9849,1,1,32,0,1,0,15,39,43,,,1.1,0.9885,7,7,7,0,41.8,0.92,1,1,0,0,,38,38,,2000,0,1,0,0,,,0,,35,1,1
05/14/2025,18.3,BoSP,0.299999999999999,0,1420,0,,2.5,0,0.1,0,0,0.1,4,8,7,3.276,38,0.9827,38,0.9827,,1.15,1.05,35,35,,0.9849,1,1,32,0,1,0,15,39,43,,,1.1,0.9885,7,7,7,0,41.8,0.92,1,1,0,0,,38,38,,2000,0,1,0,0,,,0,,35,0,1
05/14/2025,22,EoSP,3.5,38.5,27590,131.4,,48.8,21.1,2.1,0.3,0,2.4,4,8,7,3.276,38,0.9827,38,0.9827,,1.15,1.05,35,35,,0.9849,1,1,32,0,1,0,15,39,43,,,1.1,0.9885,7,7,7,0,41.8,0.92,1,1,0,0,,38,38,,2000,0,1,0,0,,,0,,35,1,1
05/14/2025,23.48,FWE,1.8,0,6610,0,,11.7,0,0.4,0.2,0.1,0.7,4,8,7,3.276,38,0.9827,38,0.9827,,1.15,1.05,35,35,,0.9849,1,1,32,0.2,1,0,15,39,43,,,1.1,0.9885,7,7,7,0,41.8,0.92,1,1,0,0,,38,38,,2000,0,1,0,0,,,0,,35,1,1
05/15/2025,12,PORT,12.2,0,0,0,,0,0,0,1.2,0.6,1.8,4,8,7,3.276,38,0.9827,38,0.9827,,1.15,1.05,35,35,,0.9849,1,1,32,0,1,0,15,39,43,,,1.1,0.9885,7,7,7,0,41.8,0.92,1,1,0,0,,38,38,,2000,0,1,0,0,,,0,,35,1,1
05/15/2025,13.42,PORT,1.7,0,0,0,,0,0,0,0.2,0.1,0.3,4,8,7,3.276,38,0.9827,38,0.9827,,1.15,1.05,35,35,,0.9849,1,1,32,0,1,0,15,39,43,,,1.1,0.9885,7,7,7,0,41.8,0.92,1,1,0,0,,38,38,,2000,0,1,0,0,,,0,,35,1,1
05/15/2025,15,BoSP,1.3,0,6040,0,,10.7,0,0.3,0.2,0,0.5,4,8,7,3.276,38,0.9827,38,0.9827,,1.15,1.05,35,35,,0.9849,1,1,32,0,1,0,15,39,43,,,1.1,0.9885,7,7,7,0,41.8,0.92,1,1,0,0,,38,38,,2000,0,1,0,0,,,0,,35,0,1
05/16/2025,2,EoSP,11,124.2,81740,123.8,,144.6,14.1,5.3,1.1,0,6.4,4,8,7,3.276,38,0.9827,38,0.9827,,1.15,1.05,35,35,,0.9849,1,1,32,0,1,0,15,39,43,,,1.1,0.9885,7,7,7,0,41.8,0.92,1,1,0,0,,38,38,,2000,0,1,0,0,,,0,,35,1,1
05/16/2025,3,FWE,1,0,4400,0,,7.8,0,0.3,0.1,0,0.4,4,8,7,3.276,38,0.9827,38,0.9827,,1.2,1.05,35,35,,0.9849,1,1,32,0,1,0,15,39,43,,,1.1,0.9885,7,7,7,0,41.8,0.92,1,1,0,0,,38,38,,2000,0,1,0,0,,,0,,35,1,1
05/16/2025,12,ANCH,9,0,0,0,,0,0,0,0.8,0.4,1.2,4,8,7,3.276,38,0.9827,38,0.9827,,1.2,0.95,35,35,,0.9849,1,1,32,0,1,0,15,39,43,,,1.1,0.9885,7,7,7,0,41.8,0.92,1,1,0,0,,38,38,,2000,0,1,0,0,,,0,,35,1,1
05/16/2025,12.24,FWE,0.4,0,400,0,,0.7,0,0,0.1,0,0.1,4,8,7,3.276,38,0.9827,38,0.9827,,1.2,1,35,35,,0.9849,1,1,32,0,1,0,15,39,43,,,1.1,0.9885,7,7,7,0,41.8,0.92,1,1,0,0,,38,38,,2000,0,1,0,0,,,0,,35,1,1
05/17/2025,9.36,ANCH,21.2,0,0,0,,0,0,0,2.1,1.3,3.4,4,8,7,3.276,38,0.9827,38,0.9827,,1.2,1,35,35,,0.9849,1,1,32,0,1,0,15,39,43,,,1.1,0.9885,7,7,7,0,41.8,0.92,1,1,0,0,,38,38,,2000,0,1,0,0,,,0,,35,1,1
05/17/2025,12,WAY,2.4,0,10250,0,,18.1,0,0.7,0.2,0,0.9,4,8,7,3.276,38,0.9827,38,0.9827,,1.1,0.9,35,35,,0.9849,1,1,32,0.1,1,0,15,39,43,,,0.2,0.9885,7,7,7,0,41.8,0.92,1,1,0,0,,38,38,,2000,0,1,0,0,,,0,,35,1,1
05/17/2025,13.42,FWE,1.7,0,5550,0,,9.8,0,0.3,0.2,0.1,0.6,4,8,7,3.276,38,0.9827,38,0.9827,,1.1,1,35,35,,0.9849,1,1,32,0.1,1,0,15,39,43,,,1,0.9885,7,7,7,0,41.8,0.92,1,1,0,0,,38,38,,2000,0,1,0,0,,,0,,35,1,1
05/18/2025,12,PORT,22.3,0,0,0,,0,0,0,2.1,1.2,3.3,4,8,7,3.276,38,0.9827,38,0.9827,,1.1,1,35,35,,0.9849,1,1,32,0,1,0,15,39,43,,,1,0.9885,7,7,7,0,41.8,0.92,1,1,0,0,,38,38,,2000,0,1,0,0,,,0,,35,1,1
05/19/2025,12,PORT,24,0,0,0,,0,0,0,2.3,1.3,3.6,4,8,7,3.276,38,0.9827,38,0.9827,,1.1,1,35,35,,0.9849,1,1,32,0,1,0,15,39,43,,,1,0.9885,7,7,7,0,41.8,0.92,1,1,0,0,,38,38,,2000,0,1,0,0,,,0,,35,1,1
05/20/2025,6.3,PORT,18.5,0,0,0,,0,0,0,1.9,1,2.9,4,8,7,3.276,38,0.9827,38,0.9827,,1.1,1,35,35,,0.9849,1,1,32,0,1,0,15,39,43,,,1,0.9885,7,7,7,0,41.8,0.92,1,1,0,0,,38,38,,2000,0,1,0,0,,,0,,35,1,1
05/20/2025,9,BoSP,2.5,0,16530,0,,29.2,0,1.6,0.3,0,1.9,4,8,7,3.276,38,0.9827,38,0.9827,,1.1,1,35,35,,0.9849,1,1,32,0.1,1,0,15,39,43,,,1,0.9885,7,7,7,0,41.8,0.92,1,1,0,0,,38,38,,2000,0,1,0,0,,,0,,35,0,1
05/20/2025,12,SEA,3,35.7,24410,135.6,,43.2,17.4,1.5,0.2,0,1.7,4,8,7,3.276,38,0.9827,38,0.9827,,1,0.7,35,35,,0.9849,1,1,32,0,1,0,15,39,43,,,1,0.9885,7,7,7,0,41.8,0.92,1,1,0,0,,38,38,,2000,0,1,0,0,,,0,,35,1,1
05/20/2025,19.3,EoSP,7.5,80.3,55230,122.7,,97.7,17.8,3.4,0.8,0,4.2,4,8,7,3.276,38,0.9827,38,0.9827,,1.13,1.02,35,35,,0.9849,1,1,32,0,1,0,15,39,43,,,1,0.9885,7,7,7,0,41.8,0.92,1,1,0,0,,38,38,,2000,0,1,0,0,,,0,,35,1,1
05/20/2025,21.48,FWE,2.3,0,11950,0,,21.1,0,0.6,0.3,0,0.9,4,8,7,3.276,38,0.9827,38,0.9827,,1.13,1.02,35,35,,0.9849,1,1,32,0,1,0,15,39,43,,,1,0.9885,7,7,7,0,41.8,0.92,1,1,0,0,,38,38,,2000,0,1,0,0,,,0,,35,1,1
05/21/2025,2.48,PORT,5,0,0,0,,0,0,0,0.5,0.3,0.8,4,8,7,3.276,38,0.9827,38,0.9827,,1.13,1.02,35,35,,0.9849,1,1,32,0,1,0,15,39,43,,,1,0.9885,7,7,7,0,41.8,0.92,1,1,0,0,,38,38,,2000,0,1,0,0,,,0,,35,1,1
05/21/2025,4.54,PORT,2.1,0,930,0,,1.6,0,0,0.1,0.1,0.2,4,8,7,3.276,38,0.9827,38,0.9827,,1.13,1.02,35,35,,0.9849,1,1,32,0,1,0,10,39,43,,,1,0.9885,7,7,7,0,41.8,0.92,1,1,0,0,,38,38,,2000,0,1,0,0,,,0,,35,1,1
05/21/2025,12,PORT,7.1,0,0,0,,0,0,0,0.7,0.4,1.1,4,8,7,3.276,38,0.9827,38,0.9827,,1.13,0.85,35,35,,0.9849,1,1,32,0,1,0,10,39,43,,,1,0.9885,7,7,7,0,41.8,0.92,1,1,0,0,,38,38,,2000,0,1,0,0,,,0,,35,1,1
05/21/2025,19.12,PORT,7.2,0,0,0,,0,0,0,0.7,0.4,1.1,4,8,7,3.276,38,0.9827,38,0.9827,,1.13,0.95,35,35,,0.9849,1,1,32,0,1,0,10,39,43,,,1,0.9885,7,7,7,0,41.8,0.92,1,1,0,0,,38,38,,2000,0,1,0,0,,,0,,35,1,1
05/21/2025,20.3,BoSP,1.3,0,7070,0,,12.5,0,0.5,0.1,0,0.6,4,8,7,3.276,38,0.9827,38,0.9827,,1.17,0.95,35,35,,0.9849,1,1,32,0.1,1,0,10,39,43,,,1,0.9885,7,7,7,0,41.8,0.92,1,1,0,0,,38,38,,2000,0,1,0,0,,,0,,35,0,1
05/22/2025,9,EoSP,12.5,125.3,90260,120.3,,159.7,21.5,5.8,1.2,0,7,4,8,7,3.276,38,0.9827,38,0.9827,,1.12,0.95,35,35,,0.9849,1,1,32,0,1,0,10,39,43,,,1,0.9885,7,7,7,0,41.8,0.92,1,1,0,0,,38,38,,2000,0,1,0,0,,,0,,35,1,1
05/22/2025,12,WAY,3,0,14390,0,,25.5,0,1,0.3,0.1,1.4,4,8,7,3.276,38,0.9827,38,0.9827,,1.17,0.95,35,35,,0.9849,1,1,32,0.1,1,0,10,39,43,,,1,0.9885,7,7,7,0,41.8,0.92,1,1,0,0,,38,38,,2000,0,1,0,0,,,0,,35,1,1
05/22/2025,13.06,FWE,1.1,0,2360,0,,4.2,0,0.1,0.1,0.1,0.3,4,8,7,3.276,38,0.9827,38,0.9827,,1.17,0.95,35,35,,0.9849,1,1,32,0,1,0,10,39,43,,,1,0.9885,7,7,7,0,41.8,0.92,1,1,0,0,,38,38,,2000,0,1,0,0,,,0,,35,1,1
05/23/2025,9.36,PORT,20.5,0,0,0,,0,0,0,2,1.1,3.1,4,8,7,3.276,38,0.9827,38,0.9827,,1.17,0.95,35,35,,0.9849,1,1,32,0,1,0,10,39,43,,,1,0.9885,7,7,7,0,41.8,0.92,1,1,0,0,,38,38,,2000,0,1,0,0,,,0,,35,1,1
05/23/2025,12,WAY,2.4,0,14500,0,,25.6,0,1.1,0.3,0,1.4,4,8,7,3.276,38,0.9827,38,0.9827,,1.17,0.95,35,35,,0.9849,1,1,32,0.2,1,0,10,39,43,,,1,0.9885,7,7,7,0,41.8,0.92,1,1,0,0,,38,38,,2000,0,1,0,0,,,0,,35,0,1
05/23/2025,12.3,BoSP,0.500000000000001,0,3640,0,,6.4,0,0.2,0.1,0,0.3,4,8,7,3.276,38,0.9827,38,0.9827,,1.25,0.95,35,35,,0.9849,1,1,38,0,1,0,10,39,43,,,1,0.9844,7,7,7,0,41.8,0.92,1,1,0,0,,38,38,,2000,0,1,0,0,,,0,,35,0,1
05/24/2025,1,EoSP,12.5,121,90530,120.7,,160.1,24.4,5.8,1.2,0,7,4,8,7,3.276,38,0.9827,38,0.9827,,1.15,0.95,35,35,,0.9849,1,1,38,0,1,0,15,39,43,,,1,0.9844,7,7,7,0,41.8,0.92,1,1,0,0,,38,38,,2000,0,1,0,0,,,0,,35,0,1
05/24/2025,2.18,FWE,1.3,0,6050,0,,10.7,0,0.4,0.1,0,0.5,4,8,7,3.276,38,0.9827,38,0.9827,,1.25,0.95,35,35,,0.9849,1,1,38,0,1,0,15,39,43,,,1,0.9844,7,7,7,0,41.8,0.92,1,1,0,0,,38,38,,2000,0,1,0,0,,,0,,35,1,1
05/24/2025,12,ANCH,9.7,0,0,0,,0,0,0,0.9,0.7,1.6,4,8,7,3.276,38,0.9827,38,0.9827,,1.25,0.95,35,35,,0.9849,1,1,38,0,1,0,15,39,43,,,1.4,0.9844,7,7,7,0,41.8,0.92,1,1,0,0,,38,38,,2000,0,1,0,0,,,0,,35,1,1
05/25/2025,1.12,ANCH,13.2,0,0,0,,0,0,0,1.3,1,2.3,4,8,7,3.276,38,0.9827,38,0.9827,,1.25,0.95,35,35,,0.9849,1,1,38,0,1,0,15,39,43,,,1.4,0.9844,7,7,7,0,41.8,0.92,1,1,0,0,,38,38,,2000,0,1,0,0,,,0,,35,1,1
05/25/2025,4.3,FWE,3.3,0,9830,0,,17.4,0,0.7,0.4,0.1,1.2,4,8,7,3.276,38,0.9827,38,0.9827,,1.3,0.95,35,35,,0.9849,1,1,38,0.1,1,0,15,39,43,,,0.6,0.9844,7,7,7,0,41.8,0.92,1,1,0,0,,38,38,,2000,0,1,0,0,,,0,,35,1,1
05/25/2025,12,PORT,7.5,0,0,0,,0,0,0,0.6,0.2,0.8,4,8,7,3.276,38,0.9827,38,0.9827,,1.3,0.95,35,35,,0.9849,1,1,38,0,1,0,15,39,43,,,0.8,0.9844,7,7,7,0,41.8,0.92,1,1,0,0,,38,38,,2000,0,1,0,0,,,0,,35,1,1
05/25/2025,17.36,PORT,5.6,0,0,0,,0,0,0,0.6,0.3,0.9,4,8,7,3.276,38,0.9827,38,0.9827,,1.3,0.95,35,35,,0.9849,1,1,38,0,1,0,15,39,43,,,1.1,0.9844,7,7,7,0,41.8,0.92,1,1,0,0,,38,38,,2000,0,1,0,0,,,0,,35,1,1
05/25/2025,18.3,BoSP,0.900000000000002,0,4370,0,,7.7,0,0.3,0.1,0,0.4,4,8,7,3.276,38,0.9827,38,0.9827,,1.3,0.95,35,35,,0.9849,1,1,38,0.1,1,0,15,39,43,,,1.1,0.9844,7,7,7,0,41.8,0.92,1,1,0,0,,38,38,,2000,0,1,0,0,,,0,,35,0,1
05/26/2025,5.3,EoSP,11,120,80700,122.3,,142.8,16,5.4,1,0,6.4,4,8,7,3.276,38,0.9827,38,0.9827,,1.2,0.95,35,35,,0.9849,1,1,38,0,1,0,15,39,43,,,1.1,0.9844,7,7,7,0,41.8,0.92,1,1,0,0,,38,38,,2000,0,1,0,0,,,0,,35,1,1
05/26/2025,12,WAY,6.5,0,2900,0,,5.1,0,0.2,0.6,0.3,1.1,4,8,7,3.276,38,0.9827,38,0.9827,,1.2,0.95,35,35,,0.9849,1,1,38,0,1,0,15,39,43,,,1.1,0.9844,7,7,7,0,41.8,0.92,1,1,0,0,,38,38,,2000,0,1,0,0,,,0,,35,1,1
05/26/2025,16.12,FWE,4.2,0,16180,0,,28.6,0,1.2,0.4,0.2,1.8,4,8,7,3.276,38,0.9827,38,0.9827,,1.2,0.95,35,35,,0.9849,1,1,38,0,1,0,15,39,43,,,1.1,0.9844,7,7,7,0,41.8,0.92,1,1,0,0,,38,38,,2000,0,1,0,0,,,0,,35,1,1
05/27/2025,9.54,PORT,17.7,0,0,0,,0,0,0,1.6,1,2.6,4,8,7,3.276,38,0.9827,38,0.9827,,1.2,0.95,35,35,,0.9849,1,1,38,0.2,1,0,15,39,43,,,1.1,0.9844,7,7,7,0,41.8,0.92,1,1,0,0,,38,38,,2000,0,1,0,0,,,0,,35,1,1
05/27/2025,12,WAY,2.1,0,12260,0,,21.7,0,1,0.2,0,1.2,4,8,7,3.276,38,0.9827,38,0.9827,,1.2,0.95,35,35,,0.9849,1,1,38,0.2,1,0,15,39,43,,,1.1,0.9844,7,7,7,0,41.8,0.92,1,1,0,0,,38,38,,2000,0,1,0,0,,,0,,35,0,1
05/27/2025,12.3,BoSP,0.500000000000001,0,4310,0,,7.6,0,0.3,0.1,0,0.4,4,8,7,3.276,38,0.9827,38,0.9827,,1.23,1.2,35,35,,0.9849,1,1,38,0,1,0,15,39,43,,,1.1,0.9844,7,7,7,0,41.8,0.92,1,1,0,0,,38,38,,2000,0,1,0,0,,,0,,35,0,1
05/28/2025,1,EoSP,12.5,121.8,92140,122.9,,163,25.3,5.8,1.2,0,7,4,8,7,3.276,38,0.9827,38,0.9827,,1.12,1,35,35,,0.9849,1,1,38,0,1,0,15,39,43,,,1,0.9844,7,7,7,0,41.8,0.92,1,1,0,0,,38,38,,2000,0,1,0,0,,,0,,35,1,1
05/28/2025,4.3,FWE,3.5,0,9010,0,,15.9,0,0.4,0.4,0.1,0.9,4,8,7,3.276,38,0.9827,38,0.9827,,1.19,1,35,35,,0.9849,1,1,38,0.1,1,0,15,39,43,,,1,0.9844,7,7,7,0,41.8,0.92,1,1,0,0,,38,38,,2000,0,1,0,0,,,0,,35,1,1
05/28/2025,12,PORT,7.5,0,0,0,,0,0,0,0.6,0.5,1.1,4,8,7,3.276,38,0.9827,38,0.9827,,1.19,0.9,35,35,,0.9849,1,1,38,0,1,0,15,39,43,,,1.2,0.9844,7,7,7,0,41.8,0.92,1,1,0,0,,38,38,,2000,0,1,0,0,,,0,,35,1,1
05/29/2025,0.42,PORT,12.7,0,0,0,,0,0,0,1.2,0.7,1.9,4,8,7,3.276,38,0.9827,38,0.9827,,1.19,0.98,35,35,,0.9849,1,1,38,0,1,0,15,39,43,,,1,0.9844,7,7,7,0,41.8,0.92,1,1,0,0,,38,38,,2000,0,1,0,0,,,0,,35,0,1
05/29/2025,3,FWE,2.3,0,11850,0,,21,0,0.9,0.2,0.1,1.2,4,8,7,3.276,38,0.9827,38,0.9827,,1.12,0.98,35,35,,0.9849,1,1,38,0.1,1,0,15,39,43,,,1.2,0.9844,7,7,7,0,41.8,0.92,1,1,0,0,,38,38,,2000,0,1,0,0,,,0,,35,1,1
05/29/2025,11.3,ANCH,8.5,0,0,0,,0,0,0,0.8,0.4,1.2,4,8,7,3.276,38,0.9827,38,0.9827,,1.12,0.98,35,35,,0.9849,1,1,38,0,1,0,15,39,43,,,0.85,0.9844,7,7,7,0,41.8,0.92,1,1,0,0,,38,38,,2000,0,1,0,0,,,0,,35,0,1
05/29/2025,12,WAY,0.499999999999999,0,2130,0,,3.8,0,0.1,0.1,0,0.2,4,8,7,3.276,38,0.9827,38,0.9827,,1.12,0.98,35,35,,0.9849,1,1,38,0,1,0,15,39,43,,,0.85,0.9844,7,7,7,0,41.8,0.92,1,1,0,0,,38,38,,2000,0,1,0,0,,,0,,35,0,1
05/29/2025,12.3,BoSP,0.500000000000001,0,4350,0,,7.7,0,0.3,0.1,0,0.4,4,8,7,3.276,38,0.9827,38,0.9827,,1.12,0.98,35,35,,0.9849,1,1,38,0,1,0,15,39,43,,,0.85,0.9844,7,7,7,0,41.8,0.92,1,1,0,0,,38,38,,2000,0,1,0,0,,,0,,35,0,1
05/29/2025,22.3,EoSP,10,112.9,74780,124.6,,132.3,14.7,4.8,0.9,0,5.7,4,8,7,3.276,38,0.9827,38,0.9827,,1.12,0.98,35,35,,0.9849,1,1,38,0,1,0,15,39,43,,,0.85,0.9844,7,7,7,0,41.8,0.92,1,1,0,0,,38,38,,2000,0,1,0,0,,,0,,35,1,1
05/30/2025,1.3,FWE,3,0,15910,0,,28.1,0,1.1,0.3,0.1,1.5,4,8,7,3.276,38,0.9827,38,0.9827,,1.18,0.98,35,35,,0.9849,1,1,38,0.2,1,0,15,39,43,,,1,0.9844,7,7,7,0,41.8,0.92,1,1,0,0,,38,38,,2000,0,1,0,0,,,0,,35,1,1
05/30/2025,12,PORT,10.5,0,0,0,,0,0,0,1,0.6,1.6,4,8,7,3.276,38,0.9827,38,0.9827,,1.18,0.98,35,35,,0.9849,1,1,38,0,1,0,15,39,43,,,1.1,0.9844,7,7,7,0,41.8,0.92,1,1,0,0,,38,38,,2000,0,1,0,0,,,0,,35,1,1
05/30/2025,17.3,PORT,5.5,0,0,0,,0,0,0,0.6,0.4,1,4,8,7,3.276,38,0.9827,38,0.9827,,1.18,0.98,35,35,,0.9849,1,1,38,0,1,0,15,39,43,,,1.4,0.9844,7,7,7,0,41.8,0.92,1,1,0,0,,38,38,,2000,0,1,0,0,,,0,,35,0,1
05/30/2025,20,BoSP,2.5,0,16580,0,,29.3,0,1.5,0.3,0.1,1.9,4,8,7,3.276,38,0.9827,38,0.9827,,1.25,0.98,35,35,,0.9849,1,1,38,0.2,1,0,15,39,43,,,1.4,0.9844,7,7,7,0,41.8,0.92,1,1,0,0,,38,38,,2000,0,1,0,0,,,0,,35,0,1
05/31/2025,8.3,EoSP,12.5,122.3,91860,122.5,,162.5,24.7,6.2,1.2,0,7.4,4,8,7,3.276,38,0.9827,38,0.9827,,1.17,0.98,35,35,,0.9849,1,1,38,0,1,0,15,39,43,,,1.4,0.9844,7,7,7,0,41.8,0.92,1,1,0,0,,38,38,,2000,0,1,0,0,,,0,,35,1,1
05/31/2025,11.3,FWE,3,0,12280,0,,21.7,0,0.8,0.3,0.1,1.2,4,8,7,3.276,38,0.9827,38,0.9827,,1.25,0.98,35,35,,0.9849,1,1,38,0.1,1,0,15,39,43,,,1.4,0.9844,7,7,7,0,41.8,0.92,1,1,0,0,,38,38,,2000,0,1,0,0,,,0,,35,1,1
05/31/2025,12,PORT,0.499999999999999,0,0,0,,0,0,0,0,0.1,0.1,4,8,7,3.276,38,0.9827,38,0.9827,,1.25,0.5,35,35,,0.9849,1,1,38,0,1,0,15,39,43,,,1.9,0.9844,7,7,7,0,41.8,0.92,1,1,0,0,,38,38,,2000,0,1,0,0,,,0,,35,1,1
06/01/2025,11.48,PORT,23.8,0,0,0,,0,0,0,2.3,1.2,3.5,4,8,7,3.276,38,0.9827,38,0.9827,,1.25,0.98,35,35,,0.9849,1,1,38,0,1,0,15,39,43,,,1,0.9844,7,7,7,0,41.8,0.92,1,1,0,0,,38,38,,2000,0,1,0,0,,,0,,35,1,1
06/01/2025,12,WAY,0.199999999999999,0,0,0,,0,0,0,0,0,0,4,8,7,3.276,38,0.9827,38,0.9827,,1.25,0.98,35,35,,0.9849,1,1,38,0,1,0,15,39,43,,,1,0.9844,7,7,7,0,41.8,0.92,1,1,0,0,,38,38,,2000,0,1,0,0,,,0,,35,0,1
06/01/2025,13.18,FWE,1.3,0,2350,0,,4.2,0,0.1,0.2,0.1,0.4,4,8,7,3.276,38,0.9827,38,0.9827,,1.4,0.97,35,35,,0.9849,1,1,38,0.1,1,0,15,39,43,,,1,0.9844,7,7,7,0,41.8,0.92,1,1,0,0,,38,38,,2000,0,1,0,0,,,0,,35,1,1
06/01/2025,22.18,PORT,9,0,0,0,,0,0,0,0.9,0.5,1.4,4,8,7,3.276,38,0.9827,38,0.9827,,1.4,0.97,35,35,,0.9849,1,1,38,0,1,0,15,39,43,,,1,0.9844,7,7,7,0,41.8,0.92,1,1,0,0,,38,38,,2000,0,1,0,0,,,0,,35,0,1
06/01/2025,23.3,BoSP,1.2,0,2440,0,,4.3,0,0.2,0.1,0.1,0.4,4,8,7,3.276,38,0.9827,38,0.9827,,1.19,0.97,35,35,,0.9849,1,1,38,0,1,0,15,39,43,,,1,0.9844,7,7,7,0,41.8,0.92,1,1,0,0,,38,38,,2000,0,1,0,0,,,0,,35,0,1
06/02/2025,11.3,EoSP,12,127.3,88100,122.4,,155.8,18.3,5.7,1.1,0,6.8,4,8,7,3.276,38,0.9827,38,0.9827,,1.12,0.97,35,35,,0.9849,1,1,38,0,1,0,15,39,43,,,1,0.9844,7,7,7,0,41.8,0.92,1,1,0,0,,38,38,,2000,0,1,0,0,,,0,,35,1,1
06/02/2025,12,WAY,0.499999999999999,0,4190,0,,7.4,0,0.4,0,0,0.4,4,8,7,3.276,38,0.9827,38,0.9827,,1.15,1,35,35,,0.9849,1,1,38,0,1,0,15,39,43,,,1,0.9844,7,7,7,0,41.8,0.92,1,1,0,0,,38,38,,2000,0,1,0,0,,,0,,35,1,1
06/02/2025,14.3,FWE,2.5,0,13950,0,,24.7,0,1,0.3,0,1.3,4,8,7,3.276,38,0.9827,38,0.9827,,1.19,1,35,35,,0.9849,1,1,38,0,1,0,15,39,43,,,1,0.9844,7,7,7,0,41.8,0.92,1,1,0,0,,38,38,,2000,0,1,0,0,,,0,,35,1,1
06/03/2025,12,PORT,21.5,0,0,0,,0,0,0,2,1.2,3.2,4,8,7,3.276,38,0.9827,38,0.9827,,1.19,1,35,35,,0.9849,1,1,38,0,1,0,15,39,43,,,1,0.9844,7,7,7,0,41.8,0.92,1,1,0,0,,38,38,,2000,0,1,0,0,,,0,,35,1,1
06/04/2025,4.3,PORT,16.5,0,0,0,,0,0,0,1.6,1,2.6,4,8,7,3.276,38,0.9827,38,0.9827,,1.19,1,35,35,,0.9849,1,1,38,0,1,0,15,39,43,,,1.05,0.9844,7,7,7,0,41.8,0.92,1,1,0,0,,38,38,,2000,0,1,0,0,,,0,,35,1,1
06/04/2025,7,BoSP,2.5,0,17630,0,,31.2,0,1.7,0.2,0,1.9,4,8,7,3.276,38,0.9827,38,0.9827,,1.25,1,35,35,,0.9849,1,1,38,0,1,0,15,39,43,,,1.05,0.9844,7,7,7,0,41.8,0.92,1,1,0,0,,38,38,,2000,0,1,0,0,,,0,,35,0,1
06/04/2025,12,SEA,5,45,36630,122.1,,64.8,30.6,2.5,0.5,0,3,4,8,7,3.276,38,0.9827,38,0.9827,,1.08,1,35,35,,0.9849,1,1,38,0,1,0,15,39,43,,,1.05,0.9844,7,7,7,0,41.8,0.92,1,1,0,0,,38,38,,2000,0,1,0,0,,,0,,35,0,1
06/04/2025,19,EoSP,7,75.7,53740,128,,95.1,20.4,3.6,0.7,0,4.3,4,8,7,3.276,38,0.9827,38,0.9827,,1.08,1,35,35,,0.9849,1,1,38,0,1,0,15,39,43,,,1.05,0.9844,7,7,7,0,41.8,0.92,1,1,0,0,,38,38,,2000,0,1,0,0,,,0,,35,1,1
06/04/2025,21.48,FWE,2.8,0,10660,0,,18.9,0,0.7,0.2,0.1,1,4,8,7,3.276,38,0.9827,38,0.9827,,1.25,1,35,35,,0.9849,1,1,38,0,1,0,15,39,43,,,1.05,0.9844,7,7,7,0,41.8,0.92,1,1,0,0,,38,38,,2000,0,1,0,0,,,0,,35,0,1
06/05/2025,11,PORT,13.2,0,0,0,,0,0,0,1.3,0.7,2,4,8,7,3.276,38,0.9827,38,0.9827,,1.25,1,35,35,,0.9849,1,1,38,0,1,0,15,39,43,,,1.05,0.9844,7,7,7,0,41.8,0.92,1,1,0,0,,38,38,,2000,0,1,0,0,,,0,,35,0,1
06/05/2025,12,WAY,1,0,4280,0,,7.6,0,0.3,0.1,0.1,0.5,4,8,7,3.276,38,0.9827,38,0.9827,,1.5,1.02,35,35,,0.9849,1,1,38,0,1,0,15,39,43,,,1.05,0.9844,7,7,7,0,41.8,0.92,1,1,0,0,,38,38,,2000,0,1,0,0,,,0,,35,0,1
06/05/2025,12.12,BoSP,0.199999999999999,0,1720,0,,3,0,0.2,0,0,0.2,4,8,7,3.276,38,0.9827,38,0.9827,,1.25,1.02,35,35,,0.9849,1,1,38,0,1,0,15,39,43,,,1.05,0.9844,7,7,7,0,41.8,0.92,1,1,0,0,,38,38,,2000,0,1,0,0,,,0,,35,0,1
06/06/2025,0.12,EoSP,12,126.5,90320,125.4,,159.8,20.8,5.8,1.1,0,6.9,4,8,7,3.276,38,0.9827,38,0.9827,,1.05,1,35,35,,0.9849,1,1,38,0,1,0,15,39,43,,,1.05,0.9844,7,7,7,0,41.8,0.92,1,1,0,0,,38,38,,2000,0,1,0,0,,,0,,35,1,1
06/06/2025,3,FWE,2.8,0,16240,0,,28.7,0,1.5,0.1,0,1.6,4,8,7,3.276,38,0.9827,38,0.9827,,1.3,1,35,35,,0.9849,1,1,38,0,1,0,15,39,43,,,1.1,0.9844,7,7,7,0,41.8,0.92,1,1,0,0,,38,38,,2000,0,1,0,0,,,0,,35,1,1
06/06/2025,12,PORT,9,0,0,0,,0,0,0,1,0.6,1.6,4,8,7,3.276,38,0.9827,38,0.9827,,1.3,1.1,35,35,,0.9849,1,1,38,0,1,0,15,39,43,,,1.1,0.9844,7,7,7,0,41.8,0.92,1,1,0,0,,38,38,,2000,0,1,0,0,,,0,,35,1,1
06/06/2025,23.42,PORT,11.7,0,0,0,,0,0,0,1.1,0.7,1.8,4,8,7,3.276,38,0.9827,38,0.9827,,1.3,1.03,35,35,,0.9849,1,1,38,0,1,0,15,39,43,,,1.1,0.9844,7,7,7,0,41.8,0.92,1,1,0,0,,38,38,,2000,0,1,0,0,,,0,,35,0,1
06/07/2025,2,BoSP,2.3,0,15450,0,,27.3,0,1.7,0.2,0.1,2,4,8,7,3.276,38,0.9827,38,0.9827,,1.55,1.2,35,35,,0.9849,1,1,38,0,1,0,15,39,43,,,1.2,0.9844,7,7,7,0,41.8,0.92,1,1,0,0,,38,38,,2000,0,1,0,0,,,0,,35,0,1
06/07/2025,12,SEA,10,102,73600,122.7,,130.2,21.7,4.7,0.9,0,5.6,4,8,7,3.276,38,0.9827,38,0.9827,,1.1,1.1,35,35,,0.9849,1,1,38,0,1,0,15,39,43,,,1.2,0.9844,7,7,7,0,41.8,0.92,1,1,0,0,,38,38,,2000,0,1,0,0,,,0,,35,0,1
06/07/2025,13,EoSP,1,9.5,7270,121.2,,12.9,26.4,0.6,0.2,0,0.8,4,8,7,3.276,38,0.9827,38,0.9827,,1.4,1.9,35,35,,0.9849,1,1,38,0,1,0,15,39,43,,,1.2,0.9844,7,7,7,0,41.8,0.92,1,1,0,0,,38,38,,2000,0,1,0,0,,,0,,35,1,1
06/07/2025,21.36,FWE,8.6,0,18740,0,,33.1,0,1.4,0.9,0.5,2.8,4,8,7,3.276,38,0.9827,38,0.9827,,1.6,1.05,35,35,,0.9849,1,1,38,0.1,1,0,15,39,43,,,1.2,0.9844,7,7,7,0,41.8,0.92,1,1,0,0,,38,38,,2000,0,1,0,0,,,0,,35,1,1
06/08/2025,10.48,PORT,13.2,0,0,0,,0,0,0,1.2,0.7,1.9,4,8,7,3.276,38,0.9827,38,0.9827,,1.35,0.95,35,35,,0.9849,1,1,38,0,1,0,15,39,43,,,0.95,0.9844,7,7,7,0,41.8,0.92,1,1,0,0,,38,38,,2000,0,1,0,0,,,0,,35,0,1
06/08/2025,12,WAY,1.2,0,4280,0,,7.6,0,0.3,0.1,0,0.4,4,8,7,3.276,38,0.9827,38,0.9827,,1.45,0.95,35,35,,0.9849,1,1,38,0,1,0,15,39,43,,,0.95,0.9844,7,7,7,0,41.8,0.92,1,1,0,0,,38,38,,2000,0,1,0,0,,,0,,35,0,1
06/08/2025,12.12,BoSP,0.199999999999999,0,2210,0,,3.9,0,0.2,0,0,0.2,4,8,7,3.276,38,0.9827,38,0.9827,,1.45,1,35,35,,0.9849,1,1,38,0,1,0,15,39,43,,,1,0.9844,7,7,7,0,41.8,0.92,1,1,0,0,,38,38,,2000,0,1,0,0,,,0,,35,0,1
06/09/2025,0.12,EoSP,12,127.5,87480,121.5,,154.7,17.6,5.6,1.1,0,6.7,4,8,7,3.276,38,0.9827,38,0.9827,,1.1,1,35,35,,0.9849,1,1,38,0,1,0,15,39,43,,,1,0.9844,7,7,7,0,41.8,0.92,1,1,0,0,,38,38,,2000,0,1,0,0,,,0,,35,1,1
06/09/2025,3.12,FWE,3,0,15200,0,,26.9,0,1.5,0.2,0,1.7,4,8,7,3.276,38,0.9827,38,0.9827,,1.45,1,35,35,,0.9849,1,1,38,0.1,1,0,15,39,43,,,1,0.9844,7,7,7,0,41.8,0.92,1,1,0,0,,38,38,,2000,0,1,0,0,,,0,,35,1,1
06/09/2025,12,PORT,8.8,0,0,0,,0,0,0,0.9,0.6,1.5,4,8,7,3.276,38,0.9827,38,0.9827,,1.45,1.07,35,35,,0.9849,1,1,38,0,1,0,15,39,43,,,1.2,0.9844,7,7,7,0,41.8,0.92,1,1,0,0,,38,38,,2000,0,1,0,0,,,0,,35,1,1
06/09/2025,22.3,PORT,10.5,0,0,0,,0,0,0,1,0.7,1.7,4,8,7,3.276,38,0.9827,38,0.9827,,1.45,1.05,35,35,,0.9849,1,1,38,0,1,0,15,39,43,,,1.2,0.9844,7,7,7,0,41.8,0.92,1,1,0,0,,38,38,,2000,0,1,0,0,,,0,,35,0,1
06/10/2025,1,BoSP,2.5,0,16470,0,,29.1,0,1.9,0.2,0.1,2.2,4,8,7,3.276,38,0.9827,38,0.9827,,1.5,1.05,35,35,,0.9849,1,1,38,0.2,1,0,15,39,43,,,1.2,0.9844,7,7,7,0,41.8,0.92,1,1,0,0,,38,38,,2000,0,1,0,0,,,0,,35,0,1
06/10/2025,12,SEA,11,111,82840,125.5,,146.5,24.2,5.3,1.1,0,6.4,4,8,7,3.276,38,0.9827,38,0.9827,,1.05,1.05,35,35,,0.9849,1,1,38,0,1,0,15,39,43,,,1.2,0.9844,7,7,7,0,41.8,0.92,1,1,0,0,,38,38,,2000,0,1,0,0,,,0,,35,0,1
06/10/2025,12.3,EoSP,0.500000000000001,5.2,3890,129.7,,6.9,24.6,0.2,0.1,0,0.3,4,8,7,3.276,38,0.9827,38,0.9827,,1.05,1.05,35,35,,0.9849,1,1,38,0,1,0,15,39,43,,,1.2,0.9844,7,7,7,0,41.8,0.92,1,1,0,0,,38,38,,2000,0,1,0,0,,,0,,35,1,1
06/10/2025,14.12,FWE,1.7,0,8970,0,,15.9,0,0.7,0.1,0,0.8,4,8,7,3.276,38,0.9827,38,0.9827,,1.45,1.05,35,35,,0.9849,1,1,38,0,1,0,15,39,43,,,1.2,0.9844,7,7,7,0,41.8,0.92,1,1,0,0,,38,38,,2000,0,1,0,0,,,0,,35,1,1
06/10/2025,17.24,ANCH,3.2,0,0,0,,0,0,0,0.3,0.2,0.5,4,8,7,3.276,38,0.9827,38,0.9827,,1.45,1.05,35,35,,0.9849,1,1,38,0,1,0,15,39,43,,,1.2,0.9844,7,7,7,0,41.8,0.92,1,1,0,0,,38,38,,2000,0,1,0,0,,,0,,35,1,1
06/10/2025,20.36,FWE,3.2,0,8890,0,,15.7,0,0.7,0.2,0.1,1,4,8,7,3.276,38,0.9827,38,0.9827,,1.45,1.05,35,35,,0.9849,1,1,38,0,1,0,15,39,43,,,1.2,0.9844,7,7,7,0,41.8,0.92,1,1,0,0,,38,38,,2000,0,1,0,0,,,0,,35,1,1
06/11/2025,10.3,PORT,13.9,0,0,0,,0,0,0,1.4,0.9,2.3,4,8,7,3.276,38,0.9827,38,0.9827,,1.45,1.05,35,35,,0.9849,1,1,38,0,1,20,15,39,43,,,1.2,0.9844,7,7,7,0,41.8,0.92,1,1,0,0,,38,38,,2000,0,1,0,0,,,0,,35,1,1
06/11/2025,12,BoSP,1.5,0,6600,0,,11.7,0,0.6,0.2,0.1,0.9,4,8,7,3.276,38,0.9827,38,0.9827,,1.45,1.05,35,35,,0.9849,1,1,38,0,1,20,15,39,43,,,1.2,0.9844,7,7,7,0,41.8,0.92,1,1,0,0,,38,38,,2000,0,1,0,0,,,0,,35,1,1
06/11/2025,23.12,EoSP,11.2,122.7,81800,121.7,,144.7,15.2,4.5,1.1,0,5.6,4,8,7,3.276,38,0.9827,38,0.9827,,1,1.05,35,35,,0.9849,1,1,38,0,1,25,15,39,43,,,1.2,0.9844,7,7,7,0,41.8,0.92,1,1,0,0,,38,38,,2000,0,1,0,0,,,0,,35,1,1
06/12/2025,2.3,FWE,3.3,0,18540,0,,32.8,0,1.1,0.2,0.1,1.4,4,8,7,3.276,38,0.9827,38,0.9827,,1,1.05,35,35,,0.9849,1,1,38,0.3,1,25,15,39,43,,,1.2,0.9844,7,7,7,0,41.8,0.92,1,1,0,0,,38,38,,2000,0,1,0,0,,,0,,35,1,1
06/12/2025,12,PORT,9.5,0,0,0,,0,0,0,1,0.7,1.7,4,8,7,3.276,38,0.9827,38,0.9827,,1,1.05,35,35,,0.9849,1,1,38,0,1,25,15,39,43,,,1.2,0.9844,7,7,7,0,41.8,0.92,1,1,0,0,,38,38,,2000,0,1,0,0,,,0,,35,1,1
06/12/2025,18.36,PORT,6.6,0,0,0,,0,0,0,0.7,0.5,1.2,4,8,7,3.276,38,0.9827,38,0.9827,,1.3,1.05,35,35,,0.9849,1,1,38,0,1,25,15,39,43,,,1.2,0.9844,7,7,7,0,41.8,0.92,1,1,0,0,,38,38,,2000,0,1,0,0,,,0,,35,1,1
06/12/2025,21,BoSP,2.4,0,16030,0,,28.4,0,1.6,0.1,0,1.7,4,8,7,3.276,38,0.9827,38,0.9827,,1.3,1.05,35,35,,0.9849,1,1,38,0.2,1,25,15,39,43,,,1.2,0.9844,7,7,7,0,41.8,0.92,1,1,0,0,,38,38,,2000,0,1,0,0,,,0,,35,1,1
06/13/2025,9.3,EoSP,12.5,120.8,92470,123.3,,163.6,26.2,5.4,0.8,0,6.2,4,8,7,3.276,38,0.9827,38,0.9827,,1,1.05,35,35,,0.9849,1,1,38,0,1,25,15,39,43,,,1.2,0.9844,7,7,7,0,41.8,0.92,1,1,0,0,,38,38,,2000,0,1,0,0,,,0,,35,1,1
06/13/2025,12,WAY,2.5,0,9550,0,,16.9,0,0.5,0.3,0.1,0.9,4,8,7,3.276,38,0.9827,38,0.9827,,1,1,35,35,,0.9849,1,1,38,0.3,1,25,15,39,43,,,1.2,0.9844,7,7,7,0,41.8,0.92,1,1,0,0,,38,38,,2000,0,1,0,0,,,0,,35,1,1
06/13/2025,12.54,FWE,0.899999999999999,0,1960,0,,3.5,0,0,0.1,0.1,0.2,4,8,7,3.276,38,0.9827,38,0.9827,,1.1,1.3,35,35,,0.9849,1,1,38,0,1,25,15,39,43,,,1.2,0.9844,7,7,7,0,41.8,0.92,1,1,0,0,,38,38,,2000,0,1,0,0,,,0,,35,1,1
06/14/2025,2.3,PORT,13.6,0,0,0,,0,0,0,1.4,1,2.4,4,8,7,3.276,38,0.9827,38,0.9827,,1.1,1.05,35,35,,0.9849,1,1,38,0,1,25,15,39,43,,,1.2,0.9844,7,7,7,0,41.8,0.92,1,1,0,0,,38,38,,2000,0,1,0,0,,,0,,35,1,1
06/14/2025,4,BoSP,1.5,0,6900,0,,12.2,0,0.4,0.2,0.1,0.7,4,8,7,3.276,38,0.9827,38,0.9827,,1.1,1.05,35,35,,0.9849,1,1,38,0.2,1,25,15,39,43,,,1.2,0.9844,7,7,7,0,41.8,0.92,1,1,0,0,,38,38,,2000,0,1,0,0,,,0,,35,1,1
06/14/2025,12,SEA,8,84,58920,122.8,,104.2,19.4,3.5,0.8,0,4.3,4,8,7,3.276,38,0.9827,38,0.9827,,1.05,1.05,35,35,,0.9849,1,1,38,0,1,20,15,39,43,,,1.2,0.9844,7,7,7,0,41.8,0.92,1,1,0,0,,38,38,,2000,0,1,0,0,,,0,,35,1,1
06/14/2025,15.3,EoSP,3.5,38,25250,120.2,,44.7,15,1.6,0.3,0,1.9,4,8,7,3.276,38,0.9827,38,0.9827,,1.05,1.05,35,35,,0.9849,1,1,38,0,1,20,15,39,43,,,1.2,0.9844,7,7,7,0,41.8,0.92,1,1,0,0,,38,38,,2000,0,1,0,0,,,0,,35,0,1
06/14/2025,18.48,FWE,3.3,0,18280,0,,32.3,0,1.1,0.2,0.1,1.4,4,8,7,3.276,38,0.9827,38,0.9827,,1.1,1.05,35,35,,0.9849,1,1,38,0.1,1,20,15,39,43,,,1.2,0.9844,7,7,7,0,41.8,0.92,1,1,0,0,,38,38,,2000,0,1,0,0,,,0,,35,1,1
06/15/2025,12,PORT,17.2,0,0,0,,0,0,0,1.7,1.2,2.9,4,8,7,3.276,38,0.9827,38,0.9827,,1.1,1.05,35,35,,0.9849,1,1,38,0,1,20,15,39,43,,,1.2,0.9844,7,7,7,0,41.8,0.92,1,1,0,0,,38,38,,2000,0,1,0,0,,,0,,35,0,1
06/16/2025,4.3,PORT,16.5,0,0,0,,0,0,0,1.7,1.3,3,4,8,7,3.276,38,0.9827,38,0.9827,,1.1,1.05,35,35,,0.9849,1,1,38,0,1,20,15,39,43,,,1.2,0.9844,7,7,7,0,41.8,0.92,1,1,0,0,,38,38,,2000,0,1,0,0,,,0,,35,1,1
06/16/2025,7,BoSP,2.5,0,16480,0,,29.2,0,1.4,0.2,0,1.6,4,8,7,3.276,38,0.9827,38,0.9827,,1.2,1.05,35,35,,0.9849,1,1,38,0.1,1,20,15,39,43,,,1.2,0.9844,7,7,7,0,41.8,0.92,1,1,0,0,,38,38,,2000,0,1,0,0,,,0,,35,0,1
06/16/2025,12,SEA,5,50.7,36740,122.5,,65,22,2.2,0.5,0,2.7,4,8,7,3.276,38,0.9827,38,0.9827,,1,1.05,35,35,,0.9849,1,1,38,0,1,20,15,39,43,,,1.2,0.9844,7,7,7,0,41.8,0.92,1,1,0,0,,38,38,,2000,0,1,0,0,,,0,,35,1,1
06/16/2025,18,EoSP,6,59.8,44200,122.8,,78.2,23.5,2.6,0.6,0,3.2,4,8,7,3.276,38,0.9827,38,0.9827,,1,1.05,35,35,,0.9849,1,1,38,0,1,20,15,39,43,,,1.2,0.9844,7,7,7,0,41.8,0.92,1,1,0,0,,38,38,,2000,0,1,0,0,,,0,,35,0,1
06/16/2025,22.18,FWE,4.3,0,16390,0,,29,0,1,0.5,0.2,1.7,4,8,7,3.276,38,0.9827,38,0.9827,,1.2,1.05,35,35,,0.9849,1,1,38,0,1,20,15,39,43,,,1.2,0.9844,7,7,7,0,41.8,0.92,1,1,0,0,,38,38,,2000,0,1,0,0,,,0,,35,1,1
06/17/2025,11,PORT,12.7,0,0,0,,0,0,0,1.3,0.9,2.2,4,8,7,3.276,38,0.9827,38,0.9827,,1.2,1.05,35,35,,0.9849,1,1,38,0,1,20,15,39,43,,,1.2,0.9844,7,7,7,0,41.8,0.92,1,1,0,0,,38,38,,2000,0,1,0,0,,,0,,35,0,1
06/17/2025,12,BoSP,1,0,3110,0,,5.5,0,0.1,0.1,0,0.2,4,8,7,3.276,38,0.9827,38,0.9827,,1.2,1.05,35,35,,0.9849,1,1,38,0,1,20,15,39,43,,,1.2,0.9844,7,7,7,0,41.8,0.92,1,1,0,0,,38,38,,2000,0,1,0,0,,,0,,35,1,1
06/17/2025,23.48,EoSP,11.8,126.4,86910,122.8,,153.7,17.8,6.4,1.2,0,7.6,4,8,7,3.276,38,0.9827,38,0.9827,,1.2,1.05,35,35,,0.9849,1,1,38,0,1,20,15,39,43,,,1.2,0.9844,7,7,7,0,41.8,0.92,1,1,0,0,,38,38,,2000,0,1,0,0,,,0,,35,0,1
06/18/2025,2.42,FWE,2.9,0,17580,0,,31.1,0,1.4,0.3,0,1.7,4,8,7,3.276,38,0.9827,38,0.9827,,1.2,1.05,35,35,,0.9849,1,1,38,0,1,20,15,39,43,,,1.2,0.9844,7,7,7,0,41.8,0.92,1,1,0,0,,38,38,,2000,0,1,0,0,,,0,,35,1,1
06/18/2025,12,PORT,9.3,0,0,0,,0,0,0,1,0.7,1.7,4,8,7,3.276,38,0.9827,38,0.9827,,1,1.05,35,35,,0.9849,1,1,38,0,1,20,15,39,43,,,1.2,0.9844,7,7,7,0,41.8,0.92,1,1,0,0,,38,38,,2000,0,1,0,0,,,0,,35,0,1
06/18/2025,22.42,PORT,10.7,0,0,0,,0,0,0,1.1,0.8,1.9,4,8,7,3.276,38,0.9827,38,0.9827,,1,1.05,35,35,,0.9849,1,1,38,0,1,20,15,39,43,,,1.2,0.9844,7,7,7,0,41.8,0.92,1,1,0,0,,38,38,,2000,0,1,0,0,,,0,,35,1,1
06/19/2025,1,BoSP,2.3,0,15440,0,,27.3,0,1.2,0.3,0.1,1.6,4,8,7,3.276,38,0.9827,38,0.9827,,1.05,1.05,35,35,,0.9849,1,1,38,0,1,20,15,39,43,,,1.2,0.9844,7,7,7,0,41.8,0.92,1,1,0,0,,38,38,,2000,0,1,0,0,,,0,,35,0,1
06/19/2025,12,SEA,11,108,81670,123.7,,144.5,25.3,4.9,1.1,0,6,4,8,7,3.276,38,0.9827,38,0.9827,,1.05,1.05,35,35,,0.9849,1,1,38,0,1,20,0,39,43,,,1.2,0.9844,7,7,7,0,41.8,0.92,1,1,0,0,,38,38,,2000,0,1,0,0,,,0,,35,1,1
06/19/2025,13.06,EoSP,1.1,11,6720,101.8,,11.9,7.6,0.5,0.1,0,0.6,4,8,7,3.276,38,0.9827,38,0.9827,,1.05,1.05,35,35,,0.9849,1,1,38,0,1,20,0,39,43,,,1.2,0.9844,7,7,7,0,41.8,0.92,1,1,0,0,,38,38,,2000,0,1,0,0,,,0,,35,0,1
06/19/2025,15.42,FWE,2.6,0,11420,0,,20.2,0,0.6,0.2,0.1,0.9,4,8,7,3.276,38,0.9827,38,0.9827,,1.1,1.05,35,35,,0.9849,1,1,38,0.1,1,20,0,39,43,,,1.2,0.9844,7,7,7,0,41.8,0.92,1,1,0,0,,38,38,,2000,0,1,0,0,,,0,,35,1,1
06/20/2025,3.06,PORT,11.4,0,0,0,,0,0,0,1.2,0.8,2,4,8,7,3.276,38,0.9827,38,0.9827,,1.1,1.05,35,35,,0.9849,1,1,38,0,1,20,0,39,43,,,1.2,0.9844,7,7,7,0,41.8,0.92,1,1,0,0,,38,38,,2000,0,1,0,0,,,0,,35,0,1
06/20/2025,4.18,BoSP,1.2,0,6330,0,,11.2,0,0.4,0.1,0,0.5,4,8,7,3.276,38,0.9827,38,0.9827,,1.1,1.05,35,35,,0.9849,1,1,38,0.1,1,20,0,39,43,,,1.2,0.9844,7,7,7,0,41.8,0.92,1,1,0,0,,38,38,,2000,0,1,0,0,,,0,,35,1,1
06/20/2025,12,SEA,7.7,75,56120,121.5,,99.3,24.5,3.6,0.8,0,4.4,4,8,7,3.276,38,0.9827,38,0.9827,,1.1,1.05,35,35,,0.9849,1,1,38,0,1,20,0,39,43,,,1.2,0.9844,7,7,7,0,41.8,0.92,1,1,0,0,,38,38,,2000,0,1,0,0,,,0,,35,0,1
06/20/2025,16.3,EoSP,4.5,48.8,32910,121.9,,58.2,16.2,2.1,0.5,0,2.6,4,8,7,3.276,38,0.9827,38,0.9827,,1.1,1.05,35,35,,0.9849,1,1,38,0,1,20,0,39,43,,,1.2,0.9844,7,7,7,0,41.8,0.92,1,1,0,0,,38,38,,2000,0,1,0,0,,,0,,35,0,1
06/20/2025,19.18,FWE,2.8,0,15310,0,,27.1,0,1,0.3,0,1.3,4,8,7,3.276,38,0.9827,38,0.9827,,1.1,1.05,35,35,,0.9849,1,1,38,0.1,1,20,0,39,43,,,1.2,0.9844,7,7,7,0,41.8,0.92,1,1,0,0,,38,38,,2000,0,1,0,0,,,0,,35,0,1
06/21/2025,12,PORT,16.7,0,0,0,,0,0,0,1.7,1.1,2.8,4,8,7,3.276,38,0.9827,38,0.9827,,1.1,1.05,35,35,,0.9849,1,1,38,0,1,20,0,39,43,,,1.2,0.9844,7,7,7,0,41.8,0.92,1,1,0,0,,38,38,,2000,0,1,0,0,,,0,,35,0,1
06/21/2025,15.06,PORT,3.1,0,0,0,,0,0,0,0.3,0.2,0.5,4,8,7,3.276,38,0.9827,38,0.9827,,1.1,1.05,35,35,,0.9849,1,1,38,0,1,20,0,39,43,,,1.2,0.9844,7,7,7,0,41.8,0.92,1,1,0,0,,38,38,,2000,0,1,0,0,,,0,,35,0,1
06/21/2025,18,BoSP,2.9,0,17910,0,,31.7,0,1.4,0.3,0.1,1.8,4,8,7,3.276,38,0.9827,38,0.9827,,1.1,1.05,35,35,,0.9849,1,1,38,0.1,1,20,0,39,43,,,1.2,0.9844,7,7,7,0,41.8,0.92,1,1,0,0,,38,38,,2000,0,1,0,0,,,0,,35,0,1
06/22/2025,7,EoSP,13,120,91760,117.6,,162.3,26.1,5.4,1.4,0,6.8,4,8,7,3.276,38,0.9827,38,0.9827,,1.1,1.05,35,35,,0.9849,1,1,38,0,1,20,0,39,43,,,1.2,0.9844,7,7,7,0,41.8,0.92,1,1,0,0,,38,38,,2000,0,1,0,0,,,0,,35,0,1
06/22/2025,12,WAY,5,0,0,0,,0,0,0.1,0.5,0.3,0.9,4,8,7,3.276,38,0.9827,38,0.9827,,1.1,1.05,35,35,,0.9849,1,1,38,0,1,20,0,39,43,,,1.2,0.9844,7,7,7,0,41.8,0.92,1,1,0,0,,38,38,,2000,0,1,0,0,,,0,,35,0,1
06/22/2025,15.24,FWE,3.4,0,12830,0,,22.7,0,0.5,0.4,0.3,1.2,4,8,7,3.276,38,0.9827,38,0.9827,,1.1,1.05,35,35,,0.9849,1,1,38,0,1,20,0,39,43,,,1.2,0.9844,7,7,7,0,41.8,0.92,1,1,0,0,,38,38,,2000,0,1,0,0,,,0,,35,0,1
06/23/2025,3,PORT,11.6,0,0,0,,0,0,0,1.2,0.8,2,4,8,7,3.276,38,0.9827,38,0.9827,,1.1,1.05,35,35,,0.9849,1,1,38,0,1,20,0,39,43,,,1.2,0.9844,7,7,7,0,41.8,0.92,1,1,0,0,,38,38,,2000,0,1,0,0,,,0,,35,0,1
06/23/2025,3.48,BoSP,0.8,0,3560,0,,6.3,0,0.1,0.1,0,0.2,4,8,7,3.276,38,0.9827,38,0.9827,,1.1,1.05,35,35,,0.9849,1,1,38,0,1,20,0,39,43,,,1.2,0.9844,7,7,7,0,41.8,0.92,1,1,0,0,,38,38,,2000,0,1,0,0,,,0,,35,0,1
06/23/2025,12,SEA,8.2,84.5,62610,127.3,,110.8,23.7,4.5,0.8,0,5.3,4,8,7,3.276,38,0.9827,38,0.9827,,1.1,1.05,35,35,,0.9849,1,1,38,0,1,0,0,39,43,,,1.2,0.9844,7,7,7,0,41.8,0.92,1,1,0,0,,38,38,,2000,0,1,0,0,,,0,,35,0,1
06/23/2025,15.42,EoSP,3.7,41.5,27510,123.9,,48.7,14.8,1.8,0.4,0,2.2,4,8,7,3.276,38,0.9827,38,0.9827,,1.1,1.05,35,35,,0.9849,1,1,38,0,1,0,0,39,43,,,1.2,0.9844,7,7,7,0,41.8,0.92,1,1,0,0,,38,38,,2000,0,1,0,0,,,0,,35,0,1
06/23/2025,23.12,FWE,7.5,0,23760,0,,42,0,1.5,0.8,0.4,2.7,4,8,7,3.276,38,0.9827,38,0.9827,,1.1,1.05,35,35,,0.9849,1,1,38,0,1,0,0,39,43,,,1.2,0.9844,7,7,7,0,41.8,0.92,1,1,0,0,,38,38,,2000,0,1,0,0,,,0,,35,0,1
06/24/2025,12,PORT,12.8,0,0,0,,0,0,0,1.1,0.7,1.8,4,8,7,3.276,38,0.9827,38,0.9827,,1,1,35,35,,0.9849,1,1,38,0,1,0,0,39,43,,,1.2,0.9844,7,7,7,0,41.8,0.92,1,1,0,0,,38,38,,2000,0,1,0,0,,,0,,35,0,1
06/24/2025,19.12,PORT,7.2,0,0,0,,0,0,0,0.7,0.5,1.2,4,8,7,3.276,38,0.9827,38,0.9827,,1,1,35,35,,0.9849,1,1,38,0,1,0,0,39,43,,,1.2,0.9844,7,7,7,0,41.8,0.92,1,1,0,0,,38,38,,2000,0,1,0,0,,,0,,35,0,1
06/24/2025,21.24,BoSP,2.2,0,14830,0,,26.2,0,1.2,0.3,0.1,1.6,4,8,7,3.276,38,0.9827,38,0.9827,,1.1,1.05,35,35,,0.9849,1,1,38,0.2,1,0,0,39,43,,,1.2,0.9844,7,7,7,0,41.8,0.92,1,1,0,0,,38,38,,2000,0,1,0,0,,,0,,35,0,1
06/25/2025,9.42,EoSP,12.3,124,90330,122.4,,159.8,22.4,5.2,1.3,0,6.5,4,8,7,3.276,38,0.9827,38,0.9827,,1,1.05,35,35,,0.9849,1,1,38,0,1,0,0,39,43,,,1.2,0.9844,7,7,7,0,41.8,0.92,1,1,0,0,,38,38,,2000,0,1,0,0,,,0,,35,0,1
06/25/2025,11.24,FWE,1.7,0,7050,0,,12.5,0,0.4,0.2,0,0.6,4,8,7,3.276,38,0.9827,38,0.9827,,1,1.05,35,35,,0.9849,1,1,38,0,1,0,0,39,43,,,1.2,0.9844,7,7,7,0,41.8,0.92,1,1,0,0,,38,38,,2000,0,1,0,0,,,0,,35,0,1
06/25/2025,12,PORT,0.6,0,0,0,,0,0,0,0,0,0,4,8,7,3.276,38,0.9827,38,0.9827,,1,1.05,35,35,,0.9849,1,1,38,0,1,0,0,39,43,,,1.2,0.9844,7,7,7,0,41.8,0.92,1,1,0,0,,38,38,,2000,0,1,0,0,,,0,,35,0,1
06/26/2025,7.24,PORT,19.4,0,0,0,,0,0,0,2.1,1.4,3.5,4,8,7,3.276,38,0.9827,38,0.9827,,1,1.05,35,35,,0.9849,1,1,38,0,1,0,0,39,43,,,1.2,0.9844,7,7,7,0,41.8,0.92,1,1,0,0,,38,38,,2000,0,1,0,0,,,0,,35,0,1
06/26/2025,9,BoSP,1.6,0,7080,0,,12.5,0,0.4,0.2,0.1,0.7,4,8,7,3.276,38,0.9827,38,0.9827,,1,1.05,35,35,,0.9849,1,1,38,0,1,0,0,39,43,,,1.2,0.9844,7,7,7,0,41.8,0.92,1,1,0,0,,38,38,,2000,0,1,0,0,,,0,,35,0,1
06/26/2025,12,SEA,3,30,21780,121,,38.5,22.1,1.3,0.3,0,1.6,4,8,7,3.276,38,0.9827,38,0.9827,,1,1.05,35,35,,0.9849,1,1,38,0,1,0,0,39,43,,,1.2,0.9844,7,7,7,0,41.8,0.92,1,1,0,0,,38,38,,2000,0,1,0,0,,,0,,35,0,1
06/26/2025,19.48,EoSP,7.8,86.8,57530,122.9,,101.8,14.7,3.8,0.8,0,4.6,4,8,7,3.276,38,0.9827,38,0.9827,,1.1,1.05,35,35,,0.9849,1,1,38,0,1,0,0,39,43,,,1.2,0.9844,7,7,7,0,41.8,0.92,1,1,0,0,,38,38,,2000,0,1,0,0,,,0,,35,0,1
06/26/2025,23.24,FWE,3.6,0,17340,0,,30.7,0,1,0.4,0,1.4,4,8,7,3.276,38,0.9827,38,0.9827,,1.1,1.05,35,35,,0.9849,1,1,38,0,1,0,0,39,43,,,1.2,0.9844,7,7,7,0,41.8,0.92,1,1,0,0,,38,38,,2000,0,1,0,0,,,0,,35,0,1
06/27/2025,12,PORT,12.6,0,0,0,,0,0,0,1.3,1,2.3,4,8,7,3.276,38,0.9827,38,0.9827,,1.1,1.05,35,35,,0.9849,1,1,38,0,1,0,0,39,43,,,1.2,0.9844,7,7,7,0,41.8,0.92,1,1,0,0,,38,38,,2000,0,1,0,0,,,0,,35,0,1
06/27/2025,16.12,BoSP,4.2,0,20680,0,,36.6,0,1.3,0.4,0.1,1.8,4,8,7,3.276,38,0.9827,38,0.9827,,1,1.05,35,35,,0.9849,1,1,38,0,1,0,0,39,43,,,1.2,0.9844,7,7,7,0,41.8,0.92,1,1,0,0,,38,38,,2000,0,1,0,0,,,0,,35,0,1
06/28/2025,5.12,EoSP,13,114,90520,116.1,,160.1,28.8,5.1,1.4,0,6.5,4,8,7,3.276,38,0.9827,38,0.9827,,1.05,1.05,35,35,,0.9849,1,1,38,0,1,0,0,39,43,,,1.2,0.9844,7,7,7,0,41.8,0.92,1,1,0,0,,38,38,,2000,0,1,0,0,,,0,,35,0,1
06/28/2025,8.12,FWE,3,0,13070,0,,23.1,0,0.5,0.4,0.2,1.1,4,8,7,3.276,38,0.9827,38,0.9827,,1.05,1.05,35,35,,0.9849,1,1,38,0,1,0,0,39,43,,,1.2,0.9844,7,7,7,0,41.8,0.92,1,1,0,0,,38,38,,2000,0,1,0,0,,,0,,35,0,1
06/28/2025,12,PORT,3.8,0,0,0,,0,0,0,0.4,0.3,0.7,4,8,7,3.276,38,0.9827,38,0.9827,,1.05,1.05,35,35,,0.9849,1,1,38,0,1,0,0,39,43,,,1.2,0.9844,7,7,7,0,41.8,0.92,1,1,0,0,,38,38,,2000,0,1,0,0,,,0,,35,0,1
06/28/2025,18.06,PORT,6.1,0,0,0,,0,0,0,0.7,0.5,1.2,4,8,7,3.276,38,0.9827,38,0.9827,,1.05,1.05,35,35,,0.9849,1,1,38,0,1,0,0,39,43,,,1.2,0.9844,7,7,7,0,41.8,0.92,1,1,0,0,,38,38,,2000,0,1,0,0,,,0,,35,0,1
06/28/2025,19.24,BoSP,1.3,0,5080,0,,9,0,0.8,0.2,0.1,1.1,4,8,7,3.276,38,0.9827,38,0.9827,,1.05,1.05,35,35,,0.9849,1,1,38,0,1,0,0,39,43,,,1.2,0.9844,7,7,7,0,41.8,0.92,1,1,0,0,,38,38,,2000,0,1,0,0,,,0,,35,0,1
06/29/2025,8.06,EoSP,12.7,123,88650,116.3,,156.8,21.6,4.9,1.4,0,6.3,4,8,7,3.276,38,0.9827,38,0.9827,,1.05,1.05,35,35,,0.9849,1,1,38,0,1,0,0,39,43,,,1.2,0.9844,7,7,7,0,41.8,0.92,1,1,0,0,,38,38,,2000,0,1,0,0,,,0,,35,0,1
06/29/2025,12,WAY,3.9,0,17990,0,,31.8,0,0.8,0.5,0.1,1.4,4,8,7,3.276,38,0.9827,38,0.9827,,1.05,1.05,35,35,,0.9849,1,1,38,0,1,0,0,39,43,,,1.2,0.9844,7,7,7,0,41.8,0.92,1,1,0,0,,38,38,,2000,0,1,0,0,,,0,,35,0,1
06/29/2025,12.12,FWE,0.199999999999999,0,0,0,,0,0,0,0,0,0,4,8,7,3.276,38,0.9827,38,0.9827,,1.05,1.05,35,35,,0.9849,1,1,38,0,1,0,0,39,43,,,1.2,0.9844,7,7,7,0,41.8,0.92,1,1,0,0,,38,38,,2000,0,1,0,0,,,0,,35,0,1
06/30/2025,5.48,PORT,17.6,0,0,0,,0,0,0,1.8,1.3,3.1,4,8,7,3.276,38,0.9827,38,0.9827,,1,1.05,35,35,,0.9849,1,1,38,0,1,0,0,39,43,,,1.2,0.9844,7,7,7,0,41.8,0.92,1,1,0,0,,38,38,,2000,0,1,0,0,,,0,,35,0,1
06/30/2025,8.12,BoSP,2.4,0,14910,0,,26.4,0,0.8,0.2,0.1,1.1,4,8,7,3.276,38,0.9827,38,0.9827,,1,1.05,35,35,,0.9849,1,1,38,0.2,1,0,0,39,43,,,1.2,0.9844,7,7,7,0,41.8,0.92,1,1,0,0,,38,38,,2000,0,1,0,0,,,0,,35,0,1
06/30/2025,12,SEA,3.8,40,26700,117.1,,47.2,15.3,1.5,0.4,0,1.9,4,8,7,3.276,38,0.9827,38,0.9827,,1,1.05,35,35,,0.9849,1,1,38,0,1,0,0,39,43,,,1.2,0.9844,7,7,7,0,41.8,0.92,1,1,0,0,,38,38,,2000,0,1,0,0,,,0,,35,0,1
06/30/2025,20.12,EoSP,8.2,81,60830,123.6,,107.6,24.7,3.9,0.8,0,4.7,4,8,7,3.276,38,0.9827,38,0.9827,,1.05,1.05,35,35,,0.9849,1,1,38,0,1,0,0,39,43,,,1.2,0.9844,7,7,7,0,41.8,0.92,1,1,0,0,,38,38,,2000,0,1,0,0,,,0,,35,0,1
06/30/2025,22.48,FWE,2.6,0,11010,0,,19.5,0,0.4,0.2,0.1,0.7,4,8,7,3.276,38,0.9827,38,0.9827,,1.05,1.05,35,35,,0.9849,1,1,38,0.1,1,0,0,39,43,,,1.2,0.9844,7,7,7,0,41.8,0.92,1,1,0,0,,38,38,,2000,0,1,0,0,,,0,,35,0,1
07/01/2025,11.18,PORT,12.5,0,0,0,,0,0,0,1.3,0.8,2.1,4,8,7,3.276,38,0.9827,38,0.9827,,1.05,1.05,35,35,,0.9849,1,1,38,0,1,0,0,39,43,,,1.2,0.9844,7,7,7,0,41.8,0.92,1,1,0,0,,38,38,,2000,0,1,0,0,,,0,,35,0,1
07/01/2025,12,WAY,0.7,0,1270,0,,2.2,0,0,0.1,0,0.1,4,8,7,3.276,38,0.9827,38,0.9827,,1,1.05,35,35,,0.9849,1,1,38,0,1,0,0,39,43,,,1.2,0.9844,7,7,7,0,41.8,0.92,1,1,0,0,,38,38,,2000,0,1,0,0,,,0,,35,0,1
07/01/2025,13.12,BoSP,1.2,0,7230,0,,12.8,0,0.4,0.1,0,0.5,4,8,7,3.276,38,0.9827,38,0.9827,,1,1.05,35,35,,0.9849,1,1,38,0,1,0,0,39,43,,,1.2,0.9844,7,7,7,0,41.8,0.92,1,1,0,0,,38,38,,2000,0,1,0,0,,,0,,35,0,1
07/02/2025,0.3,EoSP,11.3,119,82730,122,,146.3,18.7,4.8,1.2,0,6,4,8,7,3.276,38,0.9827,38,0.9827,,1,1.05,35,35,,0.9849,1,1,38,0,1,0,0,39,43,,,1.2,0.9844,7,7,7,0,41.8,0.92,1,1,0,0,,38,38,,2000,0,1,0,0,,,0,,35,0,1
07/02/2025,3.48,FWE,3.3,0,17870,0,,31.6,0,0.9,0.4,0,1.3,4,8,7,3.276,38,0.9827,38,0.9827,,1,1.05,35,35,,0.9849,1,1,38,0,1,0,0,39,43,,,1.2,0.9844,7,7,7,0,41.8,0.92,1,1,0,0,,38,38,,2000,0,1,0,0,,,0,,35,0,1
07/02/2025,12,PORT,8.2,0,0,0,,0,0,0,0.8,0.6,1.4,4,8,7,3.276,38,0.9827,38,0.9827,,1,1.05,35,35,,0.9849,1,1,38,0,1,0,0,39,43,,,1.2,0.9844,7,7,7,0,41.8,0.92,1,1,0,0,,38,38,,2000,0,1,0,0,,,0,,35,0,1
07/02/2025,23.48,PORT,11.8,0,0,0,,0,0,0,1.2,0.8,2,4,8,7,3.276,38,0.9827,38,0.9827,,1,1.05,35,35,,0.9849,1,1,38,0,1,0,0,39,43,,,1.2,0.9844,7,7,7,0,41.8,0.92,1,1,0,0,,38,38,,2000,0,1,0,0,,,0,,35,0,1
07/03/2025,3,BoSP,3.2,0,18750,0,,33.2,0,1.1,0.4,0.1,1.6,4,8,7,3.276,38,0.9827,38,0.9827,,1.05,1.05,35,35,,0.9849,1,1,38,0,1,0,0,39,43,,,1.2,0.9844,7,7,7,0,41.8,0.92,1,1,0,0,,38,38,,2000,0,1,0,0,,,0,,35,0,1
07/03/2025,12,SEA,9,90,65810,121.9,,116.4,22.7,3.9,0.9,0,4.8,4,8,7,3.276,38,0.9827,38,0.9827,,1,1.05,35,35,,0.9849,1,1,38,0,1,0,0,39,43,,,1.2,0.9844,7,7,7,0,41.8,0.92,1,1,0,0,,38,38,,2000,0,1,0,0,,,0,,35,0,1
07/03/2025,15.18,EoSP,3.3,33,24240,122.4,,42.9,23.1,1.5,0.3,0,1.8,4,8,7,3.276,38,0.9827,38,0.9827,,1,1.05,35,35,,0.9849,1,1,38,0,1,0,0,39,43,,,1.2,0.9844,7,7,7,0,41.8,0.92,1,1,0,0,,38,38,,2000,0,1,0,0,,,0,,35,0,1
07/03/2025,22.12,FWE,6.9,0,13870,0,,24.5,0,0.5,0.8,0.3,1.6,4,8,7,3.276,38,0.9827,38,0.9827,,1,1.05,35,35,,0.9849,1,1,38,0,1,0,0,39,43,,,1.2,0.9844,7,7,7,0,41.8,0.92,1,1,0,0,,38,38,,2000,0,1,0,0,,,0,,35,0,1
07/04/2025,8.42,PORT,10.5,0,0,0,,0,0,0,1.1,0.7,1.8,4,8,7,3.276,38,0.9827,38,0.9827,,1,1.05,35,35,,0.9849,1,1,38,0,1,0,0,39,43,,,1.2,0.9844,7,7,7,0,41.8,0.92,1,1,0,0,,38,38,,2000,0,1,0,0,,,0,,35,0,1
07/04/2025,9.42,FWE,1,0,2330,0,,4.1,0,0.1,0.1,0.1,0.3,4,8,7,3.276,38,0.9827,38,0.9827,,1,1.05,35,35,,0.9849,1,1,38,0,1,0,0,39,43,,,1.2,0.9844,7,7,7,0,41.8,0.92,1,1,0,0,,38,38,,2000,0,1,0,0,,,0,,35,0,1
07/04/2025,12,PORT,2.3,0,0,0,,0,0,0,0,0,0,4,8,7,3.276,38,0.9827,38,0.9827,,1,1.05,35,35,,0.9849,1,1,38,0,1,0,0,39,43,,,1.2,0.9844,7,7,7,0,41.8,0.92,1,1,0,0,,38,38,,2000,0,1,0,0,,,0,,35,0,1
07/04/2025,19.3,PORT,7.5,0,0,0,,0,0,0,1,0.7,1.7,4,8,7,3.276,38,0.9827,38,0.9827,,1,1.05,35,35,,0.9849,1,1,38,0,1,0,0,39,43,,,1.2,0.9844,7,7,7,0,41.8,0.92,1,1,0,0,,38,38,,2000,0,1,0,0,,,0,,35,0,1
07/04/2025,20.3,BoSP,1,0,4590,0,,8.1,0,0.3,0.1,0.1,0.5,4,8,7,3.276,38,0.9827,38,0.9827,,1,1.05,35,35,,0.9849,1,1,38,0,1,0,0,39,43,,,1.2,0.9844,7,7,7,0,41.8,0.92,1,1,0,0,,38,38,,2000,0,1,0,0,,,0,,35,0,1
07/05/2025,8.3,EoSP,12,118,88150,122.4,,155.9,24.3,5.3,1.2,0,6.5,4,8,7,3.276,38,0.9827,38,0.9827,,1,1.05,35,35,,0.9849,1,1,38,0,1,0,0,39,43,,,1.2,0.9844,7,7,7,0,41.8,0.92,1,1,0,0,,38,38,,2000,0,1,0,0,,,0,,35,0,1
07/05/2025,12,WAY,3.5,0,9370,0,,16.6,0,0.5,0.3,0.1,0.9,4,8,7,3.276,38,0.9827,38,0.9827,,1,1.05,35,35,,0.9849,1,1,38,0,1,0,0,39,43,,,1.2,0.9844,7,7,7,0,41.8,0.92,1,1,0,0,,38,38,,2000,0,1,0,0,,,0,,35,0,1
07/05/2025,15.3,FWE,3.5,0,15720,0,,27.8,0,0.6,0.4,0.2,1.2,4,8,7,3.276,38,0.9827,38,0.9827,,1,1.05,35,35,,0.9849,1,1,38,0,1,0,0,39,43,,,1.2,0.9844,7,7,7,0,41.8,0.92,1,1,0,0,,38,38,,2000,0,1,0,0,,,0,,35,0,1
07/06/2025,11.36,PORT,20.1,0,0,0,,0,0,0,2,1.4,3.4,4,8,7,3.276,38,0.9827,38,0.9827,,1,1.05,35,35,,0.9849,1,1,38,0,1,25,25,39,43,,,1.2,0.9844,7,7,7,0,41.8,0.92,1,1,0,0,,38,38,,2000,0,1,0,0,,,0,,35,0,1
07/06/2025,12,WAY,0.400000000000001,0,0,0,,0,0,0,0,0,0,4,8,7,3.276,38,0.9827,38,0.9827,,1,1.05,35,35,,0.9849,1,1,38,0,1,25,25,39,43,,,1.2,0.9844,7,7,7,0,41.8,0.92,1,1,0,0,,38,38,,2000,0,1,0,0,,,0,,35,0,1
07/06/2025,14.12,BoSP,2.2,0,16100,0,,28.5,0,1.1,0.3,0.1,1.5,4,8,7,3.276,38,0.9827,38,0.9827,,1.1,1.05,35,35,,0.9849,1,1,38,0,1,25,25,39,43,,,1.2,0.9844,7,7,7,0,41.8,0.92,1,1,0,0,,38,38,,2000,0,1,0,0,,,0,,35,0,1
07/07/2025,3.3,EoSP,13.3,122,97980,122.8,,173.3,29.6,6,1.3,0,7.3,4,8,7,3.276,38,0.9827,38,0.9827,,1,1.05,35,35,,0.9849,1,1,38,0,1,25,25,39,43,,,1.2,0.9844,7,7,7,0,41.8,0.92,1,1,0,0,,38,38,,2000,0,1,0,0,,,0,,35,0,1
07/07/2025,9,FWE,5.5,0,13880,0,,24.6,0,0.4,0.6,0.3,1.3,4,8,7,3.276,38,0.9827,38,0.9827,,1,1.05,35,35,,0.9849,1,1,38,0,1,25,25,39,43,,,1.2,0.9844,7,7,7,0,41.8,0.92,1,1,0,0,,38,38,,2000,0,1,0,0,,,0,,35,0,1
07/07/2025,12,PORT,3,0,0,0,,0,0,0,0.2,0.1,0.3,4,8,7,3.276,38,0.9827,38,0.9827,,1,1.05,35,35,,0.9849,1,1,38,0,1,25,25,39,43,,,1.2,0.9844,7,7,7,0,41.8,0.92,1,1,0,0,,38,38,,2000,0,1,0,0,,,0,,35,0,1
07/07/2025,18.36,PORT,6.6,0,0,0,,0,0,0,0.8,0.6,1.4,4,8,7,3.276,38,0.9827,38,0.9827,,1,1.05,35,35,,0.9849,1,1,38,0,1,25,25,39,43,,,1.2,0.9844,7,7,7,0,41.8,0.92,1,1,0,0,,38,38,,2000,0,1,0,0,,,0,,35,0,1
07/07/2025,19.42,BoSP,1.1,0,4530,0,,8,0,0.3,0.1,0.1,0.5,4,8,7,3.276,38,0.9827,38,0.9827,,1,1.05,35,35,,0.9849,1,1,38,0,1,25,25,39,43,,,1.2,0.9844,7,7,7,0,41.8,0.92,1,1,0,0,,38,38,,2000,0,1,0,0,,,0,,35,0,1
07/08/2025,8,EoSP,12.3,123,91340,123.8,,161.6,23.9,5.5,1.2,0,6.7,4,8,7,3.276,38,0.9827,38,0.9827,,1,1.05,35,35,,0.9849,1,1,38,0,1,25,25,39,43,,,1.2,0.9844,7,7,7,0,41.8,0.92,1,1,0,0,,38,38,,2000,0,1,0,0,,,0,,35,0,1
07/08/2025,12,WAY,4,0,19910,0,,35.2,0,0.8,0.3,0,1.1,4,8,7,3.276,38,0.9827,38,0.9827,,1,1.05,35,35,,0.9849,1,1,38,0,1,25,25,39,43,,,1.2,0.9844,7,7,7,0,41.8,0.92,1,1,0,0,,38,38,,2000,0,1,0,0,,,0,,35,0,1
07/08/2025,12.06,FWE,0.100000000000001,0,0,0,,0,0,0,0,0,0,4,8,7,3.276,38,0.9827,38,0.9827,,1,1.05,35,35,,0.9849,1,1,38,0,1,25,25,39,43,,,1.2,0.9844,7,7,7,0,41.8,0.92,1,1,0,0,,38,38,,2000,0,1,0,0,,,0,,35,0,1
07/09/2025,12,PORT,23.9,0,0,0,,0,0,0,2.4,1.8,4.2,4,8,7,3.276,38,0.9827,38,0.9827,,1,1.05,35,35,,0.9849,1,1,38,0,1,25,25,39,43,,,1.2,0.9844,7,7,7,0,41.8,0.92,1,1,0,0,,38,38,,2000,0,1,0,0,,,0,,35,0,1
07/10/2025,10.42,PORT,22.7,0,0,0,,0,0,0,2.3,0.6,2.9,4,8,7,3.276,38,0.9827,38,0.9827,,1,1.05,35,35,,0.9849,1,1,38,0,1,25,25,39,43,,,1.2,0.9844,7,7,7,0,41.8,0.92,1,1,0,0,,38,38,,2000,0,1,0,0,,,0,,35,0,1
07/10/2025,12,WAY,1.3,0,5540,0,,9.8,0,0.3,0.1,0.1,0.5,4,8,7,3.276,38,0.9827,38,0.9827,,1,1.05,35,35,,0.9849,1,1,38,0,1,25,25,39,43,,,1.2,0.9844,7,7,7,0,41.8,0.92,1,1,0,0,,38,38,,2000,0,1,0,0,,,0,,35,0,1
07/10/2025,13.12,BoSP,1.2,0,9860,0,,17.4,0,0.6,0.2,0,0.8,4,8,7,3.276,38,0.9827,38,0.9827,,1,1.05,35,35,,0.9849,1,1,38,0,1,25,25,39,43,,,1.2,0.9844,7,7,7,0,41.8,0.92,1,1,0,0,,38,38,,2000,0,1,0,0,,,0,,35,0,1
07/11/2025,2.12,EoSP,13,120,95420,122.3,,168.8,28.9,5.7,1.3,0,7,4,8,7,3.276,38,0.9827,38,0.9827,,1,1.05,35,35,,0.9849,1,1,38,0,1,25,25,39,43,,,1.2,0.9844,7,7,7,0,41.8,0.92,1,1,0,0,,38,38,,2000,0,1,0,0,,,0,,35,0,1
07/11/2025,6.06,FWE,3.9,0,13840,0,,24.5,0,0.8,0.4,1.2,2.4,4,8,7,3.276,38,0.9827,38,0.9827,,1.1,1.05,35,35,,0.9849,1,1,38,0.1,1,25,25,39,43,,,1.2,0.9844,7,7,7,0,41.8,0.92,1,1,0,0,,38,38,,2000,0,1,0,0,,,0,,35,0,1
07/11/2025,12,PORT,5.9,0,0,0,,0,0,0,0.7,0.1,0.8,4,8,7,3.276,38,0.9827,38,0.9827,,1.1,1.05,35,35,,0.9849,1,1,38,0.1,1,25,25,39,43,,,1.2,0.9844,7,7,7,0,41.8,0.92,1,1,0,0,,38,38,,2000,0,1,0,0,,,0,,35,0,1
07/11/2025,15.36,PORT,3.6,0,0,0,,0,0,0,0.3,0.6,0.9,4,8,7,3.276,38,0.9827,38,0.9827,,1.1,1.05,35,35,,0.9849,1,1,38,0,1,25,25,39,43,,,1.2,0.9844,7,7,7,0,41.8,0.92,1,1,0,0,,38,38,,2000,0,1,0,0,,,0,,35,0,1
07/11/2025,16.54,FWE,1.3,0,1760,0,,3.1,0,0,0.2,0.1,0.3,4,8,7,3.276,38,0.9827,38,0.9827,,1.1,1.05,35,35,,0.9849,1,1,38,0,1,25,25,39,43,,,1.2,0.9844,7,7,7,0,41.8,0.92,1,1,0,0,,38,38,,2000,0,1,0,0,,,0,,35,0,1
07/12/2025,3.36,PORT,10.7,0,0,0,,0,0,0,1.1,0.7,1.8,4,8,7,3.276,38,0.9827,38,0.9827,,1.1,1.05,35,35,,0.9849,1,1,38,0,1,25,25,39,43,,,1.2,0.9844,7,7,7,0,41.8,0.92,1,1,0,0,,38,38,,2000,0,1,0,0,,,0,,35,0,1
07/12/2025,4.3,BoSP,0.9,0,4040,0,,7.1,0,0.2,0.1,0.1,0.4,4,8,7,3.276,38,0.9827,38,0.9827,,1,1.05,35,35,,0.9849,1,1,38,0,1,25,25,39,43,,,1.2,0.9844,7,7,7,0,41.8,0.92,1,1,0,0,,38,38,,2000,0,1,0,0,,,0,,35,0,1
07/12/2025,12,SEA,7.5,77.6,54030,120.1,,95.6,18.8,3.1,0.8,0,3.9,4,8,7,3.276,38,0.9827,38,0.9827,,1,1.05,35,35,,0.9849,1,1,38,0,1,0,0,39,43,,,1.2,0.9844,7,7,7,0,41.8,0.92,1,1,0,0,,38,38,,2000,0,1,0,0,,,0,,35,0,1
07/12/2025,16.12,EoSP,4.2,46.4,31430,124.7,,55.6,16.5,1.9,0.4,0,2.3,4,8,7,3.276,38,0.9827,38,0.9827,,1,1.05,35,35,,0.9849,1,1,38,0,1,0,0,39,43,,,1.2,0.9844,7,7,7,0,41.8,0.92,1,1,0,0,,38,38,,2000,0,1,0,0,,,0,,35,0,1
07/12/2025,20,FWE,3.8,0,16630,0,,29.4,0,0.6,0.4,0.1,1.1,4,8,7,3.276,38,0.9827,38,0.9827,,1,1.05,35,35,,0.9849,1,1,38,0,1,0,0,39,43,,,1.2,0.9844,7,7,7,0,41.8,0.92,1,1,0,0,,38,38,,2000,0,1,0,0,,,0,,35,0,1
07/13/2025,10,PORT,14,0,0,0,,0,0,0,1.7,1.1,2.8,4,8,7,3.276,38,0.9827,38,0.9827,,1,1.05,35,35,,0.9849,1,1,38,0,1,0,0,39,43,,,1.2,0.9844,7,7,7,0,41.8,0.92,1,1,0,0,,38,38,,2000,0,1,0,0,,,0,,35,0,1
07/13/2025,12,WAY,2,0,11620,0,,20.6,0,0.7,0.2,0.1,1,4,8,7,3.276,38,0.9827,38,0.9827,,1,1.05,35,35,,0.9849,1,1,38,0,0.9,0,0,39,43,,,1.2,0.9844,7,7,7,0,41.8,0.92,1,1,0,0,,38,38,,2000,0,1,0,0,,,0,,35,0,1
07/13/2025,12.42,BoSP,0.7,0,4480,0,,7.9,0,0.2,0.1,0,0.3,4,8,7,3.276,38,0.9827,38,0.9827,,1,1.05,35,35,,0.9849,1,1,38,0,0.9,0,0,39,43,,,1.2,0.9844,7,7,7,0,41.8,0.92,1,1,0,0,,38,38,,2000,0,1,0,0,,,0,,35,0,1
07/14/2025,2.42,EoSP,14,126,103140,122.8,,182.4,30.9,6.2,1.5,0,7.7,4,8,7,3.276,38,0.9827,38,0.9827,,1,1.05,35,35,,0.9849,1,1,38,0,0.9,0,0,39,43,,,1.2,0.9844,7,7,7,0,41.8,0.92,1,1,0,0,,38,38,,2000,0,1,0,0,,,0,,35,0,1
07/14/2025,4.54,FWE,2.2,0,11540,0,,20.4,0,0.6,0.2,0,0.8,4,8,7,3.276,38,0.9827,38,0.9827,,1,1.05,35,35,,0.9849,1,1,38,0,0.9,0,0,39,43,,,1.2,0.9844,7,7,7,0,41.8,0.92,1,1,0,0,,38,38,,2000,0,1,0,0,,,0,,35,0,1
07/14/2025,12,PORT,7.1,0,0,0,,0,0,0,0.8,0.3,1.1,4,8,7,3.276,38,0.9827,38,0.9827,,1,1.05,35,35,,0.9849,1,1,38,0,0.9,0,0,39,43,,,1.2,0.9844,7,7,7,0,41.8,0.92,1,1,0,0,,38,38,,2000,0,1,0,0,,,0,,35,0,1
07/14/2025,19.18,PORT,7.3,0,0,0,,0,0,0,0.8,0.6,1.4,4,8,7,3.276,38,0.9827,38,0.9827,,1,1.05,35,35,,0.9849,1,1,38,0,0.9,0,0,39,43,,,1.2,0.9844,7,7,7,0,41.8,0.92,1,1,0,0,,38,38,,2000,0,1,0,0,,,0,,35,0,1
07/14/2025,20.36,BoSP,1.3,0,5370,0,,9.5,0,0.2,0.2,0.1,0.5,4,8,7,3.276,38,0.9827,38,0.9827,,1,1.05,35,35,,0.9849,1,1,38,0,0.9,0,0,39,43,,,1.2,0.9844,7,7,7,0,41.8,0.92,1,1,0,0,,38,38,,2000,0,1,0,0,,,0,,35,0,1
07/15/2025,8.12,EoSP,11.6,118,83640,120.2,,148,20.3,4.9,1.2,0,6.1,4,8,7,3.276,38,0.9827,38,0.9827,,1,1.05,35,35,,0.9849,1,1,38,0,0.9,0,0,39,43,,,1.2,0.9844,7,7,7,0,41.8,0.92,1,1,0,0,,38,38,,2000,0,1,0,0,,,0,,35,0,1
07/15/2025,12,WAY,3.8,0,10210,0,,18.1,0,0.5,0.4,0.1,1,4,8,7,3.276,38,0.9827,38,0.9827,,1,1.05,35,35,,0.9849,1,1,38,0,0.9,0,0,39,43,,,1.2,0.9844,7,7,7,0,41.8,0.92,1,1,0,0,,38,38,,2000,0,1,0,0,,,0,,35,0,1
07/15/2025,15,FWE,3,0,15490,0,,27.4,0,0,0.4,0,0.4,4,8,7,3.276,38,0.9827,38,0.9827,,1,1.05,35,35,,0.9849,1,1,38,0,0.9,0,0,39,43,,,1.2,0.9844,7,7,7,0,41.8,0.92,1,1,0,0,,38,38,,2000,0,1,0,0,,,0,,35,0,1
07/16/2025,8,PORT,17,0,0,0,,0,0,0,1.8,1.2,3,4,8,7,3.276,38,0.9827,38,0.9827,,1,1.05,35,35,,0.9849,1,1,38,0,0.9,0,0,39,43,,,1.2,0.9844,7,7,7,0,41.8,0.92,1,1,0,0,,38,38,,2000,0,1,0,0,,,0,,35,0,1
07/16/2025,10.3,BoSP,2.5,0,16450,0,,29.1,0,1.4,0.3,0,1.7,4,8,7,3.276,38,0.9827,38,0.9827,,1,1.05,35,35,,0.9849,1,1,38,0,0.9,0,0,39,43,,,1.2,0.9844,7,7,7,0,41.8,0.92,1,1,0,0,,38,38,,2000,0,1,0,0,,,0,,35,0,1
07/16/2025,12,SEA,1.5,15.5,10960,121.8,,19.4,20.1,0.7,0.1,0,0.8,4,8,7,3.276,38,0.9827,38,0.9827,,1,1.05,35,35,,0.9849,1,1,38,0,0.9,0,0,39,43,,,1.2,0.9844,7,7,7,0,41.8,0.92,1,1,0,0,,38,38,,2000,0,1,0,0,,,0,,35,0,1
07/16/2025,23.42,EoSP,11.7,110.5,85660,122,,151.5,27.1,5.2,1.2,0,6.4,4,8,7,3.276,38,0.9827,38,0.9827,,1,1.05,35,35,,0.9849,1,1,38,0,0.9,0,0,39,43,,,1.2,0.9844,7,7,7,0,41.8,0.92,1,1,0,0,,38,38,,2000,0,1,0,0,,,0,,35,0,1
07/17/2025,1.42,FWE,2,0,10890,0,,19.3,0,0.6,0.2,0,0.8,4,8,7,3.276,38,0.9827,38,0.9827,,1,1.05,35,35,,0.9849,1,1,38,0,0.9,0,0,39,43,,,1.2,0.9844,7,7,7,0,41.8,0.92,1,1,0,0,,38,38,,2000,0,1,0,0,,,0,,35,0,1
07/17/2025,12,PORT,10.3,0,0,0,,0,0,0,1,0.5,1.5,4,8,7,3.276,38,0.9827,38,0.9827,,1,1.05,35,35,,0.9849,1,1,38,0,0.9,0,0,39,43,,,1.2,0.9844,7,7,7,0,41.8,0.92,1,1,0,0,,38,38,,2000,0,1,0,0,,,0,,35,0,1
07/17/2025,15.18,PORT,3.3,0,0,0,,0,0,0,0.5,0.3,0.8,4,8,7,3.276,38,0.9827,38,0.9827,,1,1.05,35,35,,0.9849,1,1,38,0,0.9,0,0,39,43,,,1.2,0.9844,7,7,7,0,41.8,0.92,1,1,0,0,,38,38,,2000,0,1,0,0,,,0,,35,0,1
07/17/2025,16.48,BoSP,1.5,0,7490,0,,13.2,0,0.3,0.2,0,0.5,4,8,7,3.276,38,0.9827,38,0.9827,,1,1.05,35,35,,0.9849,1,1,38,0,0.9,0,0,39,43,,,1.2,0.9844,7,7,7,0,41.8,0.92,1,1,0,0,,38,38,,2000,0,1,0,0,,,0,,35,0,1
07/18/2025,4.36,EoSP,11.8,124,84950,120,,150.3,17.5,5,1.2,0,6.2,4,8,7,3.276,38,0.9827,38,0.9827,,1,1.05,35,35,,0.9849,1,1,38,0,0.9,0,0,39,43,,,1.2,0.9844,7,7,7,0,41.8,0.92,1,1,0,0,,38,38,,2000,0,1,0,0,,,0,,35,0,1
07/18/2025,7.48,FWE,3.2,0,17780,0,,31.5,0,1.1,0.4,0,1.5,4,8,7,3.276,38,0.9827,38,0.9827,,1,1.05,35,35,,0.9849,1,1,38,0,0.9,0,0,39,43,,,1.2,0.9844,7,7,7,0,41.8,0.92,1,1,0,0,,38,38,,2000,0,1,0,0,,,0,,35,0,1
07/18/2025,12,PORT,4.2,0,0,0,,0,0,0,0.3,0.2,0.5,4,8,7,3.276,38,0.9827,38,0.9827,,1,1.05,35,35,,0.9849,1,1,38,0,0.9,0,0,39,43,,,1.2,0.9844,7,7,7,0,41.8,0.92,1,1,0,0,,38,38,,2000,0,1,0,0,,,0,,35,0,1
07/18/2025,21,PORT,9,0,0,0,,0,0,0,1.1,0.4,1.5,4,8,7,3.276,38,0.9827,38,0.9827,,1,1.05,35,35,,0.9849,1,1,38,0,0.9,0,0,39,43,,,1.2,0.9844,7,7,7,0,41.8,0.92,1,1,0,0,,38,38,,2000,0,1,0,0,,,0,,35,0,1
07/18/2025,23.18,BoSP,2.3,0,14680,0,,26,0,1,0.1,0,1.1,4,8,7,3.276,38,0.9827,38,0.9827,,1,1.05,35,35,,0.9849,1,1,38,0.3,0.9,0,0,39,43,,,1.2,0.9844,7,7,7,0,41.8,0.92,1,1,0,0,,38,38,,2000,0,1,0,0,,,0,,35,0,1
07/19/2025,12,EoSP,12.7,119,88570,116.2,,156.7,24.1,4.9,1.3,0,6.2,4,8,7,3.276,38,0.9827,38,0.9827,,1,1.05,35,35,,0.9849,1,1,38,0,0.9,0,0,39,43,,,1.2,0.9844,7,7,7,0,41.8,0.92,1,1,0,0,,38,38,,2000,0,1,0,0,,,0,,35,0,1
07/19/2025,14.3,FWE,2.5,0,12160,0,,21.5,0,0.6,0.2,0,0.8,4,8,7,3.276,38,0.9827,38,0.9827,,1,1.05,35,35,,0.9849,1,1,38,0.3,0.9,0,0,39,43,,,1.2,0.9844,7,7,7,0,41.8,0.92,1,1,0,0,,38,38,,2000,0,1,0,0,,,0,,35,0,1
07/20/2025,7.42,PORT,17.2,0,0,0,,0,0,0,1.7,0.7,2.4,4,8,7,3.276,38,0.9827,38,0.9827,,1,1.05,35,35,,0.9849,1,1,38,0,0.9,0,0,39,43,,,1.2,0.9844,7,7,7,0,41.8,0.92,1,1,0,0,,38,38,,2000,0,1,0,0,,,0,,35,0,1
07/20/2025,8.36,FWE,0.899999999999999,0,1790,0,,3.2,0,0,0.1,0.1,0.2,4,8,7,3.276,38,0.9827,38,0.9827,,1,1.05,35,35,,0.9849,1,1,38,0,0.9,0,0,39,43,,,1.2,0.9844,7,7,7,0,41.8,0.92,1,1,0,0,,38,38,,2000,0,1,0,0,,,0,,35,0,1
07/20/2025,12,PORT,3.4,0,0,0,,0,0,0,0.5,0.1,0.6,4,8,7,3.276,38,0.9827,38,0.9827,,1,1.05,35,35,,0.9849,1,1,38,0,0.9,0,0,39,43,,,1.2,0.9844,7,7,7,0,41.8,0.92,1,1,0,0,,38,38,,2000,0,1,0,0,,,0,,35,0,1
07/20/2025,16.36,PORT,4.6,0,0,0,,0,0,0,0.1,0.1,0.2,4,8,7,3.276,38,0.9827,38,0.9827,,1,1.05,35,35,,0.9849,1,1,38,0,0.9,0,0,39,43,,,1.5,0.9844,7,7,7,0,41.8,0.92,1,1,0,0,,38,38,,2000,0,1,0,0,,,0,,35,0,1
07/20/2025,17.42,BoSP,1.1,0,4030,0,,7.1,0,0.2,0.1,0,0.3,4,8,7,3.276,38,0.9827,38,0.9827,,1,1.05,35,35,,0.9849,1,1,38,0.1,0.9,0,0,39,43,,,1.5,0.9844,7,7,7,0,41.8,0.92,1,1,0,0,,38,38,,2000,0,1,0,0,,,0,,35,0,1
07/21/2025,6.18,EoSP,12.6,123,88050,116.5,,155.8,21.1,5,1,0,6,4,8,7,3.276,38,0.9827,38,0.9827,,1,1.05,35,35,,0.9849,1,1,38,0,0.9,0,0,39,43,,,1.5,0.9844,7,7,7,0,41.8,0.92,1,1,0,0,,38,38,,2000,0,1,0,0,,,0,,35,0,1
07/21/2025,11.3,FWE,5.2,0,17750,0,,31.4,0,0.5,0.7,0.3,1.5,4,8,7,3.276,38,0.9827,38,0.9827,,1,1.05,35,35,,0.9849,1,1,38,0,0.9,0,0,39,43,,,1.5,0.9844,7,7,7,0,41.8,0.92,1,1,0,0,,38,38,,2000,0,1,0,0,,,0,,35,0,1
07/21/2025,12,PORT,0.499999999999999,0,0,0,,0,0,0,0,0,0,4,8,7,3.276,38,0.9827,38,0.9827,,1,1.05,35,35,,0.9849,1,1,38,0.3,0.9,0,0,39,43,,,1.5,0.9844,7,7,7,0,41.8,0.92,1,1,0,0,,38,38,,2000,0,1,0,0,,,0,,35,0,1
07/22/2025,12,PORT,24,0,0,0,,0,0,0,2.5,1.9,4.4,4,8,7,3.276,38,0.9827,38,0.9827,,1,1.05,35,35,,0.9849,1,1,38,0,0.9,25,20,39,43,,,1.5,0.9844,7,7,7,0,41.8,0.92,1,1,0,0,,38,38,,2000,0,1,0,0,,,0,,35,0,1
07/22/2025,19.3,PORT,7.5,0,0,0,,0,0,0,0.8,0.6,1.4,4,8,7,3.276,38,0.9827,38,0.9827,,1,1.05,35,35,,0.9849,1,1,38,0,0.9,25,20,39,43,,,1.5,0.9844,7,7,7,0,41.8,0.92,1,1,0,0,,38,38,,2000,0,1,0,0,,,0,,35,0,1
07/22/2025,21.42,BoSP,2.2,0,15070,0,,26.7,0,1,0.3,0,1.3,4,8,7,3.276,38,0.9827,38,0.9827,,1,1.05,35,35,,0.9849,1,1,38,0,0.9,25,20,39,43,,,1.2,0.9844,7,7,7,0,41.8,0.92,1,1,0,0,,38,38,,2000,0,1,0,0,,,0,,35,0,1
07/23/2025,9.42,EoSP,12,120,88040,122.3,,155.7,22.9,5.4,1.2,0,6.6,4,8,7,3.276,38,0.9827,38,0.9827,,1,1.05,35,35,,0.9849,1,1,38,0,0.9,25,20,39,43,,,1.2,0.9844,7,7,7,0,41.8,0.92,1,1,0,0,,38,38,,2000,0,1,0,0,,,0,,35,0,1
07/23/2025,12,WAY,2.3,0,9740,0,,17.2,0,0.6,0.2,0,0.8,4,8,7,3.276,38,0.9827,38,0.9827,,1,1.05,35,35,,0.9849,1,1,38,0,0.9,25,20,39,43,,,1.2,0.9844,7,7,7,0,41.8,0.92,1,1,0,0,,38,38,,2000,0,1,0,0,,,0,,35,0,1
07/23/2025,12.42,FWE,0.7,0,1510,0,,2.7,0,0,0.1,0,0.1,4,8,7,3.276,38,0.9827,38,0.9827,,1,1.05,35,35,,0.9849,1,1,38,0,0.9,25,20,39,43,,,1.2,0.9844,7,7,7,0,41.8,0.92,1,1,0,0,,38,38,,2000,0,1,0,0,,,0,,35,0,1
07/23/2025,23.54,PORT,11.2,0,0,0,,0,0,0,1.2,0.9,2.1,4,8,7,3.276,38,0.9827,38,0.9827,,1,1.05,35,35,,0.9849,1,1,38,0,0.9,25,20,39,43,,,1.2,0.9844,7,7,7,0,41.8,0.92,1,1,0,0,,38,38,,2000,0,1,0,0,,,0,,35,0,1
07/24/2025,1,BoSP,1.1,0,5040,0,,8.9,0,0.3,0.1,0,0.4,4,8,7,3.276,38,0.9827,38,0.9827,,1,1.05,35,35,,0.9849,1,1,38,0,0.9,25,20,39,43,,,1.2,0.9844,7,7,7,0,41.8,0.92,1,1,0,0,,38,38,,2000,0,1,0,0,,,0,,35,0,1
07/24/2025,12,SEA,11,112.2,79570,120.6,,140.8,20.3,4.8,1,0,5.8,4,8,7,3.276,38,0.9827,38,0.9827,,1,1.05,35,35,,0.9849,1,1,38,0,0.9,0,0,39,43,,,1.2,0.9844,7,7,7,0,41.8,0.92,1,1,0,0,,38,38,,2000,0,1,0,0,,,0,,35,0,1
07/24/2025,13.18,EoSP,1.3,13.8,9470,121.4,,16.8,17.9,0.7,0.1,0,0.8,4,8,7,3.276,38,0.9827,38,0.9827,,1,1.05,35,35,,0.9849,1,1,38,0,0.9,0,0,39,43,,,1.2,0.9844,7,7,7,0,41.8,0.92,1,1,0,0,,38,38,,2000,0,1,0,0,,,0,,35,0,1
07/24/2025,17,FWE,3.7,0,16260,0,,28.8,0,0.6,0.3,0,0.9,4,8,7,3.276,38,0.9827,38,0.9827,,1,1.05,35,35,,0.9849,1,1,38,0,0.9,0,0,39,43,,,1.2,0.9844,7,7,7,0,41.8,0.92,1,1,0,0,,38,38,,2000,0,1,0,0,,,0,,35,0,1
07/25/2025,11.36,PORT,18.6,0,0,0,,0,0,0,1.9,1.6,3.5,4,8,7,3.276,38,0.9827,38,0.9827,,1,1.05,35,35,,0.9849,1,1,38,0,0.9,0,0,39,43,,,1.2,0.9844,7,7,7,0,41.8,0.92,1,1,0,0,,38,38,,2000,0,1,0,0,,,0,,35,0,1
07/25/2025,12,WAY,0.400000000000001,0,0,0,,0,0,0,0,0,0,4,8,7,3.276,38,0.9827,38,0.9827,,1,1.05,35,35,,0.9849,1,1,38,0,0.9,0,0,39,43,,,1.2,0.9844,7,7,7,0,41.8,0.92,1,1,0,0,,38,38,,2000,0,1,0,0,,,0,,35,0,1
07/25/2025,14.48,BoSP,2.8,0,18800,0,,33.3,0,1.2,0.3,0,1.5,4,8,7,3.276,38,0.9827,38,0.9827,,1,1.05,35,35,,0.9849,1,1,38,0,0.9,0,0,39,43,,,1.2,0.9844,7,7,7,0,41.8,0.92,1,1,0,0,,38,38,,2000,0,1,0,0,,,0,,35,0,1
07/26/2025,4.18,EoSP,13.5,118,97300,120.1,,172.1,31.4,5.8,1.4,0,7.2,4,8,7,3.276,38,0.9827,38,0.9827,,1,1.05,35,35,,0.9849,1,1,38,0,0.9,0,0,39,43,,,1.2,0.9844,7,7,7,0,41.8,0.92,1,1,0,0,,38,38,,2000,0,1,0,0,,,0,,35,0,1
07/26/2025,6,FWE,1.7,0,9900,0,,17.5,0,0.6,0.2,0,0.8,4,8,7,3.276,38,0.9827,38,0.9827,,1,1.05,35,35,,0.9849,1,1,38,0.2,0.9,0,0,39,43,,,1.2,0.9844,7,7,7,0,41.8,0.92,1,1,0,0,,38,38,,2000,0,1,0,0,,,0,,35,0,1
07/26/2025,12,PORT,6,0,0,0,,0,0,0,0.6,0.5,1.1,4,8,7,3.276,38,0.9827,38,0.9827,,1,1.05,35,35,,0.9849,1,1,38,0,0.9,0,0,39,43,,,1.2,0.9844,7,7,7,0,41.8,0.92,1,1,0,0,,38,38,,2000,0,1,0,0,,,0,,35,0,1
07/26/2025,15.12,PORT,3.2,0,0,0,,0,0,0,0.3,0.3,0.6,4,8,7,3.276,38,0.9827,38,0.9827,,1,1.05,35,35,,0.9849,1,1,38,0,0.9,0,0,39,43,,,1.2,0.9844,7,7,7,0,41.8,0.92,1,1,0,0,,38,38,,2000,0,1,0,0,,,0,,35,0,1
07/26/2025,16.18,FWE,1.1,0,2260,0,,4,0,0.1,0.1,0.1,0.3,4,8,7,3.276,38,0.9827,38,0.9827,,1,1.05,35,35,,0.9849,1,1,38,0,0.9,0,0,39,43,,,1.2,0.9844,7,7,7,0,41.8,0.92,1,1,0,0,,38,38,,2000,0,1,0,0,,,0,,35,0,1
07/27/2025,2.18,PORT,10,0,0,0,,0,0,0,1.1,0.8,1.9,4,8,7,3.276,38,0.9827,38,0.9827,,1,1.05,35,35,,0.9849,1,1,38,0,0.9,0,0,39,43,,,1.2,0.9844,7,7,7,0,41.8,0.92,1,1,0,0,,38,38,,2000,0,1,0,0,,,0,,35,0,1
07/27/2025,4.3,FWE,2.2,0,10480,0,,18.5,0,0.5,0.3,0.1,0.9,4,8,7,3.276,38,0.9827,38,0.9827,,1,1.05,35,35,,0.9849,1,1,38,0,0.9,0,0,39,43,,,1.2,0.9844,7,7,7,0,41.8,0.92,1,1,0,0,,38,38,,2000,0,1,0,0,,,0,,35,0,1
07/27/2025,8.42,ANCH,4.2,0,0,0,,0,0,0,0.4,0.3,0.7,4,8,7,3.276,38,0.9827,38,0.9827,,1,1.05,35,35,,0.9849,1,1,38,0,0.9,0,0,39,43,,,1.2,0.9844,7,7,7,0,41.8,0.92,1,1,0,0,,38,38,,2000,0,1,0,0,,,0,,35,0,1
07/27/2025,9.12,BoSP,0.499999999999999,0,1550,0,,2.7,0,0.1,0.1,0,0.2,4,8,7,3.276,38,0.9827,38,0.9827,,1,1.05,35,35,,0.9849,1,1,38,0,0.9,0,0,39,43,,,1.2,0.9844,7,7,7,0,41.8,0.92,1,1,0,0,,38,38,,2000,0,1,0,0,,,0,,35,0,1
07/27/2025,12,SEA,2.8,26,20280,120.7,,35.9,27.6,1.3,0.3,0,1.6,4,8,7,3.276,38,0.9827,38,0.9827,,1.1,1.05,35,35,,0.9849,1,1,38,0,0.9,0,0,39,43,,,1.2,0.9844,7,7,7,0,41.8,0.92,1,1,0,0,,38,38,,2000,0,1,0,0,,,0,,35,0,1
07/27/2025,21.12,EoSP,9.2,96,67040,121.4,,118.6,19.1,4.6,0.9,0,5.5,4,8,7,3.276,38,0.9827,38,0.9827,,1.1,1.05,35,35,,0.9849,1,1,38,0,0.9,0,0,39,43,,,1.2,0.9844,7,7,7,0,41.8,0.92,1,1,0,0,,38,38,,2000,0,1,0,0,,,0,,35,0,1
07/28/2025,1.18,FWE,4.1,0,17950,0,,31.8,0,1.2,0.5,0,1.7,4,8,7,3.276,38,0.9827,38,0.9827,,1.1,1.05,35,35,,0.9849,1,1,38,0,0.9,0,0,39,43,,,1.2,0.9844,7,7,7,0,41.8,0.92,1,1,0,0,,38,38,,2000,0,1,0,0,,,0,,35,0,1
07/28/2025,12,PORT,10.7,0,0,0,,0,0,0,1.1,0.8,1.9,4,8,7,3.276,38,0.9827,38,0.9827,,1.1,1.05,35,35,,0.9849,1.05,1,38,0,0.9,0,0,39,43,,,1.2,0.9844,7,7,7,0,41.8,0.92,1,1,0,0,,38,38,,2000,0,1,0,0,,,0,,35,0,1
07/28/2025,16.3,PORT,4.5,0,0,0,,0,0,0,0.5,0.3,0.8,4,8,7,3.276,38,0.9827,38,0.9827,,1.1,1.05,35,35,,0.9849,1.05,1,38,0,0.9,0,0,39,43,,,1.2,0.9844,7,7,7,0,41.8,0.92,1,1,0,0,,38,38,,2000,0,1,0,0,,,0,,35,0,1
07/28/2025,19,BoSP,2.5,0,15470,0,,27.4,0,1.2,0.3,0,1.5,4,8,7,3.276,38,0.9827,38,0.9827,,1.1,1.05,35,35,,0.9849,1.05,1,38,0,0.9,0,0,39,43,,,1.2,0.9844,7,7,7,0,41.8,0.92,1,1,0,0,,38,38,,2000,0,1,0,0,,,0,,35,0,1
07/29/2025,8.42,EoSP,13.7,120,96200,117,,170.2,29.5,6,1.5,0.1,7.6,4,8,7,3.276,38,0.9827,38,0.9827,,1.1,1.05,35,35,,0.9849,1.05,1,38,0,0.9,0,0,39,43,,,1.2,0.9844,7,7,7,0,41.8,0.92,1,1,0,0,,38,38,,2000,0,1,0,0,,,0,,35,0,1
07/29/2025,12,WAY,3.3,0,3550,0,,6.3,0,0.2,0.3,0.1,0.6,4,8,7,3.276,38,0.9827,38,0.9827,,1.1,1.05,35,35,,0.9849,1.05,1,38,0,0.9,0,0,39,43,,,1.2,0.9844,7,7,7,0,41.8,0.92,1,1,0,0,,38,38,,2000,0,1,0,0,,,0,,35,0,1
07/29/2025,15.36,FWE,3.6,0,8910,0,,15.8,0,0.5,0.4,0.2,1.1,4,8,7,3.276,38,0.9827,38,0.9827,,1.1,1.05,35,35,,0.9849,1.05,1,38,0,0.9,0,0,39,43,,,1.2,0.9844,7,7,7,0,41.8,0.92,1,1,0,0,,38,38,,2000,0,1,0,0,,,0,,35,0,1
07/30/2025,7.48,PORT,16.2,0,0,0,,0,0,0,1.7,1.3,3,4,8,7,3.276,38,0.9827,38,0.9827,,1,1.05,35,35,,0.9849,1.05,1,38,0,0.9,0,0,39,43,,,1.2,0.9844,7,7,7,0,41.8,0.92,1,1,0,0,,38,38,,2000,0,1,0,0,,,0,,35,0,1
07/30/2025,10,FWE,2.2,0,10550,0,,18.7,0,0.5,0.3,0,0.8,4,8,7,3.276,38,0.9827,38,0.9827,,1,1.05,35,35,,0.9849,1.05,1,38,0,0.9,0,0,39,43,,,1.2,0.9844,7,7,7,0,41.8,0.92,1,1,0,0,,38,38,,2000,0,1,0,0,,,0,,35,0,1
07/30/2025,12,ANCH,2,0,0,0,,0,0,0,0.2,0.1,0.3,4,8,7,3.276,38,0.9827,38,0.9827,,1,1.05,35,35,,0.9849,1.05,1,38,0,0.9,0,0,39,43,,,1.2,0.9844,7,7,7,0,41.8,0.92,1,1,0,0,,38,38,,2000,0,1,0,0,,,0,,35,0,1
07/30/2025,16.3,ANCH,4.5,0,0,0,,0,0,0,0.5,0.5,1,4,8,7,3.276,38,0.9827,38,0.9827,,1.1,1.05,35,35,,0.9849,1.05,1,38,0,0.9,0,0,39,43,,,1.3,0.9844,7,7,7,0,41.8,0.92,1,1,0,0,,38,38,,2000,0,1,0,0,,,0,,35,0,1
07/30/2025,17,BoSP,0.499999999999999,0,1540,0,,2.7,0,0.1,0.1,0,0.2,4,8,7,3.276,38,0.9827,38,0.9827,,1.1,1.05,35,35,,0.9849,1.05,1,38,0,0.9,0,0,39,43,,,1.3,0.9844,7,7,7,0,41.8,0.92,1,1,0,0,,38,38,,2000,0,1,0,0,,,0,,35,0,1
07/31/2025,5.42,EoSP,12.7,121,88580,116.2,,156.7,22.8,5.5,1.4,0,6.9,4,8,7,3.276,38,0.9827,38,0.9827,,1.1,1.05,35,35,,0.9849,1.05,1,38,0,0.9,0,0,39,43,,,1.3,0.9844,7,7,7,0,41.8,0.92,1,1,0,0,,38,38,,2000,0,1,0,0,,,0,,35,0,1
07/31/2025,6.18,FWE,0.6,0,2260,0,,4,0,0,0.1,0,0.1,4,8,7,3.276,38,0.9827,38,0.9827,,1.1,1.05,35,35,,0.9849,1.05,1,38,0,0.9,0,0,39,43,,,1.3,0.9844,7,7,7,0,41.8,0.92,1,1,0,0,,38,38,,2000,0,1,0,0,,,0,,35,0,1
07/31/2025,12,ANCH,5.7,0,0,0,,0,0,0,0.6,0.5,1.1,4,8,7,3.276,38,0.9827,38,0.9827,,1.1,1.05,35,35,,0.9849,1.05,1,38,0,0.9,0,0,39,43,,,1.3,0.9844,7,7,7,0,41.8,0.92,1,1,0,0,,38,38,,2000,0,1,0,0,,,0,,35,0,1
07/31/2025,16.42,FWE,4.7,0,19760,0,,35,0,1,0.6,0.3,1.9,4,8,7,3.276,38,0.9827,38,0.9827,,1.1,1.05,35,35,,0.9849,1.05,1,38,0,0.9,0,0,39,43,,,1.3,0.9844,7,7,7,0,41.8,0.92,1,1,0,0,,38,38,,2000,0,1,0,0,,,0,,35,0,1
08/01/2025,12,PORT,19.3,0,0,0,,0,0,0,2,1.5,3.5,4,8,7,3.276,38,0.9827,38,0.9827,,1.1,1.05,35,35,,0.9849,1.2,1,38,0,0.9,0,0,39,43,,,1.2,0.9844,7,7,7,0,41.8,0.92,1,1,0,0,,38,38,,2000,0,1,0,0,,,0,,35,0,1
08/01/2025,20.36,PORT,8.6,0,0,0,,0,0,0,0.9,0.6,1.5,4,8,7,3.276,38,0.9827,38,0.9827,,1.1,1.05,35,35,,0.9849,1.2,1,38,0,0.9,0,0,39,43,,,1.2,0.9844,7,7,7,0,41.8,0.92,1,1,0,0,,38,38,,2000,0,1,0,0,,,0,,35,0,1
08/01/2025,23,BoSP,2.4,0,14710,0,,26,0,1.2,0.3,0.1,1.6,4,8,7,3.276,38,0.9827,38,0.9827,,1.1,1.05,35,35,,0.9849,1.2,1,38,0,0.9,0,0,39,43,,,1.2,0.9844,7,7,7,0,41.8,0.92,1,1,0,0,,38,38,,2000,0,1,0,0,,,0,,35,0,1
08/02/2025,12,EoSP,13,117,91430,117.2,,161.7,27.6,5.8,1.4,0,7.2,4,8,7,3.276,38,0.9827,38,0.9827,,1.1,1.05,35,35,,0.9849,1.2,1,38,0,0.9,0,0,39,43,,,1.2,0.9844,7,7,7,0,41.8,0.92,1,1,0,0,,38,38,,2000,0,1,0,0,,,0,,35,0,1
08/02/2025,18.42,FWE,6.7,0,13960,0,,24.7,0,0.7,0.7,0.4,1.8,4,8,7,3.276,38,0.9827,38,0.9827,,1.1,1.05,35,35,,0.9849,1.2,1,38,0,0.8,0,0,39,43,,,1.2,0.9844,7,7,7,0,41.8,0.92,1,1,0,0,,38,38,,2000,0,1,0,0,,,0,,35,0,1
08/03/2025,10.12,PORT,15.5,0,0,0,,0,0,0,1.6,1.1,2.7,4,8,7,3.276,38,0.9827,38,0.9827,,1.1,1.05,35,35,,0.9849,1.2,1,38,0,0.8,0,0,39,43,,,1.2,0.9844,7,7,7,0,41.8,0.92,1,1,0,0,,38,38,,2000,0,1,0,0,,,0,,35,0,1
08/03/2025,11.18,BoSP,1.1,0,4190,0,,7.4,0,0.3,0.1,0,0.4,4,8,7,3.276,38,0.9827,38,0.9827,,1.1,1.05,35,35,,0.9849,1.2,1,38,0,0.8,0,0,39,43,,,1.2,0.9844,7,7,7,0,41.8,0.92,1,1,0,0,,38,38,,2000,0,1,0,0,,,0,,35,0,1
08/03/2025,12,SEA,0.7,7,5080,121,,9,22.2,0.3,0.1,0,0.4,4,8,7,3.276,38,0.9827,38,0.9827,,1.05,1.05,35,35,,0.9849,1.2,1,38,0,0.8,0,0,39,43,,,1.2,0.9844,7,7,7,0,41.8,0.92,1,1,0,0,,38,38,,2000,0,1,0,0,,,0,,35,0,1
08/03/2025,23.48,EoSP,11.8,124,86110,121.6,,152.3,18.6,5.5,1.2,0,6.7,4,8,7,3.276,38,0.9827,38,0.9827,,1.05,1.05,35,35,,0.9849,1.2,1,38,0,0.8,0,0,39,43,,,1.2,0.9844,7,7,7,0,41.8,0.92,1,1,0,0,,38,38,,2000,0,1,0,0,,,0,,35,0,1
08/04/2025,3.18,FWE,3.5,0,18240,0,,32.3,0,1.1,0.4,0.1,1.6,4,8,7,3.276,38,0.9827,38,0.9827,,1.05,1.1,35,35,,0.9849,1,1,38,0,0.8,0,0,39,43,,,1.2,0.9844,7,7,7,0,41.8,0.92,1,1,0,0,,38,38,,2000,0,1,0,0,,,0,,35,0,1
08/04/2025,12,PORT,8.7,0,0,0,,0,0,0,1,0.7,1.7,4,8,7,3.276,38,0.9827,38,0.9827,,1.05,1.1,35,35,,0.9849,1,1,38,0,0.8,0,0,39,43,,,1.2,0.9844,7,7,7,0,41.8,0.92,1,1,0,0,,38,38,,2000,0,1,0,0,,,0,,35,0,1
08/04/2025,22,PORT,10,0,0,0,,0,0,0,1.2,0.7,1.9,4,8,7,3.276,38,0.9827,38,0.9827,,1.05,1.1,35,35,,0.9849,1,1,38,0,0.8,0,0,39,43,,,1.2,0.9844,7,7,7,0,41.8,0.92,1,1,0,0,,38,38,,2000,0,1,0,0,,,0,,35,0,1
08/05/2025,0.3,BoSP,2.5,0,16480,0,,29.2,0,1.2,0.3,0,1.5,4,8,7,3.276,38,0.9827,38,0.9827,,1.05,1.1,35,35,,0.9849,1,1,38,0,0.8,0,0,39,43,,,1.2,0.9844,7,7,7,0,41.8,0.92,1,1,0,0,,38,38,,2000,0,1,0,0,,,0,,35,0,1
08/05/2025,12,SEA,11.5,113,84910,123.1,,150.2,24.8,5.6,1.2,0,6.8,4,8,7,3.276,38,0.9827,38,0.9827,,1.05,1.1,35,35,,0.9849,1,1,38,0,0.8,0,0,39,43,,,1.2,0.9844,7,7,7,0,41.8,0.92,1,1,0,0,,38,38,,2000,0,1,0,0,,,0,,35,0,1
08/05/2025,13.06,EoSP,1.1,10,8140,123.3,,14.4,30.6,0.6,0.1,0,0.7,4,8,7,3.276,38,0.9827,38,0.9827,,1.05,1.1,35,35,,0.9849,1,1,38,0,0.8,0,0,39,43,,,1.2,0.9844,7,7,7,0,41.8,0.92,1,1,0,0,,38,38,,2000,0,1,0,0,,,0,,35,0,1
08/05/2025,15.3,FWE,2.4,0,12780,0,,22.6,0,0.6,0.3,0,0.9,4,8,7,3.276,38,0.9827,38,0.9827,,1,1.1,35,35,,0.9849,1,1,38,0,0.8,0,0,39,43,,,1.2,0.9844,7,7,7,0,41.8,0.92,1,1,0,0,,38,38,,2000,0,1,0,0,,,0,,35,0,1
08/06/2025,6.36,PORT,15.1,0,0,0,,0,0,0,1.6,1.2,2.8,4,8,7,3.276,38,0.9827,38,0.9827,,1,1.1,35,35,,0.9849,1,1,38,0,0.8,0,0,39,43,,,1.2,0.9844,7,7,7,0,41.8,0.92,1,1,0,0,,38,38,,2000,0,1,0,0,,,0,,35,0,1
08/06/2025,7.42,BoSP,1.1,0,4510,0,,8,0,0.2,0.1,0.1,0.4,4,8,7,3.276,38,0.9827,38,0.9827,,1,1.1,35,35,,0.9849,1,1,38,0,0.8,0,0,39,43,,,1.2,0.9844,7,7,7,0,41.8,0.92,1,1,0,0,,38,38,,2000,0,1,0,0,,,0,,35,0,1
08/06/2025,12,SEA,4.3,49,31620,122.6,,55.9,12.3,1.8,0.5,0,2.3,4,8,7,3.276,38,0.9827,38,0.9827,,1,1.1,35,35,,0.9849,1,1,38,0,0.8,0,0,39,43,,,1.2,0.9844,7,7,7,0,41.8,0.92,1,1,0,0,,38,38,,2000,0,1,0,0,,,0,,35,0,1
08/06/2025,19.42,EoSP,7.7,78,56990,123.4,,100.8,22.6,3.4,0.8,0,4.2,4,8,7,3.276,38,0.9827,38,0.9827,,1,1.1,35,35,,0.9849,1,1,38,0,0.8,0,0,39,43,,,1.2,0.9844,7,7,7,0,41.8,0.92,1,1,0,0,,38,38,,2000,0,1,0,0,,,0,,35,0,1
08/06/2025,22.36,FWE,2.9,0,18290,0,,32.4,0,1.1,0.4,0,1.5,4,8,7,3.276,38,0.9827,38,0.9827,,1,1.1,35,35,,0.9849,1,1,38,0,0.8,0,0,39,43,,,1.2,0.9844,7,7,7,0,41.8,0.92,1,1,0,0,,38,38,,2000,0,1,0,0,,,0,,35,0,1
08/07/2025,12,PORT,13.4,0,0,0,,0,0,0,1.5,1.1,2.6,4,8,7,3.276,38,0.9827,38,0.9827,,1,1.1,35,35,,0.9849,1,1,38,0,0.8,0,0,39,43,,,1.2,0.9844,7,7,7,0,41.8,0.92,1,1,0,0,,38,38,,2000,0,1,0,0,,,0,,35,0,1
08/07/2025,18.3,PORT,6.5,0,0,0,,0,0,0,0.8,0.5,1.3,4,8,7,3.276,38,0.9827,38,0.9827,,1,1.1,35,35,,0.9849,1,1,38,0,0.8,0,0,39,43,,,1.2,0.9844,7,7,7,0,41.8,0.92,1,1,0,0,,38,38,,2000,0,1,0,0,,,0,,35,0,1
08/07/2025,21,BoSP,2.5,0,15550,0,,27.5,0,1.1,0.3,0.1,1.5,4,8,7,3.276,38,0.9827,38,0.9827,,1,1.1,35,35,,0.9849,1.2,1,38,0,0.8,0,0,39,43,,,1.2,0.9844,7,7,7,0,41.8,0.92,1,1,0,0,,38,38,,2000,0,1,0,0,,,0,,35,0,1
08/08/2025,10.18,EoSP,13.3,121,93890,117.7,,166.1,27.2,5.2,1.5,0,6.7,4,8,7,3.276,38,0.9827,38,0.9827,,1,1.1,35,35,,0.9849,1.2,1,38,0,0.8,0,0,39,43,,,1.2,0.9844,7,7,7,0,41.8,0.92,1,1,0,0,,38,38,,2000,0,1,0,0,,,0,,35,0,1
08/08/2025,10.48,FWE,0.500000000000001,0,2040,0,,3.6,0,0,0.1,0,0.1,4,8,7,3.276,38,0.9827,38,0.9827,,1,1.1,35,35,,0.9849,1.2,1,38,0,0.8,0,0,39,43,,,1.2,0.9844,7,7,7,0,41.8,0.92,1,1,0,0,,38,38,,2000,0,1,0,0,,,0,,35,0,1
08/08/2025,12,ANCH,1.2,0,0,0,,0,0,0,0.1,0,0.1,4,8,7,3.276,38,0.9827,38,0.9827,,1,1.1,35,35,,0.9849,1.2,1,38,0,0.8,0,0,39,43,,,1.2,0.9844,7,7,7,0,41.8,0.92,1,1,0,0,,38,38,,2000,0,1,0,0,,,0,,35,0,1
08/08/2025,18.06,ANCH,6.1,0,0,0,,0,0,0,0.7,0.5,1.2,4,8,7,3.276,38,0.9827,38,0.9827,,1,1.1,35,35,,0.9849,1.2,1,38,0,0.8,0,0,39,43,,,1.2,0.9844,7,7,7,0,41.8,0.92,1,1,0,0,,38,38,,2000,0,1,0,0,,,0,,35,0,1
08/08/2025,21.42,FWE,3.60000000000001,0,11880,0,,21,0,0.8,0.4,0.1,1.3,4,8,7,3.276,38,0.9827,38,0.9827,,1.1,1.1,35,35,,0.9849,1,1,38,0,0.8,0,0,39,43,,,1.2,0.9844,7,7,7,0,41.8,0.92,1,1,0,0,,38,38,,2000,0,1,0,0,,,0,,35,0,1
08/09/2025,12,PORT,14.3,0,0,0,,0,0,0,1.6,1,2.6,4,8,7,3.276,38,0.9827,38,0.9827,,1.1,1.1,35,35,,0.9849,1,1,38,0,0.8,0,0,39,43,,,1.2,0.9844,7,7,7,0,41.8,0.92,1,1,0,0,,38,38,,2000,0,1,0,0,,,0,,35,0,1
08/09/2025,12.18,PORT,0.3,0,0,0,,0,0,0,0,0,0,4,8,7,3.276,38,0.9827,38,0.9827,,1.1,1.1,35,35,,0.9849,1,1,38,0,0.8,0,0,39,43,,,1.2,0.9844,7,7,7,0,41.8,0.92,1,1,0,0,,38,38,,2000,0,1,0,0,,,0,,35,0,1
08/09/2025,13.12,BoSP,0.899999999999999,0,4190,0,,7.4,0,0.2,0.2,0,0.4,4,8,7,3.276,38,0.9827,38,0.9827,,1.1,1.1,35,35,,0.9849,1,1,38,0,0.8,0,0,39,43,,,1.2,0.9844,7,7,7,0,41.8,0.92,1,1,0,0,,38,38,,2000,0,1,0,0,,,0,,35,0,1
08/10/2025,1.42,EoSP,12.5,121,91680,122.2,,162.2,25.4,6.2,1.3,0,7.5,4,8,7,3.276,38,0.9827,38,0.9827,,1.1,1.1,35,35,,0.9849,1,1,38,0,0.8,25,25,39,43,,,1.2,0.9844,7,7,7,0,41.8,0.92,1,1,0,0,,38,38,,2000,0,1,0,0,,,0,,35,0,1
08/10/2025,2.12,FWE,0.5,0,1390,0,,2.5,0,0,0.1,0.1,0.2,4,8,7,3.276,38,0.9827,38,0.9827,,1.1,1.1,35,35,,0.9849,1,1,38,0,0.8,25,25,39,43,,,1.2,0.9844,7,7,7,0,41.8,0.92,1,1,0,0,,38,38,,2000,0,1,0,0,,,0,,35,0,1
08/10/2025,11.3,ANCH,9.3,0,0,0,,0,0,0,1.1,0.7,1.8,4,8,7,3.276,38,0.9827,38,0.9827,,1.1,1.1,35,35,,0.9849,1,1,38,0,0.8,25,25,39,43,,,1.2,0.9844,7,7,7,0,41.8,0.92,1,1,0,0,,38,38,,2000,0,1,0,0,,,0,,35,0,1
08/10/2025,12,WAY,0.499999999999999,0,0,0,,0,0,0,0,0,0,4,8,7,3.276,38,0.9827,38,0.9827,,1.1,1.1,35,35,,0.9849,1,1,38,0,0.8,25,25,39,43,,,1.2,0.9844,7,7,7,0,41.8,0.92,1,1,0,0,,38,38,,2000,0,1,0,0,,,0,,35,0,1
08/10/2025,15.18,FWE,3.3,0,14640,0,,25.9,0,0.8,0.5,0.2,1.5,4,8,7,3.276,38,0.9827,38,0.9827,,1.1,1.1,35,35,,0.9849,1,1,38,0,0.8,25,25,39,43,,,1.2,0.9844,7,7,7,0,41.8,0.92,1,1,0,0,,38,38,,2000,0,1,0,0,,,0,,35,0,1
08/11/2025,12,PORT,20.7,0,0,0,,0,0,0,2.3,1.6,3.9,4,8,7,3.276,38,0.9827,38,0.9827,,1.1,1.1,35,35,,0.9849,1,1,38,0,0.8,25,25,39,43,,,1.2,0.9844,7,7,7,0,41.8,0.92,1,1,0,0,,38,38,,2000,0,1,0,0,,,0,,35,0,1
08/11/2025,18.36,PORT,6.6,0,0,0,,0,0,0,0.8,0.5,1.3,4,8,7,3.276,38,0.9827,38,0.9827,,1.1,1.1,35,35,,0.9849,1,1,38,0,0.8,25,25,39,43,,,1.2,0.9844,7,7,7,0,41.8,0.92,1,1,0,0,,38,38,,2000,0,1,0,0,,,0,,35,0,1
08/11/2025,21,BoSP,2.4,0,16180,0,,28.6,0,1.4,0.3,0,1.7,4,8,7,3.276,38,0.9827,38,0.9827,,1.2,1.1,35,35,,0.9849,1,1,38,0,0.8,25,25,39,43,,,1.2,0.9844,7,7,7,0,41.8,0.92,1,1,0,0,,38,38,,2000,0,1,0,0,,,0,,35,0,1
08/12/2025,10,EoSP,13,122,95100,121.9,,168.2,27.5,6.5,1.4,0,7.9,4,8,7,3.276,38,0.9827,38,0.9827,,1.1,1.1,35,35,,0.9849,1,1,38,0,0.8,25,25,39,43,,,1.2,0.9844,7,7,7,0,41.8,0.92,1,1,0,0,,38,38,,2000,0,1,0,0,,,0,,35,0,1
08/12/2025,12,WAY,2,0,10630,0,,18.8,0,0.6,0.3,0.1,1,4,8,7,3.276,38,0.9827,38,0.9827,,1.1,1.1,35,35,,0.9849,1,1,38,0,0.8,25,25,39,43,,,1.2,0.9844,7,7,7,0,41.8,0.92,1,1,0,0,,38,38,,2000,0,1,0,0,,,0,,35,0,1
08/12/2025,12.24,FWE,0.4,0,0,0,,0,0,0,0,0,0,4,8,7,3.276,38,0.9827,38,0.9827,,1.1,1.1,35,35,,0.9849,1,1,38,0,0.8,25,25,39,43,,,1.2,0.9844,7,7,7,0,41.8,0.92,1,1,0,0,,38,38,,2000,0,1,0,0,,,0,,35,0,1
08/13/2025,1,PORT,12.6,0,0,0,,0,0,0,1.5,0.9,2.4,4,8,7,3.276,38,0.9827,38,0.9827,,1.1,1.1,35,35,,0.9849,1,1,38,0,0.8,25,25,39,43,,,1.2,0.9844,7,7,7,0,41.8,0.92,1,1,0,0,,38,38,,2000,0,1,0,0,,,0,,35,0,1
08/13/2025,2.18,BoSP,1.3,0,5550,0,,9.8,0,0.2,0.2,0,0.4,4,8,7,3.276,38,0.9827,38,0.9827,,1.1,1.1,35,35,,0.9849,1,1,38,0,0.8,25,25,39,43,,,1.2,0.9844,7,7,7,0,41.8,0.92,1,1,0,0,,38,38,,2000,0,1,0,0,,,0,,35,0,1
08/13/2025,12,SEA,9.7,100,71850,123.5,,127.1,21.3,4.3,1.1,0,5.4,4,8,7,3.276,38,0.9827,38,0.9827,,1,1.1,35,35,,0.9849,1,1,38,0,0.8,25,25,39,43,,,1.2,0.9844,7,7,7,0,41.8,0.92,1,1,0,0,,38,38,,2000,0,1,0,0,,,0,,35,0,1
08/13/2025,14.42,EoSP,2.7,27,19800,122.2,,35,22.9,1.2,0.3,0,1.5,4,8,7,3.276,38,0.9827,38,0.9827,,1,1.1,35,35,,0.9849,1,1,38,0,0.8,25,25,39,43,,,1.2,0.9844,7,7,7,0,41.8,0.92,1,1,0,0,,38,38,,2000,0,1,0,0,,,0,,35,0,1
08/13/2025,15.06,FWE,0.400000000000001,27,0,0,,0,0,0,0,0,0,4,8,7,3.276,38,0.9827,38,0.9827,,1,1.1,35,35,,0.9849,1,1,38,0,0.8,25,25,39,43,,,1.2,0.9844,7,7,7,0,41.8,0.92,1,1,0,0,,38,38,,2000,0,1,0,0,,,0,,35,0,1
08/14/2025,12,ANCH,20.9,0,0,0,,0,0,0,2.4,1.7,4.1,4,8,7,3.276,38,0.9827,38,0.9827,,1,1.1,35,35,,0.9849,1,1,38,0,0.8,25,25,39,43,,,1.3,0.9844,7,7,7,0,41.8,0.92,1,1,0,0,,38,38,,2000,0,1,0,0,,,0,,35,0,1
08/15/2025,12,ANCH,24,0,0,0,,0,0,0,2.7,2.1,4.8,4,8,7,3.276,38,0.9827,38,0.9827,,1,1.1,35,35,,0.9849,1,1,38,0,0.8,25,25,39,43,,,1.4,0.9844,7,7,7,0,41.8,0.92,1,1,0,0,,38,38,,2000,0,1,0,0,,,0,,35,0,1
08/15/2025,20.3,ANCH,8.5,0,0,0,,0,0,0,1,0.8,1.8,4,8,7,3.276,38,0.9827,38,0.9827,,1,1.1,35,35,,0.9849,1,1,38,0,0.8,25,25,39,43,,,1.4,0.9844,7,7,7,0,41.8,0.92,1,1,0,0,,38,38,,2000,0,1,0,0,,,0,,35,0,1
08/16/2025,1.54,FWE,5.4,0,20780,0,,36.8,0,1,0.7,0.2,1.9,4,8,7,3.276,38,0.9827,38,0.9827,,1,1.1,35,35,,0.9849,1,1,38,0,0.8,25,25,39,43,,,1.4,0.9844,7,7,7,0,41.8,0.92,1,1,0,0,,38,38,,2000,0,1,0,0,,,0,,35,0,1
08/16/2025,12,PORT,10.1,0,0,0,,0,0,0,1.1,0.7,1.8,4,8,7,3.276,38,0.9827,38,0.9827,,1,1.1,35,35,,0.9849,1,1,38,0,0.8,25,25,39,43,,,1.4,0.9844,7,7,7,0,41.8,0.92,1,1,0,0,,38,38,,2000,0,1,0,0,,,0,,35,0,1
08/17/2025,6.42,PORT,18.7,0,0,0,,0,0,0,2.1,1.6,3.7,4,8,7,3.276,38,0.9827,38,0.9827,,1,1.1,35,35,,0.9849,1,1,38,0,0.8,25,25,39,43,,,1.4,0.9844,7,7,7,0,41.8,0.92,1,1,0,0,,38,38,,2000,0,1,0,0,,,0,,35,0,1
08/17/2025,9.12,BoSP,2.5,0,15460,0,,27.3,0,1,0.3,0.1,1.4,4,8,7,3.276,38,0.9827,38,0.9827,,1,1.1,35,35,,0.9849,1,1,38,0,0.8,25,25,39,43,,,1.4,0.9844,7,7,7,0,41.8,0.92,1,1,0,0,,38,38,,2000,0,1,0,0,,,0,,35,0,1
08/17/2025,12,SEA,2.8,26,21025,125.1,,37.2,30.1,1.3,0.3,0,1.6,4,8,7,3.276,38,0.9827,38,0.9827,,1,1.1,35,35,,0.9849,1,1,38,0,0.8,25,25,39,43,,,1.4,0.9844,7,7,7,0,41.8,0.92,1,1,0,0,,38,38,,2000,0,1,0,0,,,0,,35,0,1
08/17/2025,22,EoSP,10,93,72645,121.1,,128.5,27.6,4.4,1,0,5.4,4,8,7,3.276,38,0.9827,38,0.9827,,1,1.1,35,35,,0.9849,1,1,38,0,0.8,25,25,39,43,,,1.4,0.9844,7,7,7,0,41.8,0.92,1,1,0,0,,38,38,,2000,0,1,0,0,,,0,,35,0,1
08/18/2025,8.24,FWE,10.4,0,12840,0,,22.7,0,0.4,1.1,0.7,2.2,4,8,7,3.276,38,0.9827,38,0.9827,,1,1.1,35,35,,0.9849,1,1,38,0,0.8,25,25,39,43,,,1.4,0.9844,7,7,7,0,41.8,0.92,1,1,0,0,,38,38,,2000,0,1,0,0,,,0,,35,0,1
08/18/2025,12,PORT,3.6,0,0,0,,0,0,0,0.4,0.3,0.7,4,8,7,3.276,38,0.9827,38,0.9827,,1,1.1,35,35,,0.9849,1,1,38,0,0.8,25,25,39,43,,,1.4,0.9844,7,7,7,0,41.8,0.92,1,1,0,0,,38,38,,2000,0,1,0,0,,,0,,35,0,1
08/19/2025,3.18,PORT,15.3,0,0,0,,0,0,0,1.6,1.1,2.7,4,8,7,3.276,38,0.9827,38,0.9827,,1,1.1,35,35,,0.9849,1,1,38,0,0.8,25,25,39,43,,,1.4,0.9844,7,7,7,0,41.8,0.92,1,1,0,0,,38,38,,2000,0,1,0,0,,,0,,35,0,1
08/19/2025,4.12,BoSP,0.9,0,2880,0,,5.1,0,0.1,0.1,0.1,0.3,4,8,7,3.276,38,0.9827,38,0.9827,,1,1.1,35,35,,0.9849,1,1,38,0,0.8,25,25,39,43,,,1.4,0.9844,7,7,7,0,41.8,0.92,1,1,0,0,,38,38,,2000,0,1,0,0,,,0,,35,0,1
08/19/2025,12,SEA,7.8,80,57420,122.7,,101.6,21.3,3.4,0.8,0,4.2,4,8,7,3.276,38,0.9827,38,0.9827,,1,1.1,35,35,,0.9849,1,1,38,0,0.8,25,0,39,43,,,1.4,0.9844,7,7,7,0,41.8,0.92,1,1,0,0,,38,38,,2000,0,1,0,0,,,0,,35,0,1
08/19/2025,17,EoSP,5,53,36850,122.8,,65.2,18.7,2.2,0.6,0,2.8,4,8,7,3.276,38,0.9827,38,0.9827,,1,1.1,35,35,,0.9849,1,1,38,0,0.8,25,0,39,43,,,1.4,0.9844,7,7,7,0,41.8,0.92,1,1,0,0,,38,38,,2000,0,1,0,0,,,0,,35,0,1
08/19/2025,20,FWE,3,0,16630,0,,29.4,0,1,0.4,0,1.4,4,8,7,3.276,38,0.9827,38,0.9827,,1,1.1,35,35,,0.9849,1,1,38,0,0.8,25,0,39,43,,,1.4,0.9844,7,7,7,0,41.8,0.92,1,1,0,0,,38,38,,2000,0,1,0,0,,,0,,35,0,1
08/20/2025,12,PORT,16,0,0,0,,0,0,0,1.7,1.3,3,4,8,7,3.276,38,0.9827,38,0.9827,,1,1.1,35,35,,0.9849,1,1,38,0,0.8,25,0,39,43,,,1.4,0.9844,7,7,7,0,41.8,0.92,1,1,0,0,,38,38,,2000,0,1,0,0,,,0,,35,0,1
08/20/2025,18.12,PORT,6.2,0,0,0,,0,0,0,0.7,0.5,1.2,4,8,7,3.276,38,0.9827,38,0.9827,,1,1.1,35,35,,0.9849,1,1,38,0,0.8,25,0,39,43,,,1.4,0.9844,7,7,7,0,41.8,0.92,1,1,0,0,,38,38,,2000,0,1,0,0,,,0,,35,0,1
08/20/2025,21,BoSP,2.8,0,15580,0,,27.6,0,0.9,0.3,0,1.2,4,8,7,3.276,38,0.9827,38,0.9827,,1,1.1,35,35,,0.9849,1,1,38,0,0.8,25,0,39,43,,,1.4,0.9844,7,7,7,0,41.8,0.92,1,1,0,0,,38,38,,2000,0,1,0,0,,,0,,35,0,1
08/21/2025,10.3,EoSP,13.5,123,95470,117.9,,168.9,27.2,5.3,1.6,0,6.9,4,8,7,3.276,38,0.9827,38,0.9827,,1,1.1,35,35,,0.9849,1,1,38,0,0.8,25,0,39,43,,,1.4,0.9844,7,7,7,0,41.8,0.92,1,1,0,0,,38,38,,2000,0,1,0,0,,,0,,35,0,1
08/21/2025,12,FWE,1.5,0,7800,0,,13.8,0,0.4,0.2,0,0.6,4,8,7,3.276,38,0.9827,38,0.9827,,1,1.1,35,35,,0.9849,1,1,38,0,0.8,25,0,39,43,,,1.4,0.9844,7,7,7,0,41.8,0.92,1,1,0,0,,38,38,,2000,0,1,0,0,,,0,,35,0,1
08/22/2025,6.42,PORT,18.7,0,0,0,,0,0,0,2,1.6,3.6,4,8,7,3.276,38,0.9827,38,0.9827,,1,1.1,35,35,,0.9849,1,1,38,0,0.8,25,0,39,43,,,1.4,0.9844,7,7,7,0,41.8,0.92,1,1,0,0,,38,38,,2000,0,1,0,0,,,0,,35,0,1
08/22/2025,7.48,BoSP,1.1,0,4360,0,,7.7,0,0.2,0.1,0.1,0.4,4,8,7,3.276,38,0.9827,38,0.9827,,1,1.1,35,35,,0.9849,1,1,38,0,0.8,0,0,39,43,,,1.4,0.9844,7,7,7,0,41.8,0.92,1,1,0,0,,38,38,,2000,0,1,0,0,,,0,,35,0,1
08/22/2025,12,SEA,4.2,41,31390,124.6,,55.5,26.1,2.1,0.5,0,2.6,4,8,7,3.276,38,0.9827,38,0.9827,,1.1,1.1,35,35,,0.9849,1,1,38,0,0.8,0,0,39,43,,,1.4,0.9844,7,7,7,0,41.8,0.92,1,1,0,0,,38,38,,2000,0,1,0,0,,,0,,35,0,1
08/22/2025,20,EoSP,8,83,58350,121.6,,103.2,19.6,3.9,0.9,0,4.8,4,8,7,3.276,38,0.9827,38,0.9827,,1.1,1.1,35,35,,0.9849,1,1,38,0,0.8,0,0,39,43,,,1.4,0.9844,7,7,7,0,41.8,0.92,1,1,0,0,,38,38,,2000,0,1,0,0,,,0,,35,0,1
08/22/2025,23.06,FWE,3.1,0,17780,0,,31.5,0,1.2,0.4,0,1.6,4,8,7,3.276,38,0.9827,38,0.9827,,1.1,1.1,35,35,,0.9849,1,1,38,0,0.8,0,0,39,43,,,1.4,0.9844,7,7,7,0,41.8,0.92,1,1,0,0,,38,38,,2000,0,1,0,0,,,0,,35,0,1
08/23/2025,12,PORT,12.9,0,0,0,,0,0,0,1.4,1,2.4,4,8,7,3.276,38,0.9827,38,0.9827,,1.1,1.1,35,35,,0.9849,1,1,38,0,0.8,0,0,39,43,,,1.4,0.9844,7,7,7,0,41.8,0.92,1,1,0,0,,38,38,,2000,0,1,0,0,,,0,,35,0,1
08/23/2025,16,PORT,4,0,0,0,,0,0,0,0.5,0.4,0.9,4,8,7,3.276,38,0.9827,38,0.9827,,1.1,1.1,35,35,,0.9849,1,1,38,0,0.8,0,0,39,43,,,1.5,0.9844,7,7,7,0,41.8,0.92,1,1,0,0,,38,38,,2000,0,1,0,0,,,0,,35,0,1
08/23/2025,18.42,BoSP,2.7,0,16510,0,,29.2,0,1.5,0.3,0,1.8,4,8,7,3.276,38,0.9827,38,0.9827,,1.2,1.1,35,35,,0.9849,1,1,38,0,0.8,0,0,39,43,,,1.5,0.9844,7,7,7,0,41.8,0.92,1,1,0,0,,38,38,,2000,0,1,0,0,,,0,,35,0,1
08/24/2025,7.3,EoSP,12.8,117,89640,116.7,,158.6,26.2,6.1,1.5,0,7.6,4,8,7,3.276,38,0.9827,38,0.9827,,1.2,1.1,35,35,,0.9849,1,1,38,0,0.8,0,0,39,43,,,1.5,0.9844,7,7,7,0,41.8,0.92,1,1,0,0,,38,38,,2000,0,1,0,0,,,0,,35,0,1
08/24/2025,11,FWE,3.5,0,12670,0,,22.4,0,0.8,0.4,0.2,1.4,4,8,7,3.276,38,0.9827,38,0.9827,,1.2,1.1,35,35,,0.9849,1,1,38,0,0.8,0,0,39,43,,,1.5,0.9844,7,7,7,0,41.8,0.92,1,1,0,0,,38,38,,2000,0,1,0,0,,,0,,35,0,1
08/24/2025,12,PORT,1,0,0,0,,0,0,0,0,0,0,4,8,7,3.276,38,0.9827,38,0.9827,,1.2,1.1,35,35,,0.9849,1,1,38,0,0.8,0,0,39,43,,,1.5,0.9844,7,7,7,0,41.8,0.92,1,1,0,0,,38,38,,2000,0,1,0,0,,,0,,35,0,1
08/25/2025,1.3,PORT,13.5,0,0,0,,0,0,0,1.6,1.3,2.9,4,8,7,3.276,38,0.9827,38,0.9827,,1.2,1.1,35,35,,0.9849,1,1,38,0,0.8,0,0,39,43,,,1.5,0.9844,7,7,7,0,41.8,0.92,1,1,0,0,,38,38,,2000,0,1,0,0,,,0,,35,0,1
08/25/2025,2.42,BoSP,1.2,0,3390,0,,6,0,0.2,0.1,0.1,0.4,4,8,7,3.276,38,0.9827,38,0.9827,,1.2,1.1,35,35,,0.9849,1,1,38,0,0.8,0,0,39,43,,,1.5,0.9844,7,7,7,0,41.8,0.92,1,1,0,0,,38,38,,2000,0,1,0,0,,,0,,35,0,1
08/25/2025,12,SEA,9.3,93,68980,123.6,,122,23.8,5.3,1,0,6.3,4,8,7,3.276,38,0.9827,38,0.9827,,1.2,1.1,35,35,,0.9849,1,1,38,0,0.8,0,0,39,43,,,1.5,0.9844,7,7,7,0,41.8,0.92,1,1,0,0,,38,38,,2000,0,1,0,0,,,0,,35,0,1
08/25/2025,15.48,EoSP,3.8,40,28300,124.1,,50.1,20.2,2.3,0.4,0,2.7,4,8,7,3.276,38,0.9827,38,0.9827,,1.2,1.1,35,35,,0.9849,1,1,38,0,0.8,0,0,39,43,,,1.5,0.9844,7,7,7,0,41.8,0.92,1,1,0,0,,38,38,,2000,0,1,0,0,,,0,,35,0,1
08/25/2025,18.42,FWE,2.9,0,17710,0,,31.3,0,1.4,0.4,0,1.8,4,8,7,3.276,38,0.9827,38,0.9827,,1.2,1.1,35,35,,0.9849,1,1,38,0,0.8,0,0,39,43,,,1.5,0.9844,7,7,7,0,41.8,0.92,1,1,0,0,,38,38,,2000,0,1,0,0,,,0,,35,0,1
08/26/2025,8.3,PORT,13.8,0,0,0,,0,0,0,1.5,1.2,2.7,4,8,7,3.276,38,0.9827,38,0.9827,,1.2,1.1,35,35,,0.9849,1,1,38,0,0.8,0,0,39,43,,,1.5,0.9844,7,7,7,0,41.8,0.92,1,1,0,0,,38,38,,2000,0,1,0,0,,,0,,35,0,1
08/26/2025,10.48,BoSP,2.3,0,14780,0,,26.1,0,1.3,0.3,0,1.6,4,8,7,3.276,38,0.9827,38,0.9827,,1.2,1.1,35,35,,0.9849,1,1,38,0,0.8,0,0,39,43,,,1.5,0.9844,7,7,7,0,41.8,0.92,1,1,0,0,,38,38,,2000,0,1,0,0,,,0,,35,0,1
08/26/2025,12,SEA,1.2,13,8640,120,,15.3,15,0.7,0.1,0,0.8,4,8,7,3.276,38,0.9827,38,0.9827,,1.1,1.1,35,35,,0.9849,1,1,38,0,0.8,0,0,39,43,,,1.5,0.9844,7,7,7,0,41.8,0.92,1,1,0,0,,38,38,,2000,0,1,0,0,,,0,,35,0,1
08/26/2025,23.3,EoSP,11.5,109,86290,125.1,,152.6,28.6,6.1,1.3,0,7.4,4,8,7,3.276,38,0.9827,38,0.9827,,1.1,1.1,35,35,,0.9849,1,1,38,0,0.8,0,0,39,43,,,1.5,0.9844,7,7,7,0,41.8,0.92,1,1,0,0,,38,38,,2000,0,1,0,0,,,0,,35,0,1
08/27/2025,1.18,FWE,1.8,0,9650,0,,17.1,0,0.7,0.2,0,0.9,4,8,7,3.276,38,0.9827,38,0.9827,,1.2,1.1,35,35,,0.9849,1,1,38,0,0.8,0,0,39,43,,,1.5,0.9844,7,7,7,0,41.8,0.92,1,1,0,0,,38,38,,2000,0,1,0,0,,,0,,35,0,1
08/27/2025,12,PORT,10.7,0,0,0,,0,0,0,1.2,0.8,2,4,8,7,3.276,38,0.9827,38,0.9827,,1.1,1.1,35,35,,0.9849,1,1,38,0,0.8,0,0,39,43,,,1.5,0.9844,7,7,7,0,41.8,0.92,1,1,0,0,,38,38,,2000,0,1,0,0,,,0,,35,0,1
08/27/2025,14.42,PORT,2.7,0,0,0,,0,0,0,0.3,0.3,0.6,4,8,7,3.276,38,0.9827,38,0.9827,,1.1,1.1,35,35,,0.9849,1,1,38,0,0.8,0,0,39,43,,,1.5,0.9844,7,7,7,0,41.8,0.92,1,1,0,0,,38,38,,2000,0,1,0,0,,,0,,35,0,1
08/27/2025,15.48,BoSP,1.1,0,3790,0,,6.7,0,0.3,0.1,0.1,0.5,4,8,7,3.276,38,0.9827,38,0.9827,,1.2,1.1,35,35,,0.9849,1,1,38,0,0.8,0,0,39,43,,,1.5,0.9844,7,7,7,0,41.8,0.92,1,1,0,0,,38,38,,2000,0,1,0,0,,,0,,35,0,1
08/28/2025,4.36,EoSP,12.8,127,89190,116.1,,157.8,19.5,5.5,1.5,0,7,4,8,7,3.276,38,0.9827,38,0.9827,,1.1,1.1,35,35,,0.9849,1,1,38,0,0.8,0,0,39,43,,,1.5,0.9844,7,7,7,0,41.8,0.92,1,1,0,0,,38,38,,2000,0,1,0,0,,,0,,35,0,1
08/28/2025,7.18,FWE,2.7,0,16500,0,,29.2,0,1.2,0.3,0,1.5,4,8,7,3.276,38,0.9827,38,0.9827,,1.1,1.1,35,35,,0.9849,1,1,38,0,0.8,0,0,39,43,,,1.5,0.9844,7,7,7,0,41.8,0.92,1,1,0,0,,38,38,,2000,0,1,0,0,,,0,,35,0,1
08/28/2025,12,PORT,4.7,0,0,0,,0,0,0,0.2,0.1,0.3,4,8,7,3.276,38,0.9827,38,0.9827,,1.1,1.1,35,35,,0.9849,1,1,38,0,0.8,0,0,39,43,,,1.5,0.9844,7,7,7,0,41.8,0.92,1,1,0,0,,38,38,,2000,0,1,0,0,,,0,,35,0,1
08/28/2025,23.54,PORT,11.9,0,0,0,,0,0,0,1.8,1.5,3.3,4,8,7,3.276,38,0.9827,38,0.9827,,1.1,1.1,35,35,,0.9849,1,1,38,0,0.8,0,0,39,43,,,1.5,0.9844,7,7,7,0,41.8,0.92,1,1,0,0,,38,38,,2000,0,1,0,0,,,0,,35,0,1
08/29/2025,2.3,BoSP,2.6,0,16960,0,,30,0,1.5,0.3,0,1.8,4,8,7,3.276,38,0.9827,38,0.9827,,1.2,1.1,35,35,,0.9849,1,1,38,0,0.8,0,0,39,43,,,1.5,0.9844,7,7,7,0,41.8,0.92,1,1,0,0,,38,38,,2000,0,1,0,0,,,0,,35,0,1
08/29/2025,12,SEA,9.5,90,69460,121.9,,122.9,26.8,5.1,1,0,6.1,4,8,7,3.276,38,0.9827,38,0.9827,,1.15,1.1,35,35,,0.9849,1,1,38,0,0.8,0,0,39,43,,,1.5,0.9844,7,7,7,0,41.8,0.92,1,1,0,0,,38,38,,2000,0,1,0,0,,,0,,35,0,1
08/29/2025,15.42,EoSP,3.7,36,27240,122.7,,48.2,25.3,2,0.4,0,2.4,4,8,7,3.276,38,0.9827,38,0.9827,,1.15,1.1,35,35,,0.9849,1,1,38,0,0.8,0,0,39,43,,,1.5,0.9844,7,7,7,0,41.8,0.92,1,1,0,0,,38,38,,2000,0,1,0,0,,,0,,35,0,1
08/29/2025,18.54,FWE,3.2,0,12030,0,,21.3,0,0.6,0.4,0.2,1.2,4,8,7,3.276,38,0.9827,38,0.9827,,1.15,1.1,35,35,,0.9849,1,1,38,0,0.8,0,0,39,43,,,1.5,0.9844,7,7,7,0,41.8,0.92,1,1,0,0,,38,38,,2000,0,1,0,0,,,0,,35,0,1
08/30/2025,9.18,PORT,14.4,0,0,0,,0,0,0,1.6,1,2.6,4,8,7,3.276,38,0.9827,38,0.9827,,1.15,1.1,35,35,,0.9849,1,1,38,0,0.8,0,0,39,43,,,1.5,0.9844,7,7,7,0,41.8,0.92,1,1,0,0,,38,38,,2000,0,1,0,0,,,0,,35,0,1
08/30/2025,11,BoSP,1.7,0,3960,0,,7,0,0.2,0.2,0.1,0.5,4,8,7,3.276,38,0.9827,38,0.9827,,1.15,1.1,35,35,,0.9849,1,1,38,0,0.8,0,0,39,43,,,1.5,0.9844,7,7,7,0,41.8,0.92,1,1,0,0,,38,38,,2000,0,1,0,0,,,0,,35,0,1
08/30/2025,12,SEA,1,10,7300,121.7,,12.9,22.5,0.4,0.1,0,0.5,4,8,7,3.276,38,0.9827,38,0.9827,,1.15,1.1,35,35,,0.9849,1,1,38,0,0.8,0,0,39,43,,,1.5,0.9844,7,7,7,0,41.8,0.92,1,1,0,0,,38,38,,2000,0,1,0,0,,,0,,35,0,1
08/30/2025,23.54,EoSP,11.9,120,86090,120.6,,152.3,21.2,6.3,1.3,0,7.6,4,8,7,3.276,38,0.9827,38,0.9827,,1.15,1.1,35,35,,0.9849,1,1,38,0,0.8,0,0,39,43,,,1.5,0.9844,7,7,7,0,41.8,0.92,1,1,0,0,,38,38,,2000,0,1,0,0,,,0,,35,0,1
08/31/2025,0.18,FWE,0.400000000000001,0,1490,0,,2.6,0,0,0,0,0,4,8,7,3.276,38,0.9827,38,0.9827,,1.15,1.1,35,35,,0.9849,1,1,38,0,0.8,0,0,39,43,,,1.5,0.9844,7,7,7,0,41.8,0.92,1,1,0,0,,38,38,,2000,0,1,0,0,,,0,,35,0,1
08/31/2025,12,ANCH,11.7,0,0,0,,0,0,0,1.3,1.3,2.6,4,8,7,3.276,38,0.9827,38,0.9827,,1.15,1.1,35,35,,0.9849,1,1,38,0,0.8,0,0,39,43,,,1.5,0.9844,7,7,7,0,41.8,0.92,1,1,0,0,,38,38,,2000,0,1,0,0,,,0,,35,0,1
09/01/2025,12,ANCH,24,0,0,0,,0,0,0,2.7,2.2,4.9,4,8,7,3.276,38,0.9827,38,0.9827,,1.15,1.1,35,35,,0.9849,1,1,38,0,0.8,0,0,39,43,,,1.5,0.9844,7,7,7,0,41.8,0.92,1,1,0,0,,38,38,,2000,0,1,0,0,,,0,,35,0,1
09/01/2025,13.3,ANCH,1.5,0,0,0,,0,0,0,0.2,0.1,0.3,4,8,7,3.276,38,0.9827,38,0.9827,,1.15,1.1,35,35,,0.9849,1,1,38,0,0.8,0,0,39,43,,,1.5,0.9844,7,7,7,0,41.8,0.92,1,1,0,0,,38,38,,2000,0,1,0,0,,,0,,35,0,1
09/01/2025,16.54,FWE,3.4,0,14420,0,,25.5,0,0.8,0.4,0.1,1.3,4,8,7,3.276,38,0.9827,38,0.9827,,1.15,1.1,35,35,,0.9849,1,1,38,0,0.8,0,0,39,43,,,1.5,0.9844,7,7,7,0,41.8,0.92,1,1,0,0,,38,38,,2000,0,1,0,0,,,0,,35,0,1
09/02/2025,8.36,PORT,15.7,0,0,0,,0,0,0,1.8,1.5,3.3,4,8,7,3.276,38,0.9827,38,0.9827,,1.15,1.1,35,35,,0.9849,1,1,38,0,0.8,0,0,39,43,,,1.5,0.9844,7,7,7,0,41.8,0.92,1,1,0,0,,38,38,,2000,0,1,0,0,,,0,,35,0,1
09/02/2025,10.54,BoSP,2.3,0,15160,0,,26.8,0,1.3,0.3,0.1,1.7,4,8,7,3.276,38,0.9827,38,0.9827,,1.15,1.1,35,35,,0.9849,1,1,38,0,0.8,0,0,39,43,,,1.5,0.9844,7,7,7,0,41.8,0.92,1,1,0,0,,38,38,,2000,0,1,0,0,,,0,,35,0,1
09/02/2025,12,SEA,1.1,11,8010,121.4,,14.2,22.5,0.6,0.1,0,0.7,4,8,7,3.276,38,0.9827,38,0.9827,,1.15,1.1,35,35,,0.9849,1,1,38,0,0.8,0,0,39,43,,,1.5,0.9844,7,7,7,0,41.8,0.92,1,1,0,0,,38,38,,2000,0,1,0,0,,,0,,35,0,1
09/02/2025,23.06,EoSP,11.1,104,83290,125.1,,147.3,29.4,5.9,1.2,0,7.1,4,8,7,3.276,38,0.9827,38,0.9827,,1.15,1.1,35,35,,0.9849,1,1,38,0,0.8,0,0,39,43,,,1.5,0.9844,7,7,7,0,41.8,0.92,1,1,0,0,,38,38,,2000,0,1,0,0,,,0,,35,0,1
09/02/2025,23.36,FWE,0.500000000000001,0,1250,0,,2.2,0,0.1,0.1,0,0.2,4,8,7,3.276,38,0.9827,38,0.9827,,1.15,1.1,35,35,,0.9849,1,1,38,0,0.8,0,0,39,43,,,1.5,0.9844,7,7,7,0,41.8,0.92,1,1,0,0,,38,38,,2000,0,1,0,0,,,0,,35,0,1
09/03/2025,6,ANCH,6.4,0,0,0,,0,0,0,0.7,0.5,1.2,4,8,7,3.276,38,0.9827,38,0.9827,,1.15,1.1,35,35,,0.9849,1,1,38,0,0.8,0,0,39,43,,,1.5,0.9844,7,7,7,0,41.8,0.92,1,1,0,0,,38,38,,2000,0,1,0,0,,,0,,35,0,1
09/03/2025,9.18,FWE,3.3,0,11530,0,,20.4,0,0.7,0.4,0.1,1.2,4,8,7,3.276,38,0.9827,38,0.9827,,1.15,1.1,35,35,,0.9849,1,1,38,0,0.8,0,0,39,43,,,1.5,0.9844,7,7,7,0,41.8,0.92,1,1,0,0,,38,38,,2000,0,1,0,0,,,0,,35,0,1
09/03/2025,12,PORT,2.7,0,0,0,,0,0,0,0.3,0.2,0.5,4,8,7,3.276,38,0.9827,38,0.9827,,1.15,1.1,35,35,,0.9849,1,1,38,0,0.8,0,0,39,43,,,1.5,0.9844,7,7,7,0,41.8,0.92,1,1,0,0,,38,38,,2000,0,1,0,0,,,0,,35,0,1
09/04/2025,5.06,PORT,17.1,0,0,0,,0,0,0,1.8,1.3,3.1,4,8,7,3.276,38,0.9827,38,0.9827,,1.15,1.1,35,35,,0.9849,1,1,38,0,0.8,0,0,39,43,,,1.5,0.9844,7,7,7,0,41.8,0.92,1,1,0,0,,38,38,,2000,0,1,0,0,,,0,,35,0,1
09/04/2025,6,BoSP,0.900000000000001,0,3010,0,,5.3,0,0.2,0.1,0.1,0.4,4,8,7,3.276,38,0.9827,38,0.9827,,1.15,1.1,35,35,,0.9849,1,1,38,0,0.8,0,0,39,43,,,1.5,0.9844,7,7,7,0,41.8,0.92,1,1,0,0,,38,38,,2000,0,1,0,0,,,0,,35,0,1
09/04/2025,12,SEA,6,63,43640,121.2,,77.2,18.4,3.1,0.6,0,3.7,4,8,7,3.276,38,0.9827,38,0.9827,,1.15,1.1,35,35,,0.9849,1,1,38,0,0.8,0,0,39,43,,,1.5,0.9844,7,7,7,0,41.8,0.92,1,1,0,0,,38,38,,2000,0,1,0,0,,,0,,35,0,1
09/04/2025,18.3,EoSP,6.5,71,48010,123.1,,84.9,16.4,3.6,0.7,0,4.3,4,8,7,3.276,38,0.9827,38,0.9827,,1.15,1.1,35,35,,0.9849,1,1,38,0,0.8,0,0,39,43,,,1.5,0.9844,7,7,7,0,41.8,0.92,1,1,0,0,,38,38,,2000,0,1,0,0,,,0,,35,0,1
09/04/2025,21.18,FWE,2.8,0,16940,0,,30,0,1.3,0.3,0,1.6,4,8,7,3.276,38,0.9827,38,0.9827,,1.15,1.1,35,35,,0.9849,1,1,38,0,0.8,0,0,39,43,,,1.5,0.9844,7,7,7,0,41.8,0.92,1,1,0,0,,38,38,,2000,0,1,0,0,,,0,,35,0,1
09/05/2025,12,PORT,14.7,0,0,0,,0,0,0,1.6,1.2,2.8,4,8,7,3.276,38,0.9827,38,0.9827,,1.15,1.1,35,35,,0.9849,1,1,38,0,0.8,0,0,39,43,,,1.5,0.9844,7,7,7,0,41.8,0.92,1,1,0,0,,38,38,,2000,0,1,0,0,,,0,,35,0,1
09/05/2025,19.42,PORT,7.7,0,0,0,,0,0,0,0.9,0.7,1.6,4,8,7,3.276,38,0.9827,38,0.9827,,1.15,1.1,35,35,,0.9849,1,1,38,0,0.8,0,0,39,43,,,1.5,0.9844,7,7,7,0,41.8,0.92,1,1,0,0,,38,38,,2000,0,1,0,0,,,0,,35,0,1
09/05/2025,23,BoSP,3.3,0,17010,0,,30.1,0,1.1,0.4,0,1.5,4,8,7,3.276,38,0.9827,38,0.9827,,1.15,1.1,35,35,,0.9849,1,1,38,0,0.8,0,0,39,43,,,1.5,0.9844,7,7,7,0,41.8,0.92,1,1,0,0,,38,38,,2000,0,1,0,0,,,0,,35,0,1
09/06/2025,12,EoSP,13,124,92250,118.3,,163.2,24,6.5,1.4,0,7.9,4,8,7,3.276,38,0.9827,38,0.9827,,1.15,1.1,35,35,,0.9849,1,1,38,0,0.8,0,0,39,43,,,1.5,0.9844,7,7,7,0,41.8,0.92,1,1,0,0,,38,38,,2000,0,1,0,0,,,0,,35,0,1
09/06/2025,13.48,FWE,1.8,0,6900,0,,12.2,0,0.4,0.2,0.1,0.7,4,8,7,3.276,38,0.9827,38,0.9827,,1.15,1.1,35,35,,0.9849,1,1,38,0,0.8,0,0,39,43,,,1.5,0.9844,7,7,7,0,41.8,0.92,1,1,0,0,,38,38,,2000,0,1,0,0,,,0,,35,0,1
09/07/2025,0.3,PORT,10.7,0,0,0,,0,0,0,1.2,1.1,2.3,4,8,7,3.276,38,0.9827,38,0.9827,,1.15,1.1,35,35,,0.9849,1,1,38,0,0.8,0,0,39,43,,,1.5,0.9844,7,7,7,0,41.8,0.92,1,1,0,0,,38,38,,2000,0,1,0,0,,,0,,35,0,1
09/07/2025,1.3,BoSP,1,0,3500,0,,6.2,0,0.2,0.1,0,0.3,4,8,7,3.276,38,0.9827,38,0.9827,,1.15,1.1,35,35,,0.9849,1,1,38,0,0.8,0,0,39,43,,,1.5,0.9844,7,7,7,0,41.8,0.92,1,1,0,0,,38,38,,2000,0,1,0,0,,,0,,35,0,1
09/07/2025,12,SEA,10.5,103,76260,121,,134.9,23.6,5.3,1.1,0,6.4,4,8,7,3.276,38,0.9827,38,0.9827,,1.1,1.1,35,35,,0.9849,1,1,38,0,0.8,0,0,39,43,,,1.5,0.9844,7,7,7,0,41.8,0.92,1,1,0,0,,38,38,,2000,0,1,0,0,,,0,,35,0,1
09/07/2025,14.54,EoSP,2.9,30,22250,127.9,,39.4,23.9,1.7,0.3,0,2,4,8,7,3.276,38,0.9827,38,0.9827,,1.1,1.1,35,35,,0.9849,1,1,38,0,0.8,0,0,39,43,,,1.5,0.9844,7,7,7,0,41.8,0.92,1,1,0,0,,38,38,,2000,0,1,0,0,,,0,,35,0,1
09/07/2025,17.54,FWE,3,0,17610,0,,31.2,0,1.3,0.4,0.1,1.8,4,8,7,3.276,38,0.9827,38,0.9827,,1.2,1.1,35,35,,0.9849,1,1,38,0,0.8,0,0,39,43,,,1.5,0.9844,7,7,7,0,41.8,0.92,1,1,0,0,,38,38,,2000,0,1,0,0,,,0,,35,0,1
09/08/2025,9,PORT,15.1,0,0,0,,0,0,0,1.6,1.3,2.9,4,8,7,3.276,38,0.9827,38,0.9827,,1.2,1.1,35,35,,0.9849,1,1,38,0,0.8,0,0,39,43,,,1.5,0.9844,7,7,7,0,41.8,0.92,1,1,0,0,,38,38,,2000,0,1,0,0,,,0,,35,0,1
09/08/2025,11.18,BoSP,2.3,0,15060,0,,26.6,0,1.4,0.3,0,1.7,4,8,7,3.276,38,0.9827,38,0.9827,,1.2,1.1,35,35,,0.9849,1,1,38,0,0.8,0,0,39,43,,,1.5,0.9844,7,7,7,0,41.8,0.92,1,1,0,0,,38,38,,2000,0,1,0,0,,,0,,35,0,1
09/08/2025,12,SEA,0.7,6,5050,120.2,,8.9,32.6,0.3,0.1,0,0.4,4,8,7,3.276,38,0.9827,38,0.9827,,1,1.1,35,35,,0.9849,1,1,38,0,0.8,0,0,39,43,,,1.5,0.9844,7,7,7,0,41.8,0.92,1,1,0,0,,38,38,,2000,0,1,0,0,,,0,,35,0,1
09/09/2025,0.24,EoSP,12.4,117,90690,121.9,,160.4,27.1,5.5,1.4,0,6.9,4,8,7,3.276,38,0.9827,38,0.9827,,1,1.1,35,35,,0.9849,1,1,38,0,0.8,0,0,39,43,,,1.5,0.9844,7,7,7,0,41.8,0.92,1,1,0,0,,38,38,,2000,0,1,0,0,,,0,,35,0,1
09/09/2025,4.18,FWE,3.9,0,11900,0,,21,0,0.7,0.4,0.6,1.7,4,8,7,3.276,38,0.9827,38,0.9827,,1.2,1.1,35,35,,0.9849,1,1,38,0,0.8,0,0,39,43,,,1.5,0.9844,7,7,7,0,41.8,0.92,1,1,0,0,,38,38,,2000,0,1,0,0,,,0,,35,0,1
09/09/2025,12,PORT,7.7,0,0,0,,0,0,0,0.9,0.7,1.6,4,8,7,3.276,38,0.9827,38,0.9827,,1.2,1.1,35,35,,0.9849,1,1,38,0,0.8,0,0,39,43,,,1.5,0.9844,7,7,7,0,41.8,0.92,1,1,0,0,,38,38,,2000,0,1,0,0,,,0,,35,0,1
09/09/2025,19.3,PORT,7.5,0,0,0,,0,0,0,0.8,0.7,1.5,4,8,7,3.276,38,0.9827,38,0.9827,,1.2,1.1,35,35,,0.9849,1,1,38,0,0.8,0,0,39,43,,,1.5,0.9844,7,7,7,0,41.8,0.92,1,1,0,0,,38,38,,2000,0,1,0,0,,,0,,35,0,1
09/09/2025,21.18,BoSP,1.8,0,6740,0,,11.9,0,0.4,0.2,0.1,0.7,4,8,7,3.276,38,0.9827,38,0.9827,,1.2,1.1,35,35,,0.9849,1,1,38,0,0.8,0,0,39,43,,,1.5,0.9844,7,7,7,0,41.8,0.92,1,1,0,0,,38,38,,2000,0,1,0,0,,,0,,35,0,1
09/10/2025,9.24,EoSP,12.1,125,88940,122.5,,157.3,20.5,6.2,1.3,0,7.5,4,8,7,3.276,38,0.9827,38,0.9827,,1.1,1.1,35,35,,0.9849,1,1,38,0,0.8,0,0,39,43,,,1.5,0.9844,7,7,7,0,41.8,0.92,1,1,0,0,,38,38,,2000,0,1,0,0,,,0,,35,0,1
09/10/2025,10,FWE,0.6,0,2370,0,,4.2,0,0.1,0.1,0,0.2,4,8,7,3.276,38,0.9827,38,0.9827,,1.1,1.1,35,35,,0.9849,1,1,38,0,0.8,0,0,39,43,,,1.5,0.9844,7,7,7,0,41.8,0.92,1,1,0,0,,38,38,,2000,0,1,0,0,,,0,,35,0,1
09/10/2025,12,ANCH,2,0,0,0,,0,0,0,0.2,0.2,0.4,4,8,7,3.276,38,0.9827,38,0.9827,,1.1,1.1,35,35,,0.9849,1,1,38,0,0.8,0,0,39,43,,,1.5,0.9844,7,7,7,0,41.8,0.92,1,1,0,0,,38,38,,2000,0,1,0,0,,,0,,35,0,1
09/11/2025,0.24,ANCH,12.4,0,0,0,,0,0,0,1.4,1.2,2.6,4,8,7,3.276,38,0.9827,38,0.9827,,1.1,1.1,35,35,,0.9849,1,1,38,0,0.8,0,0,39,43,,,1.5,0.9844,7,7,7,0,41.8,0.92,1,1,0,0,,38,38,,2000,0,1,0,0,,,0,,35,0,1
09/11/2025,4,FWE,3.6,0,16250,0,,28.7,0,1.1,0.4,0.2,1.7,4,8,7,3.276,38,0.9827,38,0.9827,,1.2,1.1,35,35,,0.9849,1,1,38,0,0.8,0,0,39,43,,,1.5,0.9844,7,7,7,0,41.8,0.92,1,1,0,0,,38,38,,2000,0,1,0,0,,,0,,35,0,1
09/11/2025,12,PORT,8,0,0,0,,0,0,0,0.9,0.7,1.6,4,8,7,3.276,38,0.9827,38,0.9827,,1.2,1.1,35,35,,0.9849,1,1,38,0,0.8,0,0,39,43,,,1.5,0.9844,7,7,7,0,41.8,0.92,1,1,0,0,,38,38,,2000,0,1,0,0,,,0,,35,0,1
09/12/2025,3.12,PORT,15.2,0,0,0,,0,0,0,1.7,1.5,3.2,4,8,7,3.276,38,0.9827,38,0.9827,,1.2,1.1,35,35,,0.9849,1,1,38,0,0.8,0,0,39,43,,,1.5,0.9844,7,7,7,0,41.8,0.92,1,1,0,0,,38,38,,2000,0,1,0,0,,,0,,35,0,1
09/12/2025,5.42,BoSP,2.5,0,15530,0,,27.5,0,1.3,0.3,0.1,1.7,4,8,7,3.276,38,0.9827,38,0.9827,,1.2,1.1,35,35,,0.9849,1,1,38,0,0.8,0,0,39,43,,,1.5,0.9844,7,7,7,0,41.8,0.92,1,1,0,0,,38,38,,2000,0,1,0,0,,,0,,35,0,1
09/12/2025,12,SEA,6.3,58,45980,121.6,,81.3,28.7,3.2,0.7,0,3.9,4,8,7,3.276,38,0.9827,38,0.9827,,1.1,1.1,35,35,,0.9849,1,1,38,0,0.9,0,0,39,43,,,1.5,0.9844,7,7,7,0,41.8,0.92,1,1,0,0,,38,38,,2000,0,1,0,0,,,0,,35,0,1
09/12/2025,18.3,EoSP,6.5,62,47800,122.6,,84.6,26.7,3.3,0.7,0,4,4,8,7,3.276,38,0.9827,38,0.9827,,1.1,1.1,35,35,,0.9849,1,1,38,0,0.9,0,0,39,43,,,1.5,0.9844,7,7,7,0,41.8,0.92,1,1,0,0,,38,38,,2000,0,1,0,0,,,0,,35,0,1
09/12/2025,21.24,FWE,2.9,0,14500,0,,25.6,0,0.9,0.3,0.3,1.5,4,8,7,3.276,38,0.9827,38,0.9827,,1.2,1.1,35,35,,0.9849,1,1,38,0,0.9,0,0,39,43,,,1.5,0.9844,7,7,7,0,41.8,0.92,1,1,0,0,,38,38,,2000,0,1,0,0,,,0,,35,0,1
09/13/2025,11.24,PORT,14,0,0,0,,0,0,0,1.5,1,2.5,4,8,7,3.276,38,0.9827,38,0.9827,,1.2,1.1,35,35,,0.9849,1,1,38,0,0.9,0,0,39,43,,,1.5,0.9844,7,7,7,0,41.8,0.92,1,1,0,0,,38,38,,2000,0,1,0,0,,,0,,35,0,1
09/13/2025,12,WAY,0.6,0,0,0,,0,0,0,0,0,0,4,8,7,3.276,38,0.9827,38,0.9827,,1.2,1.1,35,35,,0.9849,1,1,38,0,0.9,0,0,39,43,,,1.5,0.9844,7,7,7,0,41.8,0.92,1,1,0,0,,38,38,,2000,0,1,0,0,,,0,,35,0,1
09/13/2025,12.48,BoSP,0.800000000000001,0,5150,0,,9.1,0,0.2,0.2,0.1,0.5,4,8,7,3.276,38,0.9827,38,0.9827,,1.2,1.1,35,35,,0.9849,1,1,38,0,0.9,0,0,39,43,,,1.5,0.9844,7,7,7,0,41.8,0.92,1,1,0,0,,38,38,,2000,0,1,0,0,,,0,,35,0,1
09/14/2025,1.12,EoSP,12.4,126,90440,121.6,,160,21.2,5.8,1.4,0,7.2,4,8,7,3.276,38,0.9827,38,0.9827,,1.05,1.1,35,35,,0.9849,1,1,38,0,0.9,0,0,39,43,,,1.5,0.9844,7,7,7,0,41.8,0.92,1,1,0,0,,38,38,,2000,0,1,0,0,,,0,,35,0,1
09/14/2025,4.3,FWE,3.3,0,17840,0,,31.6,0,1.1,0.4,0,1.5,4,8,7,3.276,38,0.9827,38,0.9827,,1.05,1.1,35,35,,0.9849,1,1,38,0,0.9,0,0,39,43,,,1.5,0.9844,7,7,7,0,41.8,0.92,1,1,0,0,,38,38,,2000,0,1,0,0,,,0,,35,0,1
09/14/2025,12,PORT,7.5,0,0,0,,0,0,0,0.7,0.5,1.2,4,8,7,3.276,38,0.9827,38,0.9827,,1.05,1.1,35,35,,0.9849,1,1,38,0,0.9,0,0,39,43,,,1.5,0.9844,7,7,7,0,41.8,0.92,1,1,0,0,,38,38,,2000,0,1,0,0,,,0,,35,0,1
09/15/2025,12,PORT,24,0,0,0,,0,0,0,2.9,2.5,5.4,4,8,7,3.276,38,0.9827,38,0.9827,,1.05,1.1,35,35,,0.9849,1,1,38,0,0.9,0,0,39,43,,,1.5,0.9844,7,7,7,0,41.8,0.92,1,1,0,0,,38,38,,2000,0,1,0,0,,,0,,35,0,1
09/16/2025,0.06,PORT,12.1,0,0,0,,0,0,0,1.2,1.1,2.3,4,8,7,3.276,38,0.9827,38,0.9827,,1.05,1.1,35,35,,0.9849,1,1,38,0,0.9,0,0,39,43,,,1.5,0.9844,7,7,7,0,41.8,0.92,1,1,0,0,,38,38,,2000,0,1,0,0,,,0,,35,0,1
09/16/2025,2.3,BoSP,2.4,0,16300,0,,28.8,0,1.4,0.3,0,1.7,4,8,7,3.276,38,0.9827,38,0.9827,,1.2,1.1,35,35,,0.9849,1,1,38,0,0.9,0,0,39,43,,,1.5,0.9844,7,7,7,0,41.8,0.92,1,1,0,0,,38,38,,2000,0,1,0,0,,,0,,35,0,1
09/16/2025,12,SEA,9.5,90,69880,122.6,,123.6,27.2,5.5,1.1,0,6.6,4,8,7,3.276,38,0.9827,38,0.9827,,1.2,1.1,35,35,,0.9849,1,1,38,0,0.9,0,0,39,43,,,1.5,0.9844,7,7,7,0,41.8,0.92,1,1,0,0,,38,38,,2000,0,1,0,0,,,0,,35,0,1
09/16/2025,15.42,EoSP,3.7,36,27080,122,,47.9,24.8,1.8,0.4,0.2,2.4,4,8,7,3.276,38,0.9827,38,0.9827,,1.05,1.1,35,35,,0.9849,1,1,38,0,0.9,0,0,39,43,,,1.5,0.9844,7,7,7,0,41.8,0.92,1,1,0,0,,38,38,,2000,0,1,0,0,,,0,,35,0,1
09/16/2025,18.06,FWE,2.4,0,12200,0,,21.6,0,0.7,0.3,0,1,4,8,7,3.276,38,0.9827,38,0.9827,,1.2,1.1,35,35,,0.9849,1,1,38,0,0.9,0,0,39,43,,,1.5,0.9844,7,7,7,0,41.8,0.92,1,1,0,0,,38,38,,2000,0,1,0,0,,,0,,35,0,1
09/17/2025,6.36,PORT,12.5,0,0,0,,0,0,0,1.4,1.3,2.7,4,8,7,3.276,38,0.9827,38,0.9827,,1.2,1.1,35,35,,0.9849,1,1,38,0,0.9,0,0,39,43,,,1.5,0.9844,7,7,7,0,41.8,0.92,1,1,0,0,,38,38,,2000,0,1,0,0,,,0,,35,0,1
09/17/2025,7.3,BoSP,0.899999999999999,0,3900,0,,6.9,0,0.3,0.1,0,0.4,4,8,7,3.276,38,0.9827,38,0.9827,,1.2,1.1,35,35,,0.9849,1,1,38,0,0.9,0,0,39,43,,,1.5,0.9844,7,7,7,0,41.8,0.92,1,1,0,0,,38,38,,2000,0,1,0,0,,,0,,35,0,1
09/17/2025,12,SEA,4.5,44,32580,120.7,,57.6,23.6,2.1,0.5,0,2.6,4,8,7,3.276,38,0.9827,38,0.9827,,1.05,1.1,35,35,,0.9849,1,1,38,0,0.9,0,0,39,43,,,1.5,0.9844,7,7,7,0,41.8,0.92,1,1,0,0,,38,38,,2000,0,1,0,0,,,0,,35,0,1
09/17/2025,19.3,EoSP,7.5,87,61710,137.1,,109.2,20.3,5,0.8,0,5.8,4,8,7,3.276,38,0.9827,38,0.9827,,1.05,1.1,35,35,,0.9849,1,1,38,0,0.9,0,0,39,43,,,1.5,0.9844,7,7,7,0,41.8,0.92,1,1,0,0,,38,38,,2000,0,1,0,0,,,0,,35,0,1
09/17/2025,23.36,FWE,4.1,0,14700,0,,26,0,0.7,0.5,0.4,1.6,4,8,7,3.276,38,0.9827,38,0.9827,,1.05,1.1,35,35,,0.9849,1,1,38,0,0.9,0,0,39,43,,,1.5,0.9844,7,7,7,0,41.8,0.92,1,1,0,0,,38,38,,2000,0,1,0,0,,,0,,35,0,1
09/18/2025,12,PORT,12.4,0,0,0,,0,0,0,1.5,1.2,2.7,4,8,7,3.276,38,0.9827,38,0.9827,,1.05,1.1,35,35,,0.9849,1,1,38,0,0.9,0,25,39,43,,,1.5,0.9844,7,7,7,0,41.8,0.92,1,1,0,0,,38,38,,2000,0,1,0,0,,,0,,35,0,1
09/18/2025,18,PORT,6,0,0,0,,0,0,0,0.7,0.6,1.3,4,8,7,3.276,38,0.9827,38,0.9827,,1.05,1.1,35,35,,0.9849,1,1,38,0,0.9,0,25,39,43,,,1.5,0.9844,7,7,7,0,41.8,0.92,1,1,0,0,,38,38,,2000,0,1,0,0,,,0,,35,0,1
09/18/2025,20.24,BoSP,2.4,0,15290,0,,27,0,1.3,0.3,0,1.6,4,8,7,3.276,38,0.9827,38,0.9827,,1.2,1.1,35,35,,0.9849,1,1,38,0,0.9,0,25,39,43,,,1.5,0.9844,7,7,7,0,41.8,0.92,1,1,0,0,,38,38,,2000,0,1,0,0,,,0,,35,0,1
09/19/2025,9,EoSP,12.6,121,91020,120.4,,161,24.8,5.5,1.4,0,6.9,4,8,7,3.276,38,0.9827,38,0.9827,,1.01,1.1,35,35,,0.9849,1,1,38,0,0.9,0,25,39,43,,,1.5,0.9844,7,7,7,0,41.8,0.92,1,1,0,0,,38,38,,2000,0,1,0,0,,,0,,35,0,1
09/19/2025,12,WAY,3,0,11340,0,,20.1,0,0.8,0.3,0.2,1.3,4,8,7,3.276,38,0.9827,38,0.9827,,1.2,1.1,35,35,,0.9849,1,1,38,0,0.9,0,25,39,43,,,1.4,0.9844,7,7,7,0,41.8,0.92,1,1,0,0,,38,38,,2000,0,1,0,0,,,0,,35,0,1
09/19/2025,12.12,FWE,0.199999999999999,0,0,0,,0,0,0,0,0,0,4,8,7,3.276,38,0.9827,38,0.9827,,1.2,1.1,35,35,,0.9849,1,1,38,0,0.9,0,25,39,43,,,1.4,0.9844,7,7,7,0,41.8,0.92,1,1,0,0,,38,38,,2000,0,1,0,0,,,0,,35,0,1
09/20/2025,6.12,PORT,18,0,0,0,,0,0,0,2,1.7,3.7,4,8,7,3.276,38,0.9827,38,0.9827,,1.2,1.1,35,35,,0.9849,1,1,38,0,0.9,0,25,39,43,,,1.4,0.9844,7,7,7,0,41.8,0.92,1,1,0,0,,38,38,,2000,0,1,0,0,,,0,,35,0,1
09/20/2025,7.12,BoSP,1,0,0,0,,0,0,0.3,0.1,0.1,0.5,4,8,7,3.276,38,0.9827,38,0.9827,,1.2,1.1,35,35,,0.9849,1,1,38,0,0.9,0,25,39,43,,,1.3,0.9844,7,7,7,0,41.8,0.92,1,1,0,0,,38,38,,2000,0,1,0,0,,,0,,35,0,1
09/20/2025,12,SEA,4.8,48,35230,122.3,,62.3,23,2.7,0.5,0,3.2,4,8,7,3.276,38,0.9827,38,0.9827,,1.2,1.1,35,35,,0.9849,1,1,38,0,0.9,0,25,39,43,,,1.3,0.9844,7,7,7,0,41.8,0.92,1,1,0,0,,38,38,,2000,0,1,0,0,,,0,,35,0,1
09/20/2025,19.12,EoSP,7.2,79,53040,122.8,,93.8,15.8,3.5,0.8,0,4.3,4,8,7,3.276,38,0.9827,38,0.9827,,1.05,1.1,35,35,,0.9849,1,1,38,0,0.95,0,25,39,43,,,1.3,0.9844,7,7,7,0,41.8,0.92,1,1,0,0,,38,38,,2000,0,1,0,0,,,0,,35,0,1
09/20/2025,22.12,FWE,3,0,21130,0,,37.4,0,1.3,0.4,0,1.7,4,8,7,3.276,38,0.9827,38,0.9827,,1.2,1.1,35,35,,0.9849,1,1,38,0,0.95,0,25,39,43,,,1.3,0.9844,7,7,7,0,41.8,0.92,1,1,0,0,,38,38,,2000,0,1,0,0,,,0,,35,0,1
09/21/2025,12,PORT,13.8,0,0,0,,0,0,0,1.6,1.9,3.5,4,8,7,3.276,38,0.9827,38,0.9827,,1.2,1.1,35,35,,0.9849,1,1,38,0,0.95,0,25,39,43,,,1.2,0.9844,7,7,7,0,41.8,0.92,1,1,0,0,,38,38,,2000,0,1,0,0,,,0,,35,0,1
09/21/2025,22.36,PORT,10.6,0,0,0,,0,0,0,1.2,0.8,2,4,8,7,3.276,38,0.9827,38,0.9827,,1.2,1.1,35,35,,0.9849,1,1,38,0,0.95,0,25,39,43,,,1.2,0.9844,7,7,7,0,41.8,0.92,1,1,0,0,,38,38,,2000,0,1,0,0,,,0,,35,0,1
09/22/2025,1,BoSP,2.4,0,14620,0,,25.9,0,0.8,0.8,0.1,1.7,4,8,7,3.276,38,0.9827,38,0.9827,,1.2,1.1,35,35,,0.9849,1,1,38,0,0.95,0,40,39,43,,,1.2,0.9844,7,7,7,0,41.8,0.92,1,1,0,0,,38,38,,2000,0,1,0,0,,,0,,35,0,1
09/22/2025,12,SEA,11,105,81120,122.9,,143.5,26.8,5.6,0.7,0,6.3,4,8,7,3.276,38,0.9827,38,0.9827,,1.01,1.1,35,35,,0.9849,1,1,38,0,0.95,0,40,39,43,,,1.2,0.9844,7,7,7,0,41.8,0.92,1,1,0,0,,38,38,,2000,0,1,0,0,,,0,,35,0,1
09/22/2025,13.48,EoSP,1.8,15,13250,122.7,,23.4,35.9,0.9,0.2,0,1.1,4,8,7,3.276,38,0.9827,38,0.9827,,1,1.1,35,35,,0.9849,1,1,38,0,0.95,0,40,39,43,,,1.2,0.9844,7,7,7,0,41.8,0.92,1,1,0,0,,38,38,,2000,0,1,0,0,,,0,,35,0,1
09/22/2025,16.3,FWE,2.7,0,12090,0,,21.4,0,0.8,0.3,0,1.1,4,8,7,3.276,38,0.9827,38,0.9827,,1.2,1.1,35,35,,0.9849,1,1,38,0,0.95,0,40,39,43,,,1.2,0.9844,7,7,7,0,41.8,0.92,1,1,0,0,,38,38,,2000,0,1,0,0,,,0,,35,0,1
09/23/2025,3.12,PORT,10.7,0,0,0,,0,0,0,1.2,0.9,2.1,4,8,7,3.276,38,0.9827,38,0.9827,,1.2,1.1,35,35,,0.9849,1,1,38,0,0.95,0,40,39,43,,,1.2,0.9844,7,7,7,0,41.8,0.92,1,1,0,0,,38,38,,2000,0,1,0,0,,,0,,35,0,1
09/23/2025,4.18,BoSP,1.1,0,3640,0,,6.4,0,0.2,0.1,0,0.3,4,8,7,3.276,38,0.9827,38,0.9827,,1.2,1.1,35,35,,0.9849,1,1,38,0,0.95,0,40,39,43,,,1.2,0.9844,7,7,7,0,41.8,0.92,1,1,0,0,,38,38,,2000,0,1,0,0,,,0,,35,0,1
09/23/2025,12,SEA,7.7,78,56600,122.5,,100.1,22.1,3.5,0.9,0,4.4,4,8,7,3.276,38,0.9827,38,0.9827,,1,1.1,35,35,,0.9849,1,1,38,0,0.95,0,40,39,43,,,1.2,0.9844,7,7,7,0,41.8,0.92,1,1,0,0,,38,38,,2000,0,1,0,0,,,0,,35,0,1
09/23/2025,16.48,EoSP,4.8,51,35330,122.7,,62.5,18.4,2.3,0.5,0,2.8,4,8,7,3.276,38,0.9827,38,0.9827,,1,1.1,35,35,,0.9849,1,1,38,0,0.95,0,40,39,43,,,1.4,0.9844,7,7,7,0,41.8,0.92,1,1,0,0,,38,38,,2000,0,1,0,0,,,0,,35,0,1
09/23/2025,19.3,FWE,2.7,0,16330,0,,28.9,0,1.3,0.3,0.1,1.7,4,8,7,3.276,38,0.9827,38,0.9827,,1.2,1.1,35,35,,0.9849,1,1,38,0,0.95,0,40,39,43,,,1.4,0.9844,7,7,7,0,41.8,0.92,1,1,0,0,,38,38,,2000,0,1,0,0,,,0,,35,0,1
09/24/2025,12,PORT,16.5,0,0,0,,0,0,0,1.8,1.8,3.6,4,8,7,3.276,38,0.9827,38,0.9827,,1.2,1.1,35,35,,0.9849,1,1,38,0,0.95,0,40,39,43,,,1.5,0.9844,7,7,7,0,41.8,0.92,1,1,0,0,,38,38,,2000,0,1,0,0,,,0,,35,0,1
09/25/2025,12,PORT,24,0,0,0,,0,0,0,2.5,2.4,4.9,4,8,7,3.276,38,0.9827,38,0.9827,,1.2,1.1,35,35,,0.9849,1,1,38,0,0.95,0,40,39,43,,,1.5,0.9844,7,7,7,0,41.8,0.92,1,1,0,0,,38,38,,2000,0,1,0,0,,,0,,35,0,1
09/25/2025,17.3,PORT,5.5,0,0,0,,0,0,0,0.6,0.6,1.2,4,8,7,3.276,38,0.9827,38,0.9827,,1.2,1.1,35,35,,0.9849,1,1,38,0,0.95,0,40,39,43,,,1.5,0.9844,7,7,7,0,41.8,0.92,1,1,0,0,,38,38,,2000,0,1,0,0,,,0,,35,0,1
09/25/2025,20,BoSP,2.5,0,16800,0,,29.7,0,1.5,0.3,0,1.8,4,8,7,3.276,38,0.9827,38,0.9827,,1.2,1.1,35,35,,0.9849,1,1,38,0,0.95,0,0,39,43,,,1.5,0.9844,7,7,7,0,41.8,0.92,1,1,0,0,,38,38,,2000,0,1,0,0,,,0,,35,0,1
09/26/2025,9.18,EoSP,13.3,124,98000,122.8,,173.4,28.5,6.2,1.4,0,7.6,4,8,7,3.276,38,0.9827,38,0.9827,,1.01,1.1,35,35,,0.9849,1,1,38,0,1,0,0,39,43,,,1.4,0.9844,7,7,7,0,41.8,0.92,1,1,0,0,,38,38,,2000,0,1,0,0,,,0,,35,0,1
09/26/2025,12,FWE,2.7,0,10160,0,,18,0,0.8,0.3,0.4,1.5,4,8,7,3.276,38,0.9827,38,0.9827,,1.2,1.1,35,35,,0.9849,1,1,38,0,1,0,0,39,43,,,1.4,0.9844,7,7,7,0,41.8,0.92,1,1,0,0,,38,38,,2000,0,1,0,0,,,0,,35,0,1
09/27/2025,0.12,PORT,12.2,0,0,0,,0,0,0,1.4,1.2,2.6,4,8,7,3.276,38,0.9827,38,0.9827,,1.2,1.1,35,35,,0.9849,1,1,38,0,1,0,0,39,43,,,1.4,0.9844,7,7,7,0,41.8,0.92,1,1,0,0,,38,38,,2000,0,1,0,0,,,0,,35,0,1
09/27/2025,1.3,BoSP,1.3,0,3670,0,,6.5,0,0.2,0.2,0,0.4,4,8,7,3.276,38,0.9827,38,0.9827,,1.2,1.1,35,35,,0.9849,1,1,38,0,1,0,0,39,43,,,1.4,0.9844,7,7,7,0,41.8,0.92,1,1,0,0,,38,38,,2000,0,1,0,0,,,0,,35,0,1
09/27/2025,12,SEA,10.5,112,76830,122,,135.9,17.6,4.6,1.3,0,5.9,4,8,7,3.276,38,0.9827,38,0.9827,,1,1.2,35,35,,0.9849,1,1,38,0,1,0,0,39,43,,,1.4,0.9844,7,7,7,0,41.8,0.92,1,1,0,0,,38,38,,2000,0,1,0,0,,,0,,35,0,1
09/27/2025,13.3,EoSP,1.5,15,11010,122.3,,19.5,23.1,0.7,0.2,0,0.9,4,8,7,3.276,38,0.9827,38,0.9827,,1,1.1,35,35,,0.9849,1,1,38,0,1,0,0,39,43,,,1.3,0.9844,7,7,7,0,41.8,0.92,1,1,0,0,,38,38,,2000,0,1,0,0,,,0,,35,0,1
09/27/2025,16.3,FWE,3,0,18230,0,,32.2,0,1.5,0.3,0.1,1.9,4,8,7,3.276,38,0.9827,38,0.9827,,1.2,1,35,35,,0.9849,1,1,38,0,1,0,0,39,43,,,1.2,0.9844,7,7,7,0,41.8,0.92,1,1,0,0,,38,38,,2000,0,1,0,0,,,0,,35,0,1
09/28/2025,12,PORT,19.5,0,0,0,,0,0,0,2.2,1.7,3.9,4,8,7,3.276,38,0.9827,38,0.9827,,1.2,1.1,35,35,,0.9849,1,1,38,0,1,0,0,39,43,,,1.2,0.9844,7,7,7,0,41.8,0.92,1,1,0,0,,38,38,,2000,0,1,0,0,,,0,,35,0,1
09/28/2025,17.3,PORT,5.5,0,0,0,,0,0,0,0.6,0.5,1.1,4,8,7,3.276,38,0.9827,38,0.9827,,1.2,1.1,35,35,,0.9849,1,1,38,0,1,0,0,39,43,,,1.2,0.9844,7,7,7,0,41.8,0.92,1,1,0,0,,38,38,,2000,0,1,0,0,,,0,,35,0,1
09/28/2025,20.06,BoSP,2.6,0,14420,0,,25.5,0,1.2,0.3,0,1.5,4,8,7,3.276,38,0.9827,38,0.9827,,1.2,1.1,35,35,,0.9849,1,1,38,0,1,0,0,39,43,,,1.2,0.9844,7,7,7,0,41.8,0.92,1,1,0,0,,38,38,,2000,0,1,0,0,,,0,,35,0,1
09/29/2025,8.36,EoSP,12.5,122,92120,122.8,,163,25.2,5.7,1.5,0,7.2,4,8,7,3.276,38,0.9827,38,0.9827,,1,1.2,35,35,,0.9849,1,1,38,0,1,0,0,39,43,,,1.3,0.9844,7,7,7,0,41.8,0.92,1,1,0,0,,38,38,,2000,0,1,0,0,,,0,,35,0,1
09/29/2025,10.42,FWE,2.1,0,10220,0,,18.1,0,0.4,0.3,0.5,1.2,4,8,7,3.276,38,0.9827,38,0.9827,,1,1.2,35,35,,0.9849,1,1,38,0,1,0,0,39,43,,,1.3,0.9844,7,7,7,0,41.8,0.92,1,1,0,0,,38,38,,2000,0,1,0,0,,,0,,35,0,1
09/29/2025,12,PORT,1.3,0,0,0,,0,0,0,0,0,0,4,8,7,3.276,38,0.9827,38,0.9827,,1,1.2,35,35,,0.9849,1,1,38,0,1,0,0,39,43,,,1.3,0.9844,7,7,7,0,41.8,0.92,1,1,0,0,,38,38,,2000,0,1,0,0,,,0,,35,0,1
09/29/2025,18.48,PORT,6.8,0,0,0,,0,0,0,1,0.7,1.7,4,8,7,3.276,38,0.9827,38,0.9827,,1.2,1.2,35,35,,0.9849,1,1,38,0,1,0,0,39,43,,,1.2,0.9844,7,7,7,0,41.8,0.92,1,1,0,0,,38,38,,2000,0,1,0,0,,,0,,35,0,1
09/29/2025,20.54,FWE,2.1,0,10870,0,,19.2,0,0.7,0.3,0.2,1.2,4,8,7,3.276,38,0.9827,38,0.9827,,1.2,1.2,35,35,,0.9849,1,1,38,0,1,0,0,39,43,,,1.2,0.9844,7,7,7,0,41.8,0.92,1,1,0,0,,38,38,,2000,0,1,0,0,,,0,,35,0,1
09/30/2025,8,ANCH,11.1,0,0,0,,0,0,0,1.3,0.9,2.2,4,8,7,3.276,38,0.9827,38,0.9827,,1.2,1.2,35,35,,0.9849,1,1,38,0,1,0,0,39,43,,,1.2,0.9844,7,7,7,0,41.8,0.92,1,1,0,0,,38,38,,2000,0,1,0,0,,,0,,35,0,1
09/30/2025,8.3,BoSP,0.500000000000001,0,1270,0,,2.2,0,0,0.1,0,0.1,4,8,7,3.276,38,0.9827,38,0.9827,,1,1.2,35,35,,0.9849,1,1,38,0,1,0,0,39,43,,,1.2,0.9844,7,7,7,0,41.8,0.92,1,1,0,0,,38,38,,2000,0,1,0,0,,,0,,35,0,1
09/30/2025,12,SEA,3.5,36,25760,122.7,,45.6,21.1,1.6,0.4,0,2,4,8,7,3.276,38,0.9827,38,0.9827,,1,1.2,35,35,,0.9849,1,1,38,0,1,0,0,39,43,,,1.2,0.9844,7,7,7,0,41.8,0.92,1,1,0,0,,38,38,,2000,0,1,0,0,,,0,,35,0,1
09/30/2025,21.06,EoSP,9.1,90,66720,122.2,,118,23.7,4.1,1.1,0,5.2,4,8,7,3.276,38,0.9827,38,0.9827,,1,1.2,35,35,,0.9849,1,1,38,0,1,10,10,39,43,,,1.2,0.9844,7,7,7,0,41.8,0.92,1,1,0,0,,38,38,,2000,0,1,0,0,,,0,,35,0,1
10/01/2025,0.36,FWE,3.5,0,19560,0,,34.6,0,1.4,0.4,0,1.8,4,8,7,3.276,38,0.9827,38,0.9827,,1.2,1.1,35,35,,0.9849,1,1,38,0,1,10,10,39,43,,,1.2,0.9844,7,7,7,0,41.8,0.92,1,1,0,0,,38,38,,2000,0,1,0,0,,,0,,35,0,1
10/01/2025,12,PORT,11.4,0,0,0,,0,0,0,1.2,1.2,2.4,4,8,7,3.276,38,0.9827,38,0.9827,,1,1.1,35,35,,0.9849,1,1,38,0,1,10,10,39,43,,,1.2,0.9844,7,7,7,0,41.8,0.92,1,1,0,0,,38,38,,2000,0,1,0,0,,,0,,35,0,1
10/02/2025,1.3,PORT,13.5,0,0,0,,0,0,0,1.5,1.1,2.6,4,8,7,3.276,38,0.9827,38,0.9827,,1,1.1,35,35,,0.9849,1,1,38,0,1,10,10,39,43,,,1.2,0.9844,7,7,7,0,41.8,0.92,1,1,0,0,,38,38,,2000,0,1,0,0,,,0,,35,0,1
10/02/2025,4,BoSP,2.5,0,15560,0,,27.5,0,1.3,0.3,0,1.6,4,8,7,3.276,38,0.9827,38,0.9827,,1.2,1.1,35,35,,0.9849,1,1,38,0,1,15,15,39,43,,,1.2,0.9844,7,7,7,0,41.8,0.92,1,1,0,0,,38,38,,2000,0,1,0,0,,,0,,35,0,1
10/02/2025,12,SEA,8,75,57960,120.8,,102.5,26.8,3.7,0.8,0,4.5,4,8,7,3.276,38,0.9827,38,0.9827,,1,1.1,35,35,,0.9849,1,1,38,0,1,15,15,39,43,,,1.2,0.9844,7,7,7,0,41.8,0.92,1,1,0,0,,38,38,,2000,0,1,0,0,,,0,,35,0,1
10/02/2025,17,EoSP,5,48,37720,125.7,,66.7,28,2.3,0.6,0,2.9,4,8,7,3.276,38,0.9827,38,0.9827,,1,1.1,35,35,,0.9849,1,1,38,0,1,15,15,39,43,,,1.2,0.9844,7,7,7,0,41.8,0.92,1,1,0,0,,38,38,,2000,0,1,0,0,,,0,,35,0,1
10/02/2025,18.3,FWE,1.5,0,7940,0,,14,0,0.5,0.2,0.1,0.8,4,8,7,3.276,38,0.9827,38,0.9827,,1,1.1,35,35,,0.9849,1,1,38,0,1,15,15,39,43,,,1.2,0.9844,7,7,7,0,41.8,0.92,1,1,0,0,,38,38,,2000,0,1,0,0,,,0,,35,0,1
10/03/2025,6.3,PORT,12,0,0,0,,0,0,0,1.3,1,2.3,4,8,7,3.276,38,0.9827,38,0.9827,,1,1.1,35,35,,0.9849,1,1,38,0,1,15,15,39,43,,,1.2,0.9844,7,7,7,0,41.8,0.92,1,1,0,0,,38,38,,2000,0,1,0,0,,,0,,35,0,1
10/03/2025,7.36,FWE,1.1,0,2400,0,,4.2,0,0.1,0.1,0.1,0.3,4,8,7,3.276,38,0.9827,38,0.9827,,1,1.1,35,35,,0.9849,1,1,38,0,1,15,15,39,43,,,1.2,0.9844,7,7,7,0,41.8,0.92,1,1,0,0,,38,38,,2000,0,1,0,0,,,0,,35,1,1
10/03/2025,12,PORT,4.4,0,0,0,,0,0,0,0.5,0.3,0.8,4,8,7,3.276,38,0.9827,38,0.9827,,1,1.1,35,35,,0.9849,1,1,38,0,1,15,15,39,43,,,1.2,0.9844,7,7,7,0,41.8,0.92,1,1,0,0,,38,38,,2000,0,1,0,0,,,0,,35,0,1
10/03/2025,20.3,PORT,8.5,0,0,0,,0,0,0,0.9,0.7,1.6,4,8,7,3.276,38,0.9827,38,0.9827,,1,1.1,35,35,,0.9849,1,1,38,0,1,15,15,39,43,,,1.2,0.9844,7,7,7,0,41.8,0.92,1,1,0,0,,38,38,,2000,0,1,0,0,,,0,,35,1,1
10/03/2025,21.48,BoSP,1.3,0,5000,0,,8.8,0,0.2,0.2,0.1,0.5,4,8,7,3.276,38,0.9827,38,0.9827,,1,1.1,35,35,,0.9849,1,1,38,0,1,15,15,39,43,,,1.2,0.9844,7,7,7,0,41.8,0.92,1,1,0,0,,38,38,,2000,0,1,0,0,,,0,,35,0,1
10/04/2025,10.3,EoSP,12.7,126,93250,122.4,,164.9,23.6,6,1.3,0,7.3,4,8,7,3.276,38,0.9827,38,0.9827,,1,1.1,35,35,,0.9849,1,1,38,0,1,15,15,39,43,,,1.2,0.9844,7,7,7,0,41.8,0.92,1,1,0,0,,38,38,,2000,0,1,0,0,,,0,,35,1,1
10/04/2025,12,WAY,1.5,0,4960,0,,8.8,0,0.2,0.2,0.1,0.5,4,8,7,3.276,38,0.9827,38,0.9827,,1,1.1,35,35,,0.9849,1,1,38,0,1,15,15,39,43,,,1.2,0.9844,7,7,7,0,41.8,0.92,1,1,0,0,,38,38,,2000,0,1,0,0,,,0,,35,1,1
10/04/2025,14.18,FWE,2.3,0,11970,0,,21.2,0,1.1,0.3,0.1,1.5,4,8,7,3.276,38,0.9827,38,0.9827,,1,1.1,35,35,,0.9849,1,1,38,0,1,15,15,39,43,,,1.2,0.9844,7,7,7,0,41.8,0.92,1,1,0,0,,38,38,,2000,0,1,0,0,,,0,,35,1,1
10/05/2025,5,PORT,14.7,0,0,0,,0,0,0,1.6,1.2,2.8,4,8,7,3.276,38,0.9827,38,0.9827,,1,1.1,35,35,,0.9849,1,1,38,0,1,15,15,39,43,,,1.2,0.9844,7,7,7,0,41.8,0.92,1,1,0,0,,38,38,,2000,0,1,0,0,,,0,,35,0,1
10/05/2025,7.12,BoSP,2.2,0,15240,0,,27,0,1.3,0.3,0,1.6,4,8,7,3.276,38,0.9827,38,0.9827,,1,1.1,35,35,,0.9849,1,1,38,0,1,15,15,39,43,,,1.2,0.9844,7,7,7,0,41.8,0.92,1,1,0,0,,38,38,,2000,0,1,0,0,,,0,,35,0,1
10/05/2025,12,SEA,4.8,44,35150,122,,62.2,29.3,2.2,0.5,0,2.7,4,8,7,3.276,38,0.9827,38,0.9827,,1,1.1,35,35,,0.9849,1,1,38,0,1,15,15,39,43,,,1.2,0.9844,7,7,7,0,41.8,0.92,1,1,0,0,,38,38,,2000,0,1,0,0,,,0,,35,0,1
10/05/2025,20.3,EoSP,8.5,79,62580,122.7,,110.7,28.6,4,0.9,0,4.9,4,8,7,3.276,38,0.9827,38,0.9827,,1.05,1.1,35,35,,0.9849,1,1,38,0,1,15,15,39,43,,,1.2,0.9844,7,7,7,0,41.8,0.92,1,1,0,0,,38,38,,2000,0,1,0,0,,,0,,35,1,1
10/05/2025,22.3,FWE,2,0,10080,0,,17.8,0,0.9,0.2,0.1,1.2,4,8,7,3.276,38,0.9827,38,0.9827,,1.05,1.1,35,35,,0.9849,1,1,38,0,1,15,15,39,43,,,1.2,0.9844,7,7,7,0,41.8,0.92,1,1,0,0,,38,38,,2000,0,1,0,0,,,0,,35,1,1
10/06/2025,8.3,PORT,10,0,0,0,,0,0,0,1.1,0.7,1.8,4,8,7,3.276,38,0.9827,38,0.9827,,1.05,1.1,35,35,,0.9849,1,1,38,0,1,15,15,39,43,,,1.2,0.9844,7,7,7,0,41.8,0.92,1,1,0,0,,38,38,,2000,0,1,0,0,,,0,,35,0,1
10/06/2025,9.42,BoSP,1.2,0,5570,0,,9.9,0,0.5,0.2,0.1,0.8,4,8,7,3.276,38,0.9827,38,0.9827,,1.05,1.1,35,35,,0.9849,1,1,38,0,1,15,15,39,43,,,1.2,0.9844,7,7,7,0,41.8,0.92,1,1,0,0,,38,38,,2000,0,1,0,0,,,0,,35,1,1
10/06/2025,12,SEA,2.3,24,16500,119.6,,29.2,17.8,1.1,0.2,0,1.3,4,8,7,3.276,38,0.9827,38,0.9827,,1.05,1.1,35,35,,0.9849,1,1,38,0,1,15,15,39,43,,,1.2,0.9844,7,7,7,0,41.8,0.92,1,1,0,0,,38,38,,2000,0,1,0,0,,,0,,35,0,1
10/06/2025,21.54,EoSP,9.9,103,72460,122,,128.2,19.7,4.5,1,0,5.5,4,8,7,3.276,38,0.9827,38,0.9827,,1,1.1,35,35,,0.9849,1,1,38,0,1,15,15,39,43,,,1.2,0.9844,7,7,7,0,41.8,0.92,1,1,0,0,,38,38,,2000,0,1,0,0,,,0,,35,1,1
10/07/2025,2.48,FWE,4.9,0,19800,0,,35,0,1.5,0.6,0.1,2.2,4,8,7,3.276,38,0.9827,38,0.9827,,1,1.1,35,35,,0.9849,1,1,38,0,1,15,15,39,43,,,1.2,0.9844,7,7,7,0,41.8,0.92,1,1,0,0,,38,38,,2000,0,1,0,0,,,0,,35,1,1
10/07/2025,12,PORT,9.2,0,0,0,,0,0,0,1,0.5,1.5,4,8,7,3.276,38,0.9827,38,0.9827,,1,1.1,35,35,,0.9849,1,1,38,0,1,15,15,39,43,,,1.2,0.9844,7,7,7,0,41.8,0.92,1,1,0,0,,38,38,,2000,0,1,0,0,,,0,,35,1,1
10/08/2025,12,PORT,24,0,0,0,,0,0,0,2.5,1.7,4.2,4,8,7,3.276,38,0.9827,38,0.9827,,1,1.1,35,35,,0.9849,1,1,38,0,1,15,15,39,43,,,1.2,0.9844,7,7,7,0,41.8,0.92,1,1,0,0,,38,38,,2000,0,1,0,0,,,0,,35,0,1
10/08/2025,14,PORT,2,0,0,0,,0,0,0,0.2,0.1,0.3,4,8,7,3.276,38,0.9827,38,0.9827,,1,1.1,35,35,,0.9849,1,1,38,0,1,15,15,39,43,,,1.2,0.9844,7,7,7,0,41.8,0.92,1,1,0,0,,38,38,,2000,0,1,0,0,,,0,,35,0,1
10/08/2025,16.3,BoSP,2.5,0,16050,0,,28.4,0,1.5,0.3,0,1.8,4,8,7,3.276,38,0.9827,38,0.9827,,1,1.1,35,35,,0.9849,1,1,38,0,1,15,15,39,43,,,1.2,0.9844,7,7,7,0,41.8,0.92,1,1,0,0,,38,38,,2000,0,1,0,0,,,0,,35,0,1
10/09/2025,5.42,EoSP,13.2,122,95740,120.9,,169.4,28,5.9,1.4,0,7.3,4,8,7,3.276,38,0.9827,38,0.9827,,1,1.1,35,35,,0.9849,1,1,38,0,1,15,15,39,43,,,1.2,0.9844,7,7,7,0,41.8,0.92,1,1,0,0,,38,38,,2000,0,1,0,0,,,0,,35,1,1
10/09/2025,10,FWE,4.3,0,11370,0,,20.1,0,0.8,0.5,0.2,1.5,4,8,7,3.276,38,0.9827,38,0.9827,,1,1.1,35,35,,0.9849,1,1,38,0,1,15,15,39,43,,,1.2,0.9844,7,7,7,0,41.8,0.92,1,1,0,0,,38,38,,2000,0,1,0,0,,,0,,35,1,1
10/09/2025,12,PORT,2,0,0,0,,0,0,0,0.2,0.2,0.4,4,8,7,3.276,38,0.9827,38,0.9827,,1,1.1,35,35,,0.9849,1,1,38,0,1,15,15,39,43,,,1.2,0.9844,7,7,7,0,41.8,0.92,1,1,0,0,,38,38,,2000,0,1,0,0,,,0,,35,1,1
10/09/2025,22.42,PORT,10.7,0,0,0,,0,0,0,1.2,0.7,1.9,4,8,7,3.276,38,0.9827,38,0.9827,,1,1.1,35,35,,0.9849,1,1,38,0,1,15,15,39,43,,,1.2,0.9844,7,7,7,0,41.8,0.92,1,1,0,0,,38,38,,2000,0,1,0,0,,,0,,35,0,1
10/09/2025,23.42,BoSP,1,0,4080,0,,7.2,0,0.4,0.1,0,0.5,4,8,7,3.276,38,0.9827,38,0.9827,,1,1.1,35,35,,0.9849,1,1,38,0,1,15,15,39,43,,,1.2,0.9844,7,7,7,0,41.8,0.92,1,1,0,0,,38,38,,2000,0,1,0,0,,,0,,35,0,1
10/10/2025,12,SEA,12.3,126,90240,122.3,,159.6,21.1,5.7,1.3,0,7,4,8,7,3.276,38,0.9827,38,0.9827,,1,1.1,35,35,,0.9849,1,1,38,0,1,15,15,39,43,,,1.2,0.9844,7,7,7,0,41.8,0.92,1,1,0,0,,38,38,,2000,0,1,0,0,,,0,,35,0,1
10/10/2025,12.24,EoSP,0.4,8,2950,122.9,,5.2,-53.8,0.3,0,0,0.3,4,8,7,3.276,38,0.9827,38,0.9827,,1,1.1,35,35,,0.9849,1,1,38,0,1,15,15,39,43,,,1.2,0.9844,7,7,7,0,41.8,0.92,1,1,0,0,,38,38,,2000,0,1,0,0,,,0,,35,1,1
10/10/2025,15.18,FWE,2.9,0,18110,0,,32,0,1.5,0.4,0,1.9,4,8,7,3.276,38,0.9827,38,0.9827,,1,1.1,35,35,,0.9849,1,1,38,0,1,15,15,39,43,,,1.2,0.9844,7,7,7,0,41.8,0.92,1,1,0,0,,38,38,,2000,0,1,0,0,,,0,,35,1,1
10/11/2025,6.36,PORT,15.3,0,0,0,,0,0,0,1.6,1,2.6,4,8,7,3.276,38,0.9827,38,0.9827,,1,1.1,35,35,,0.9849,1,1,38,0,1,15,15,39,43,,,1.2,0.9844,7,7,7,0,41.8,0.92,1,1,0,0,,38,38,,2000,0,1,0,0,,,0,,35,0,1
10/11/2025,9.12,BoSP,2.6,0,17280,0,,30.6,0,1.5,0.3,0.1,1.9,4,8,7,3.276,38,0.9827,38,0.9827,,1,1.1,35,35,,0.9849,1,1,38,0,1,15,15,39,43,,,1.2,0.9844,7,7,7,0,41.8,0.92,1,1,0,0,,38,38,,2000,0,1,0,0,,,0,,35,0,1
10/11/2025,12,SEA,2.8,27,20510,122.1,,36.3,25.6,1.3,0.3,0,1.6,4,8,7,3.276,38,0.9827,38,0.9827,,1,1.1,35,35,,0.9849,1,1,38,0,1,15,15,39,43,,,1.2,0.9844,7,7,7,0,41.8,0.92,1,1,0,0,,38,38,,2000,0,1,0,0,,,0,,35,0,1
10/11/2025,22.54,EoSP,10.9,102,79740,121.9,,141.1,27.7,5,1.1,0,6.1,4,8,7,3.276,38,0.9827,38,0.9827,,1,1.1,35,35,,0.9849,1,1,38,0,1,15,15,39,43,,,1.2,0.9844,7,7,7,0,41.8,0.92,1,1,0,0,,38,38,,2000,0,1,0,0,,,0,,35,1,1
10/12/2025,1.36,FWE,2.7,0,9960,0,,17.6,0,0.8,0.3,0.2,1.3,4,8,7,3.276,38,0.9827,38,0.9827,,1,1.1,35,35,,0.9849,1,1,38,0,1,15,15,39,43,,,1.2,0.9844,7,7,7,0,41.8,0.92,1,1,0,0,,38,38,,2000,0,1,0,0,,,0,,35,1,1
10/12/2025,12,PORT,10.4,0,0,0,,0,0,0,1.1,0.6,1.7,4,8,7,3.276,38,0.9827,38,0.9827,,1,1.1,35,35,,0.9849,1,1,38,0,1,15,15,39,43,,,1.2,0.9844,7,7,7,0,41.8,0.92,1,1,0,0,,38,38,,2000,0,1,0,0,,,0,,35,0,1
10/12/2025,13.24,BoSP,1.4,0,5970,0,,10.6,0,0.5,0.2,0.1,0.8,4,8,7,3.276,38,0.9827,38,0.9827,,1,1.1,35,35,,0.9849,1,1,38,0,1,15,15,39,43,,,1.2,0.9844,7,7,7,0,41.8,0.92,1,1,0,0,,38,38,,2000,0,1,0,0,,,0,,35,0,1
10/13/2025,1.18,EoSP,11.9,123,87440,122.5,,154.7,20.5,5.4,1.3,0,6.7,4,8,7,3.276,38,0.9827,38,0.9827,,1,1.1,35,35,,0.9849,1,1,38,0,1,15,15,39,43,,,1.2,0.9844,7,7,7,0,41.8,0.92,1,1,0,0,,38,38,,2000,0,1,0,0,,,0,,35,1,1
10/13/2025,4.3,FWE,3.2,0,18260,0,,32.3,0,1.1,0.4,0,1.5,4,8,7,3.276,38,0.9827,38,0.9827,,1,1.1,35,35,,0.9849,1,1,38,0,1,15,15,39,43,,,1.2,0.9844,7,7,7,0,41.8,0.92,1,1,0,0,,38,38,,2000,0,1,0,0,,,0,,35,1,1
10/13/2025,12,PORT,7.5,0,0,0,,0,0,0,0.8,0.6,1.4,4,8,7,3.276,38,0.9827,38,0.9827,,1,1.1,35,35,,0.9849,1,1,38,0,1,15,15,39,43,,,1.2,0.9844,7,7,7,0,41.8,0.92,1,1,0,0,,38,38,,2000,0,1,0,0,,,0,,35,1,1
10/14/2025,12,PORT,24,0,0,0,,0,0,0,2.6,1.7,4.3,4,8,7,3.276,38,0.9827,38,0.9827,,1,1.1,35,35,,0.9849,1,1,38,0,1,15,15,39,43,,,1.2,0.9844,7,7,7,0,41.8,0.92,1,1,0,0,,38,38,,2000,0,1,0,0,,,0,,35,1,1
10/14/2025,16,PORT,4,0,0,0,,0,0,0,0.4,0.3,0.7,4,8,7,3.276,38,0.9827,38,0.9827,,1,1.1,35,35,,0.9849,1,1,38,0,1,15,15,39,43,,,1.2,0.9844,7,7,7,0,41.8,0.92,1,1,0,0,,38,38,,2000,0,1,0,0,,,0,,35,0,1
10/14/2025,18.18,BoSP,2.3,0,15100,0,,26.7,0,1.4,0.3,0,1.7,4,8,7,3.276,38,0.9827,38,0.9827,,1,1.1,35,35,,0.9849,1,1,38,0,1,15,15,39,43,,,1.2,0.9844,7,7,7,0,41.8,0.92,1,1,0,0,,38,38,,2000,0,1,0,0,,,0,,35,0,1
10/15/2025,7,EoSP,12.7,122,93510,122.7,,165.4,26.2,6,1.3,0,7.3,4,8,7,3.276,38,0.9827,38,0.9827,,1,1.1,35,35,,0.9849,1,1,38,0,1,15,15,39,43,,,1.2,0.9844,7,7,7,0,41.8,0.92,1,1,0,0,,38,38,,2000,0,1,0,0,,,0,,35,1,1
10/15/2025,7.24,FWE,0.4,0,1500,0,,2.7,0,0.1,0.1,0,0.2,4,8,7,3.276,38,0.9827,38,0.9827,,1,1.1,35,35,,0.9849,1,1,38,0,1,15,15,39,43,,,1.2,0.9844,7,7,7,0,41.8,0.92,1,1,0,0,,38,38,,2000,0,1,0,0,,,0,,35,1,1
10/15/2025,12,ANCH,4.6,0,0,0,,0,0,0,0.4,0.3,0.7,4,8,7,3.276,38,0.9827,38,0.9827,,1,1.1,35,35,,0.9849,1,1,38,0,1,15,15,39,43,,,1.2,0.9844,7,7,7,0,41.8,0.92,1,1,0,0,,38,38,,2000,0,1,0,0,,,0,,35,1,1
10/15/2025,19.12,ANCH,7.2,0,0,0,,0,0,0,0.6,0.4,1,4,8,7,3.276,38,0.9827,38,0.9827,,1,1.1,35,35,,0.9849,1,1,38,0,1,15,15,39,43,,,1.2,0.9844,7,7,7,0,41.8,0.92,1,1,0,0,,38,38,,2000,0,1,0,0,,,0,,35,0,1
10/15/2025,22.36,FWE,3.4,0,10350,0,,18.3,0,0.8,0.4,0.2,1.4,4,8,7,3.276,38,0.9827,38,0.9827,,1,1.1,35,35,,0.9849,1,1,38,0,1,15,15,39,43,,,1.2,0.9844,7,7,7,0,41.8,0.92,1,1,0,0,,38,38,,2000,0,1,0,0,,,0,,35,1,1
10/16/2025,3.18,PORT,4.7,0,0,0,,0,0,0,0.5,0.3,0.8,4,8,7,3.276,38,0.9827,38,0.9827,,1,1.1,35,35,,0.9849,1,1,38,0,1,15,15,39,43,,,1.2,0.9844,7,7,7,0,41.8,0.92,1,1,0,0,,38,38,,2000,0,1,0,0,,,0,,35,0,1
10/16/2025,4.3,FWE,1.2,0,2220,0,,3.9,0,0.1,0.1,0.1,0.3,4,8,7,3.276,38,0.9827,38,0.9827,,1,1.1,35,35,,0.9849,1,1,38,0,1,15,15,39,43,,,1.2,0.9844,7,7,7,0,41.8,0.92,1,1,0,0,,38,38,,2000,0,1,0,0,,,0,,35,1,1
10/16/2025,12,PORT,7.5,0,0,0,,0,0,0,1,0.4,1.4,4,8,7,3.276,38,0.9827,38,0.9827,,1,1.1,35,35,,0.9849,1,1,38,0,1,15,15,39,43,,,1.2,0.9844,7,7,7,0,41.8,0.92,1,1,0,0,,38,38,,2000,0,1,0,0,,,0,,35,0,1
10/16/2025,19.18,PORT,7.3,0,0,0,,0,0,0,0.8,0.4,1.2,4,8,7,3.276,38,0.9827,38,0.9827,,1,1.1,35,35,,0.9849,1,1,38,0,1,15,15,39,43,,,1.2,0.9844,7,7,7,0,41.8,0.92,1,1,0,0,,38,38,,2000,0,1,0,0,,,0,,35,0,1
10/16/2025,20.3,BoSP,1.2,0,3640,0,,6.4,0,0.4,0.2,0,0.6,4,8,7,3.276,38,0.9827,,1.0112,,1,1.1,35,35,,0.9849,1,1,38,0,1,15,15,39,43,,,1.2,0.9844,7,7,7,0,41.8,0.92,1,1,0,0,,38,,,2000,0,1,0,0,,,0,,35,0,1
10/17/2025,9.3,EoSP,13,133,95030,121.8,,168.1,20.9,5.9,1.4,0,7.3,4,8,7,3.276,38,0.9827,,1.0112,,1,1.1,35,35,,0.9849,1,1,38,0,1,15,15,39,43,,,1.2,0.9844,7,7,7,0,41.8,0.92,1,1,0,0,,38,,,2000,0,1,0,0,,,0,,35,1,1
10/17/2025,12,WAY,2.5,0,17130,0,,30.3,0,1.1,0.3,0,1.4,4,8,7,3.276,38,0.9827,,1.0112,,1,1.1,35,35,,0.9849,1,1,38,0,1,15,15,39,43,,,1.2,0.9844,7,7,7,0,41.8,0.92,1,1,0,0,,38,,,2000,0,1,0,0,,,0,,35,1,1
10/17/2025,12.24,FWE,0.4,0,200,0,,0.4,0,0.1,0.1,0.1,0.3,4,8,7,3.276,38,0.9827,,1.0112,,1,1.1,35,35,,0.9849,1,1,38,0,1,15,15,39,43,,,1.2,0.9844,7,7,7,0,41.8,0.92,1,1,0,0,,38,,,2000,0,1,0,0,,,0,,35,1,1
10/18/2025,6,PORT,17.6,0,0,0,,0,0,0,1.8,1.3,3.1,4,8,7,3.276,38,0.9827,,1.0112,,1,1.1,35,35,,0.9849,1,1,38,0,1,15,15,39,43,,,1.2,0.9844,7,7,7,0,41.8,0.92,1,1,0,0,,38,,,2000,0,1,0,0,,,0,,35,0,1
10/18/2025,8.12,BoSP,2.2,0,15300,0,,27.1,0,1.5,0.3,0,1.8,4,8,7,3.276,38,0.9827,,1.0112,,1,1.1,35,35,,0.9849,1,1,38,0,1,15,15,39,43,,,1.2,0.9844,7,7,7,0,41.8,0.92,1,1,0,0,,38,,,2000,0,1,0,0,,,0,,35,0,1
10/18/2025,12,SEA,3.8,36,27760,121.8,,49.1,26.7,1.8,0.4,0,2.2,4,8,7,3.276,38,0.9827,,1.0112,,1,1.1,35,35,,0.9849,1,1,38,0,1,15,15,39,43,,,1.2,0.9844,7,7,7,0,41.8,0.92,1,1,0,0,,38,,,2000,0,1,0,0,,,0,,35,0,1
10/18/2025,21.12,EoSP,9.2,86,67460,122.2,,119.3,27.9,4.2,1,0,5.2,4,8,7,3.276,38,0.9827,,1.0112,,1,1.1,35,35,,0.9849,1,1,38,0,1,15,15,39,43,,,1.2,0.9844,7,7,7,0,41.8,0.92,1,1,0,0,,38,,,2000,0,1,0,0,,,0,,35,1,1
10/19/2025,2.18,FWE,5.1,0,10540,0,,18.6,0,0.6,0.6,0.4,1.6,4,8,7,3.276,38,0.9827,,1.0112,,1,1.1,35,35,,0.9849,1,1,38,0,1,15,15,39,43,,,1.2,0.9844,7,7,7,0,41.8,0.92,1,1,0,0,,38,,,2000,0,1,0,0,,,0,,35,1,1
10/19/2025,12,PORT,9.7,0,0,0,,0,0,0,1,0.7,1.7,4,8,7,3.276,38,0.9827,,1.0112,,1,1.1,35,35,,0.9849,1,1,38,0,1,15,15,39,43,,,1.2,0.9844,7,7,7,0,41.8,0.92,1,1,0,0,,38,,,2000,0,1,0,0,,,0,,35,1,1
10/19/2025,14.06,PORT,2.1,0,0,0,,0,0,0,0.2,0.2,0.4,4,8,7,3.276,38,0.9827,,1.0112,,1,1.1,35,35,,0.9849,1,1,38,0,1,15,15,39,43,,,1.2,0.9844,7,7,7,0,41.8,0.92,1,1,0,0,,38,,,2000,0,1,0,0,,,0,,35,0,1
10/19/2025,15,BoSP,0.899999999999999,0,3820,0,,6.8,0,0.2,0.1,0,0.3,4,8,7,3.276,38,0.9827,,1.0112,,1,1.1,35,35,,0.9849,1,1,38,0,1,15,15,39,43,,,1.2,0.9844,7,7,7,0,41.8,0.92,1,1,0,0,,38,,,2000,0,1,0,0,,,0,,35,0,1
10/20/2025,3.36,EoSP,12.6,128,92530,122.4,,163.7,21.8,5.8,1.4,0,7.2,4,8,7,3.276,38,0.9827,,1.0112,,1,1.1,35,35,,0.9849,1,1,38,0,1,15,15,39,43,,,1.2,0.9844,7,7,7,0,41.8,0.92,1,1,0,0,,38,,,2000,0,1,0,0,,,0,,35,1,1
10/20/2025,6.42,FWE,3.1,0,17340,0,,30.7,0,1.3,0.4,0.1,1.8,4,8,7,3.276,38,0.9827,,1.0112,,1,1.1,35,35,,0.9849,1,1,38,0,1,15,15,39,43,,,1.2,0.9844,7,7,7,0,41.8,0.92,1,1,0,0,,38,,,2000,0,1,0,0,,,0,,35,1,1
10/20/2025,12,PORT,5.3,0,0,0,,0,0,0,0.5,0.3,0.8,4,8,7,3.276,38,0.9827,,1.0112,,1,1.1,35,35,,0.9849,1,1,38,0,1,15,15,39,43,,,1.2,0.9844,7,7,7,0,41.8,0.92,1,1,0,0,,38,,,2000,0,1,0,0,,,0,,35,1,1
10/21/2025,12,PORT,24,0,0,0,,0,0,0,2.6,1.5,4.1,4,8,7,3.276,38,0.9827,,1.0112,,1,1.15,35,35,,0.9849,1,1,38,0,1,15,15,39,43,,,1.2,0.9844,7,7,7,0,41.8,0.92,1,1,0,0,,38,,,2000,0,1,0,0,,,0,,35,1,1
10/21/2025,16,PORT,4,0,0,0,,0,0,0,0.4,0.3,0.7,4,8,7,3.276,38,0.9827,,1.0112,,1,1.1,35,35,,0.9849,1,1,38,0,1,15,15,39,43,,,1.2,0.9844,7,7,7,0,41.8,0.92,1,1,0,0,,38,,,2000,0,1,0,0,,,0,,35,0,1
10/21/2025,18.3,BoSP,2.5,0,15970,0,,28.2,0,1.4,0.3,0,1.7,4,8,7,3.276,38,0.9827,,1.0112,,1,1.1,35,35,,0.9849,1,1,38,0,1,15,15,39,43,,,1.2,0.9844,7,7,7,0,41.8,0.92,1,1,0,0,,38,,,2000,0,1,0,0,,,0,,35,0,1
10/22/2025,7.18,EoSP,12.8,123,93590,121.9,,165.6,25.7,6,1.4,0,7.4,4,8,7,3.276,38,0.9827,,1.0112,,1,1.1,35,35,,0.9849,1,1,38,0,1,15,15,39,43,,,1.2,0.9844,7,7,7,0,41.8,0.92,1,1,0,0,,38,,,2000,0,1,0,0,,,0,,35,1,1
10/22/2025,10.18,FWE,3,0,10200,0,,18,0,0.8,0.3,0.1,1.2,4,8,7,3.276,38,0.9827,,1.0112,,1,1.1,35,35,,0.9849,1,1,38,0,1,15,15,39,43,,,1.2,0.9844,7,7,7,0,41.8,0.92,1,1,0,0,,38,,,2000,0,1,0,0,,,0,,35,1,1
10/22/2025,12,PORT,1.7,0,0,0,,0,0,0,0.2,0.1,0.3,4,8,7,3.276,38,0.9827,,1.0112,,1,1.1,35,35,,0.9849,1,1,38,0,1,15,15,39,43,,,1.2,0.9844,7,7,7,0,41.8,0.92,1,1,0,0,,38,,,2000,0,1,0,0,,,0,,35,1,1
10/22/2025,20.24,PORT,8.4,0,0,0,,0,0,0,0.9,0.6,1.5,4,8,7,3.276,38,0.9827,,1.0112,,1,1.1,35,35,,0.9849,1,1,38,0,1,15,15,39,43,,,1.2,0.9844,7,7,7,0,41.8,0.92,1,1,0,0,,38,,,2000,0,1,0,0,,,0,,35,0,1
10/22/2025,21.3,BoSP,1.1,0,4490,0,,7.9,0,0.4,0.1,0,0.5,4,8,7,3.276,38,0.9827,,1.0112,,1,1.1,35,35,,0.9849,1,1,38,0,1,15,15,39,43,,,1.2,0.9844,7,7,7,0,41.8,0.92,1,1,0,0,,38,,,2000,0,1,0,0,,,0,,35,0,1
10/23/2025,9.42,EoSP,12.2,127,89010,121.6,,157.4,19.3,5.5,1.3,0,6.8,4,8,7,3.276,38,0.9827,,1.0112,,1,1.1,35,35,,0.9849,1,1,38,0,1,15,15,39,43,,,1.2,0.9844,7,7,7,0,41.8,0.92,1,1,0,0,,38,,,2000,0,1,0,0,,,0,,35,1,1
10/23/2025,12,WAY,2.3,0,15770,0,,27.9,0,1,0.3,0,1.3,4,8,7,3.276,38,0.9827,,1.0112,,1,1.1,35,35,,0.9849,1,1,38,0,1,15,15,39,43,,,1.2,0.9844,7,7,7,0,41.8,0.92,1,1,0,0,,38,,,2000,0,1,0,0,,,0,,35,1,1
10/23/2025,12.48,FWE,0.800000000000001,0,1700,0,,3,0,0.1,0.1,0.1,0.3,4,8,7,3.276,38,0.9827,,1.0112,,1,1.1,35,35,,0.9849,1,1,38,0,1,15,15,39,43,,,1.2,0.9844,7,7,7,0,41.8,0.92,1,1,0,0,,38,,,2000,0,1,0,0,,,0,,35,1,1
10/24/2025,1.54,PORT,13.1,0,0,0,,0,0,0,1.4,0.9,2.3,4,8,7,3.276,38,0.9827,,1.0112,,1,1.1,35,35,,0.9849,1,1,38,0,1,15,15,39,43,,,1.2,0.9844,7,7,7,0,41.8,0.92,1,1,0,0,,38,,,2000,0,1,0,0,,,0,,35,0,1
10/24/2025,4.3,BoSP,2.6,0,17630,0,,31.2,0,1.2,0.3,0,1.5,4,8,7,3.276,38,0.9827,,1.0112,,1,1.1,35,35,,0.9849,1,1,38,0,1,15,15,39,43,,,1.2,0.9844,7,7,7,0,41.8,0.92,1,1,0,0,,38,,,2000,0,1,0,0,,,0,,35,0,1
10/24/2025,12,SEA,7.5,67,54460,121,,96.3,30.4,3.4,0.8,0,4.2,4,8,7,3.276,38,0.9827,,1.0112,,1,1.1,35,35,,0.9849,1,1,38,0,1,15,15,39,43,,,1.2,0.9844,7,7,7,0,41.8,0.92,1,1,0,0,,38,,,2000,0,1,0,0,,,0,,35,0,1
10/24/2025,18.3,EoSP,6.5,59,47620,122.1,,84.2,29.9,2.9,0.7,0,3.6,4,8,7,3.276,38,0.9827,,1.0112,,1,1.1,35,35,,0.9849,1,1,38,0,1,15,15,39,43,,,1.2,0.9844,7,7,7,0,41.8,0.92,1,1,0,0,,38,,,2000,0,1,0,0,,,0,,35,1,1
10/24/2025,21.48,FWE,3.3,0,11270,0,,19.9,0,0.8,0.4,0.1,1.3,4,8,7,3.276,38,0.9827,,1.0112,,1,1.1,35,35,,0.9849,1,1,38,0,1,15,15,39,43,,,1.2,0.9844,7,7,7,0,41.8,0.92,1,1,0,0,,38,,,2000,0,1,0,0,,,0,,35,1,1
10/25/2025,12,PORT,14.2,0,0,0,,0,0,0,1.5,1,2.5,4,8,7,3.276,38,0.9827,,1.0112,,1,1.1,35,35,,0.9849,1,1,38,0,1,15,15,39,43,,,1.2,0.9844,7,7,7,0,41.8,0.92,1,1,0,0,,38,,,2000,0,1,0,0,,,0,,35,1,1
10/25/2025,16.54,PORT,4.9,0,0,0,,0,0,0,0.5,0.4,0.9,4,8,7,3.276,38,0.9827,,1.0112,,1,1.1,35,35,,0.9849,1,1,38,0,1,15,15,39,43,,,1.2,0.9844,7,7,7,0,41.8,0.92,1,1,0,0,,38,,,2000,0,1,0,0,,,0,,35,0,1
10/25/2025,17.48,BoSP,0.900000000000002,0,4820,0,,8.5,0,0.6,0.1,0,0.7,4,8,7,3.276,38,0.9827,,1.0112,,1,1.1,35,35,,0.9849,1,1,38,0,1,15,15,39,43,,,1.2,0.9844,7,7,7,0,41.8,0.92,1,1,0,0,,38,,,2000,0,1,0,0,,,0,,35,0,1
10/26/2025,6.3,EoSP,12.7,128,92770,121.7,,164.1,22,5.8,1.3,0,7.1,4,8,7,3.276,38,0.9827,,1.0112,,1,1.1,35,35,,0.9849,1,1,38,0,1,15,15,39,43,,,1.2,0.9844,7,7,7,0,41.8,0.92,1,1,0,0,,38,,,2000,0,1,0,0,,,0,,35,0,1
10/26/2025,9.24,FWE,2.9,0,16610,0,,29.4,0,1.4,0.4,0,1.8,4,8,7,3.276,38,0.9827,,1.0112,,1,1.1,35,35,,0.9849,1,1,38,0,1,15,15,39,43,,,1.2,0.9844,7,7,7,0,41.8,0.92,1,1,0,0,,38,,,2000,0,1,0,0,,,0,,35,1,1
10/26/2025,12,PORT,2.6,0,0,0,,0,0,0,0.3,0.2,0.5,4,8,7,3.276,38,0.9827,,1.0112,,1,1.1,35,35,,0.9849,1,1,38,0,1,15,15,39,43,,,1.2,0.9844,7,7,7,0,41.8,0.92,1,1,0,0,,38,,,2000,0,1,0,0,,,0,,35,0,1
10/27/2025,4.3,PORT,16.5,0,0,0,,0,0,0,1.7,1.2,2.9,4,8,7,3.276,38,0.9827,,1.0112,,1,1.1,35,35,,0.9849,1,1,38,0,1,15,15,39,43,,,1.2,0.9844,7,7,7,0,41.8,0.92,1,1,0,0,,38,,,2000,0,1,0,0,,,0,,35,0,1
10/27/2025,6.48,BoSP,2.3,0,15120,0,,26.7,0,1.4,0.3,0,1.7,4,8,7,3.276,38,0.9827,,1.0112,,1.2,1.1,35,35,,0.9849,1,1,38,0,1,15,15,39,43,,,1.2,0.9844,7,7,7,0,41.8,0.92,1,1,0,0,,38,,,2000,0,1,0,0,,,0,,35,0,1
10/27/2025,12,SEA,5.2,46,38110,122.1,,67.4,31.8,2.4,0.6,0,3,4,8,7,3.276,3,1.009,,1.0112,,1,1.1,35,35,,0.9849,1,1,38,0,1,15,15,39,43,,,1.2,0.9844,7,7,7,0,41.8,0.92,1,1,0,0,,3,,,2000,0,1,0,0,,,0,,35,0,1
10/27/2025,20,EoSP,8,73,58390,121.6,,103.3,29.3,4,0.8,0,4.8,4,8,7,3.276,3,1.009,,1.0112,,1.05,1.1,35,35,,0.9849,1,1,38,0,1,15,15,39,43,,,1.2,0.9844,7,7,7,0,41.8,0.92,1,1,0,0,,3,,,2000,0,1,0,0,,,0,,35,1,1
10/27/2025,23.24,FWE,3.4,0,13290,0,,23.5,0,0.9,0.4,0.3,1.6,4,8,7,3.276,3,1.009,,1.0112,,1.2,1.1,35,35,,0.9849,1,1,38,0,1,15,15,39,43,,,1.2,0.9844,7,7,7,0,41.8,0.92,1,1,0,0,,3,,,2000,0,1,0,0,,,0,,35,1,1
10/28/2025,8.06,PORT,8.7,0,0,0,,0,0,0,0.9,0.6,1.5,4,8,7,3.276,3,1.009,,1.0112,,1.2,1.1,35,35,,0.9849,1,1,38,0,1,15,15,39,43,,,1.2,0.9844,7,7,7,0,41.8,0.92,1,1,0,0,,3,,,2000,0,1,0,0,,,0,,35,0,1
10/28/2025,9.12,FWE,1.1,0,2080,0,,3.7,0,0.1,0.1,0.1,0.3,4,8,7,3.276,3,1.009,,1.0112,,1.2,1.1,35,35,,0.9849,1,1,38,0,1,15,15,39,43,,,1.2,0.9844,7,7,7,0,41.8,0.92,1,1,0,0,,3,,,2000,0,1,0,0,,,0,,35,1,1
10/28/2025,12,PORT,2.8,0,0,0,,0,0,0,0.4,0.2,0.6,4,8,7,3.276,3,1.009,,1.0112,,1.2,1.1,35,35,,0.9849,1,1,38,0,1,15,15,39,43,,,1.2,0.9844,7,7,7,0,41.8,0.92,1,1,0,0,,3,,,2000,0,1,0,0,,,0,,35,0,1
10/28/2025,18.36,PORT,6.6,0,0,0,,0,0,0,0.7,0.5,1.2,4,8,7,3.276,3,1.009,,1.0112,,1.2,1.1,35,35,,0.9849,1,1,38,0,1,15,15,39,43,,,1.2,0.9844,7,7,7,0,41.8,0.92,1,1,0,0,,3,,,2000,0,1,0,0,,,0,,35,0,1
10/28/2025,19.3,BoSP,0.900000000000002,0,3400,0,,6,0,0.5,0.1,0,0.6,4,8,7,3.276,3,1.009,,1.0112,,1.3,1.1,35,35,,0.9849,1,1,38,0,1,15,15,39,43,,,1.2,0.9844,7,7,7,0,41.8,0.92,1,1,0,0,,3,,,2000,0,1,0,0,,,0,,35,0,1
10/29/2025,8.06,EoSP,12.6,126,92300,122.1,,163.3,22.8,6.1,1.3,0,7.4,4,8,7,3.276,3,1.009,,1.0112,,1.02,1.1,35,35,,0.9849,1,1,38,0,1,15,15,39,43,,,1.2,0.9844,7,7,7,0,41.8,0.92,1,1,0,0,,3,,,2000,0,1,0,0,,,0,,35,0,1
10/29/2025,12,FWE,3.9,0,18030,0,,31.9,0,1.5,0.5,0.2,2.2,4,8,7,3.276,3,1.009,,1.0112,,1.5,1.1,35,35,,0.9849,1,1,38,0,1,15,15,39,43,,,1.2,0.9844,7,7,7,0,41.8,0.92,1,1,0,0,,3,,,2000,0,1,0,0,,,0,,35,1,1
10/30/2025,2,PORT,14,0,0,0,,0,0,0,1.5,1.1,2.6,4,8,7,3.276,3,1.009,,1.0112,,1,1.1,35,35,,0.9849,1,1,38,0,1,15,15,39,43,,,1.2,0.9844,7,7,7,0,41.8,0.92,1,1,0,0,,3,,,2000,0,1,0,0,,,0,,35,0,1
10/30/2025,4.18,BoSP,2.3,0,14910,0,,26.4,0,1.5,0.3,0,1.8,4,8,7,3.276,3,1.009,,1.0112,,1.3,1.1,35,35,,0.9849,1,1,38,0,1,15,15,39,43,,,1.2,0.9844,7,7,7,0,41.8,0.92,1,1,0,0,,3,,,2000,0,1,0,0,,,0,,35,0,1
10/30/2025,12,SEA,7.7,71,56600,122.5,,100.1,29.1,3.8,0.8,0,4.6,4,8,7,3.276,3,1.009,,1.0112,,1.02,1.1,35,35,,0.9849,1,1,38,0,1,15,15,39,43,,,1.2,0.9844,7,7,7,0,41.8,0.92,1,1,0,0,,3,,,2000,0,1,0,0,,,0,,35,0,1
10/30/2025,17.36,EoSP,5.6,53,41140,122.4,,72.8,27.2,2.7,0.6,0,3.3,4,8,7,3.276,3,1.009,,1.0112,,1.02,1.1,35,35,,0.9849,1,1,38,0,1,15,15,39,43,,,1.2,0.9844,7,7,7,0,41.8,0.92,1,1,0,0,,3,,,2000,0,1,0,0,,,0,,35,1,1
10/30/2025,20.36,FWE,3,0,9760,0,,17.3,0,0.7,0.4,0.3,1.4,4,8,7,3.276,3,1.009,,1.0112,,1.5,1.1,35,35,,0.9849,1,1,38,0,1,15,15,39,43,,,1.2,0.9844,7,7,7,0,41.8,0.92,1,1,0,0,,3,,,2000,0,1,0,0,,,0,,35,1,1
10/31/2025,7.12,PORT,10.6,0,0,0,,0,0,0,1.1,1.1,2.2,4,8,7,3.276,3,1.009,,1.0112,,1.5,1.1,35,35,,0.9849,1,1,38,0,1,15,15,39,43,,,1.2,0.9844,7,7,7,0,41.8,0.92,1,1,0,0,,3,,,2000,0,1,0,0,,,0,,35,0,1
10/31/2025,9.36,FWE,2.4,0,11030,0,,19.5,0,1,0.3,0.1,1.4,4,8,7,3.276,3,1.009,,1.0112,,1.5,1.1,35,35,,0.9849,1,1,38,0,1,15,15,39,43,,,1.2,0.9844,7,7,7,0,41.8,0.92,1,1,0,0,,3,,,2000,0,1,0,0,,,0,,35,1,1
10/31/2025,12,ANCH,2.4,0,0,0,,0,0,0,0.3,0.1,0.4,4,8,7,3.276,3,1.009,,1.0112,,1.5,1.1,35,35,,0.9849,1,1,38,0,1,15,15,39,43,,,1.2,0.9844,7,7,7,0,41.8,0.92,1,1,0,0,,3,,,2000,0,1,0,0,,,0,,35,0,1
10/31/2025,17.48,ANCH,5.8,0,0,0,,0,0,0,0.6,0.4,1,4,8,7,3.276,3,1.009,,1.0112,,1.5,1.1,35,35,,0.9849,1,1,38,0,1,15,15,39,43,,,1.2,0.9844,7,7,7,0,41.8,0.92,1,1,0,0,,3,,,2000,0,1,0,0,,,0,,35,1,1
10/31/2025,18.3,BoSP,0.700000000000001,0,2520,0,,4.5,0,0.2,0.1,0.1,0.4,4,8,7,3.276,3,1.009,,1.0112,,1.5,1.1,35,35,,0.9849,1,1,38,0,1,15,15,39,43,,,1.2,0.9844,7,7,7,0,41.8,0.92,1,1,0,0,,3,,,2000,0,1,0,0,,,0,,35,0,1
11/01/2025,6.12,EoSP,11.7,119,85920,122.4,,152,21.7,6,1.2,0,7.2,4,8,7,3.276,3,1.009,,1.0112,,1.04,1.1,35,35,,0.9849,1,1,38,0,1,15,15,39,43,,,1.2,0.9844,7,7,7,0,41.8,0.92,1,1,0,0,,3,,,2000,0,1,0,0,,,0,,35,1,1
11/01/2025,9.24,FWE,3.2,0,17040,0,,30.1,0,1.6,0.4,0.1,2.1,4,8,7,3.276,3,1.009,,1.0112,,1.5,1.1,35,35,,0.9849,1,1,38,0,1,15,15,39,43,,,1.2,0.9844,7,7,7,0,41.8,0.92,1,1,0,0,,3,,,2000,0,1,0,0,,,0,,35,1,1
11/01/2025,12,PORT,2.6,0,0,0,,0,0,0,0.3,0.1,0.4,4,8,7,3.276,3,1.009,,1.0112,,1.5,1.1,35,35,,0.9849,1,1,38,0,1,15,15,39,43,,,2,0.9844,7,7,7,0,41.8,0.92,1,1,0,0,,3,,,2000,0,1,0,0,,,0,,35,1,1
11/02/2025,3.42,PORT,15.7,0,0,0,,0,0,0,1.6,1.1,2.7,4,8,7,3.276,3,1.009,,1.0112,,1.5,1.1,35,35,,0.9849,1,1,38,0,1,15,15,39,43,,,1.3,0.9844,7,7,7,0,41.8,0.92,1,1,0,0,,3,,,2000,0,1,0,0,,,0,,35,0,1
11/02/2025,6.3,BoSP,2.8,0,18270,0,,32.3,0,1.6,0.3,0.1,2,4,8,7,3.276,3,1.009,,1.0112,,1.3,1.1,35,35,,0.9849,1,1,38,0,1,15,15,39,43,,,2,0.9844,7,7,7,0,41.8,0.92,1,1,0,0,,3,,,2000,0,1,0,0,,,0,,35,0,1
11/02/2025,12,SEA,5.5,50,40300,122.1,,71.3,29.9,2.7,0.7,0,3.4,4,8,7,3.276,3,1.009,,1.0112,,1.02,1.1,35,35,,0.9849,1,1,38,0,1,60,15,39,43,,,2,0.9844,7,7,7,0,41.8,0.92,1,1,0,0,,3,,,2000,0,1,0,0,,,0,,35,0,1
11/02/2025,19,EoSP,7,66,51190,121.9,,90.5,27.1,3.3,0.8,0,4.1,4,8,7,3.276,3,1.009,,1.0112,,1.02,1.1,35,35,,0.9849,1,1,38,0,1,60,15,39,43,,,2,0.9844,7,7,7,0,41.8,0.92,1,1,0,0,,3,,,2000,0,1,0,0,,,0,,35,1,1
11/02/2025,21.48,FWE,2.8,0,12340,0,,21.8,0,0.8,0.3,0.3,1.4,4,8,7,3.276,3,1.009,,1.0112,,1.3,1.1,35,35,,0.9849,1,1,38,0,1,60,15,39,43,,,1.5,0.9844,7,7,7,0,41.8,0.92,1,1,0,0,,3,,,2000,0,1,0,0,,,0,,35,1,1
11/03/2025,12,PORT,14.2,0,0,0,,0,0,0,1.5,1.2,2.7,4,8,7,3.276,3,1.009,,1.0112,,1.3,1.15,35,35,,0.9849,1,1,38,0,1,60,15,39,43,,,1.2,0.9844,7,7,7,0,41.8,0.92,1,1,0,0,,3,,,2000,0,1,0,0,,,0,,35,1,1
11/03/2025,16,PORT,4,0,0,0,,0,0,0,0.4,0.3,0.7,4,8,7,3.276,3,1.009,,1.0112,,1.3,1.1,35,35,,0.9849,1,1,38,0,1,60,15,39,43,,,1.2,0.9844,7,7,7,0,41.8,0.92,1,1,0,0,,3,,,2000,0,1,0,0,,,0,,35,0,1
11/03/2025,17,BoSP,1,0,4990,0,,8.8,0,0.6,0.1,0.1,0.8,4,8,7,3.276,3,1.009,,1.0112,,1.6,1.1,35,35,,0.9849,1,1,38,0,1,60,15,39,43,,,2,0.9844,7,7,7,0,41.8,0.92,1,1,0,0,,3,,,2000,0,1,0,0,,,0,,35,0,1
11/04/2025,6,EoSP,13,128,95160,122,,168.3,23.9,6.3,1.3,0,7.6,4,8,7,3.276,3,1.009,,1.0112,,1,1.1,35,35,,0.9849,1,1,38,0,1,60,15,39,43,,,2,0.9844,7,7,7,0,41.8,0.92,1,1,0,0,,3,,,2000,0,1,0,0,,,0,,35,1,1
11/04/2025,9.36,FWE,3.6,0,13860,0,,24.5,0,1.2,0.5,0.2,1.9,4,8,7,3.276,3,1.009,,1.0112,,1.5,1.15,35,35,,0.9849,1,1,38,0,1,60,15,39,43,,,2,0.9844,7,7,7,0,41.8,0.92,1,1,0,0,,3,,,2000,0,1,0,0,,,0,,35,1,1
11/04/2025,12,PORT,2.4,0,0,0,,0,0,0,0.3,0.2,0.5,4,8,7,3.276,3,1.009,,1.0112,,1,1.6,35,35,,0.9849,1,1,38,0,1,60,15,39,43,,,1.5,0.9844,7,7,7,0,41.8,0.92,1,1,0,0,,3,,,2000,0,1,0,0,,,0,,35,1,1
11/04/2025,22.06,PORT,10.1,0,0,0,,0,0,0,1.1,0.8,1.9,4,8,7,3.276,3,1.009,,1.0112,,1,1.15,35,35,,0.9849,1,1,38,0,1,60,15,39,43,,,1.3,0.9844,7,7,7,0,41.8,0.92,1,1,0,0,,3,,,2000,0,1,0,0,,,0,,35,0,1
11/05/2025,0.3,BoSP,2.4,0,15320,0,,27.1,0,1.5,0.3,0.1,1.9,4,8,7,3.276,3,1.009,,1.0112,,1.3,1.15,35,35,,0.9849,1,1,38,0,1,60,15,39,43,,,2,0.9844,7,7,7,0,41.8,0.92,1,1,0,0,,3,,,2000,0,1,0,0,,,0,,35,0,1
11/05/2025,12,SEA,11.5,104,86470,125.3,,153,32,5.8,1.3,0,7.1,4,8,7,3.276,3,1.009,,1.0112,,1,1.15,35,35,,0.9849,1,1,38,0,1,60,15,39,43,,,2,0.9844,7,7,7,0,41.8,0.92,1,1,0,0,,3,,,2000,0,1,0,0,,,0,,35,1,1
11/05/2025,14,EoSP,2,17.4,15110,125.9,,26.7,34.8,1,0.2,0,1.2,4,8,7,3.276,3,1.009,,1.0112,,1,1.15,35,35,,0.9849,1,1,38,0,1,60,15,39,43,,,2,0.9844,7,7,7,0,41.8,0.92,1,1,0,0,,3,,,2000,0,1,0,0,,,0,,35,1,1
11/05/2025,17.42,FWE,3.7,0,10790,0,,19.1,0,0.7,0.5,0.2,1.4,4,8,7,3.276,3,1.009,,1.0112,,1.3,1.15,35,35,,0.9849,1,1,38,0,1,60,15,39,43,,,1.5,0.9844,7,7,7,0,41.8,0.92,1,1,0,0,,3,,,2000,0,1,0,0,,,0,,35,1,1
11/06/2025,6.12,PORT,12.5,0,0,0,,0,0,0,1.3,1.1,2.4,4,8,7,3.276,3,1.009,,1.0112,,1.3,1.1,35,35,,0.9849,1,1,38,0,1,60,15,39,43,,,1.5,0.9844,7,7,7,0,41.8,0.92,1,1,0,0,,3,,,2000,0,1,0,0,,,0,,35,0,1
11/06/2025,7,BoSP,0.8,0,3340,0,,5.9,0,0.4,0.1,0,0.5,4,8,7,3.276,3,1.009,,1.0112,,2,1.1,35,35,,0.9849,1,1,38,0,1,60,15,39,43,,,1.5,0.9844,7,7,7,0,41.8,0.92,1,1,0,0,,3,,,2000,0,1,0,0,,,0,,35,0,1
11/06/2025,12,SEA,5,51,36550,121.8,,64.7,21.2,2.4,0.5,0,2.9,4,8,7,3.276,3,1.009,,1.0112,,1,1.15,35,35,,0.9849,1,1,38,0,1,60,15,39,43,,,1.5,0.9844,7,7,7,0,41.8,0.92,1,1,0,0,,3,,,2000,0,1,0,0,,,0,,35,0,1
11/06/2025,19,EoSP,7,75,51520,122.7,,91.1,17.7,3.5,0.8,0,4.3,4,8,7,3.276,3,1.009,,1.0112,,1.02,1.15,35,35,,0.9849,1,1,38,0,1,60,15,39,43,,,1.5,0.9844,7,7,7,0,41.8,0.92,1,1,0,0,,3,,,2000,0,1,0,0,,,0,,35,1,1
11/06/2025,22.06,FWE,3.1,0,18350,0,,32.5,0,1.6,0.4,0.1,2.1,4,8,7,3.276,3,1.009,,1.0112,,1.3,1.15,35,35,,0.9849,1,1,38,0,1,60,15,39,43,,,2,0.9844,7,7,7,0,41.8,0.92,1,1,0,0,,3,,,2000,0,1,0,0,,,0,,35,1,1
11/07/2025,12,PORT,13.9,0,0,0,,0,0,0,1.4,1,2.4,4,8,7,3.276,3,1.009,,1.0112,,1.3,1.15,35,35,,0.9849,1,1,38,0,1,60,15,39,43,,,1.2,0.9844,7,7,7,0,41.8,0.92,1,1,0,0,,3,,,2000,0,1,0,0,,,0,,35,1,1
11/08/2025,12,PORT,24,0,0,0,,0,0,0,2.6,1.7,4.3,4,8,7,3.276,3,1.009,,1.0112,,1.3,1.2,35,35,,0.9849,1,1,38,0,1,60,15,39,43,,,1.35,0.9844,7,7,7,0,41.8,0.92,1,1,0,0,,3,,,2000,0,1,0,0,,,0,,35,1,1
11/09/2025,0,PORT,12,0,0,0,,0,0,0,1.3,0.8,2.1,4,8,7,3.276,3,1.009,,1.0112,,1.3,1.2,35,35,,0.9849,1,1,38,0,1,60,15,39,43,,,1.2,0.9844,7,7,7,0,41.8,0.92,1,1,0,0,,3,,,2000,0,1,0,0,,,0,,35,1,1
11/09/2025,2.3,BoSP,2.5,0,16310,0,,28.9,0,1.6,0.3,0.1,2,4,8,7,3.276,3,1.009,,1.0112,,1.3,1.2,35,35,,0.9849,1,1,38,0,1,60,15,39,43,,,2,0.9844,7,7,7,0,41.8,0.92,1,1,0,0,,3,,,2000,0,1,0,0,,,0,,35,0,1
11/09/2025,12,SEA,9.5,87,71280,125.1,,126.1,31,4.8,1,0,5.8,4,8,7,3.276,3,1.009,,1.0112,,1,1.2,35,35,,0.9849,1,1,38,0,1,60,15,39,43,,,2,0.9844,7,7,7,0,41.8,0.92,1,1,0,0,,3,,,2000,0,1,0,0,,,0,,35,1,1
11/09/2025,15.3,EoSP,3.5,33,26270,125.1,,46.5,29,1.7,0.4,0,2.1,4,8,7,3.276,3,1.009,,1.0112,,1,1.2,35,35,,0.9849,1,1,38,0,1,60,15,39,43,,,2,0.9844,7,7,7,0,41.8,0.92,1,1,0,0,,3,,,2000,0,1,0,0,,,0,,35,1,1
11/09/2025,17.24,FWE,1.9,0,10450,0,,18.5,0,0.8,0.2,0.1,1.1,4,8,7,3.276,3,1.009,,1.0112,,1.2,1.2,35,35,,0.9849,1,1,38,0,1,60,15,39,43,,,2,0.9844,7,7,7,0,41.8,0.92,1,1,0,0,,3,,,2000,0,1,0,0,,,0,,35,1,1
11/10/2025,8.48,PORT,15.4,0,0,0,,0,0,0,1.8,1.2,3,4,8,7,3.276,3,1.009,,1.0112,,1.2,1.2,35,35,,0.9849,1,1,38,0,1,60,15,39,43,,,1.3,0.9844,7,7,7,0,41.8,0.92,1,1,0,0,,3,,,2000,0,1,0,0,,,0,,35,0,1
11/10/2025,10,BoSP,1.2,0,6660,0,,11.8,0,0.7,0.1,0.1,0.9,4,8,7,3.276,3,1.009,,1.0112,,1.4,1.2,35,35,,0.9849,1,1,38,0,1,60,15,39,43,,,2,0.9844,7,7,7,0,41.8,0.92,1,1,0,0,,3,,,2000,0,1,0,0,,,0,,35,0,1
11/10/2025,12,SEA,2,21,14740,122.8,,26.1,19.5,1,0.2,0,1.2,4,8,7,3.276,3,1.009,,1.0112,,1.02,1.2,35,35,,0.9849,1,1,38,0,1,60,15,39,43,,,2,0.9844,7,7,7,0,41.8,0.92,1,1,0,0,,3,,,2000,0,1,0,0,,,0,,35,0,1
11/10/2025,21.3,EoSP,9.5,99,70330,123.4,,124.4,20.4,4.9,1.1,0,6,4,8,7,3.276,3,1.009,,1.0112,,1.02,1.2,35,35,,0.9849,1,1,38,0,1,60,15,39,43,,,2,0.9844,7,7,7,0,41.8,0.92,1,1,0,0,,3,,,2000,0,1,0,0,,,0,,35,1,1
11/11/2025,1.12,FWE,3.7,0,19740,0,,34.9,0,1.6,0.4,0.1,2.1,4,8,7,3.276,3,1.009,,1.0112,,1.2,1.2,35,35,,0.9849,1,1,38,0,1,60,15,39,43,,,1.5,0.9844,7,7,7,0,41.8,0.92,1,1,0,0,,3,,,2000,0,1,0,0,,,0,,35,1,1
11/11/2025,12,PORT,10.8,0,0,0,,0,0,0,1.2,1,2.2,4,8,7,3.276,3,1.009,,1.0112,,1.2,1.2,35,35,,0.9849,1,1,38,0,1,60,15,39,43,,,1.5,0.9844,7,7,7,0,41.8,0.92,1,1,0,0,,3,,,2000,0,1,0,0,,,0,,35,1,1
11/11/2025,18.36,PORT,6.6,0,0,0,,0,0,0,0.7,0.9,1.6,4,8,7,3.276,3,1.009,,1.0112,,1.2,1.2,35,35,,0.9849,1,1,38,0,1,60,15,39,43,,,2,0.9844,7,7,7,0,41.8,0.92,1,1,0,0,,3,,,2000,0,1,0,0,,,0,,35,1,1
11/11/2025,21,BoSP,2.4,0,14430,0,,25.5,0,1.3,0.3,0.1,1.7,4,8,7,3.276,3,1.009,,1.0112,,1.3,1.2,35,35,,0.9849,1,1,38,0,1,60,15,39,43,,,2,0.9844,7,7,7,0,41.8,0.92,1,1,0,0,,3,,,2000,0,1,0,0,,,0,,35,0,1
11/12/2025,10,EoSP,13,124,95090,121.9,,168.2,26.3,6.3,1.4,0,7.7,4,8,7,3.276,3,1.009,,1.0112,,1.02,1.2,35,35,,0.9849,1,1,38,0,1,60,15,39,43,,,2,0.9844,7,7,7,0,41.8,0.92,1,1,0,0,,3,,,2000,0,1,0,0,,,0,,35,1,1
11/12/2025,12,WAY,2,0,2450,0,,4.3,0,0.1,0.2,0.2,0.5,4,8,7,3.276,3,1.009,,1.0112,,1.02,1.2,35,35,,0.9849,1,1,38,0,1,60,15,39,43,,,2,0.9844,7,7,7,0,41.8,0.92,1,1,0,0,,3,,,2000,0,1,0,0,,,0,,35,1,1
11/12/2025,15,FWE,3,0,10660,0,,18.9,0,0.8,0.4,0.2,1.4,4,8,7,3.276,3,1.009,,1.0112,,1.3,1.2,35,35,,0.9849,1,1,38,0,1,60,15,39,43,,,1,0.9844,7,7,7,0,41.8,0.92,1,1,0,0,,3,,,2000,0,1,0,0,,,0,,35,1,1
11/12/2025,20,PORT,5,0,0,0,,0,0,0,0.5,0.4,0.9,4,8,7,3.276,3,1.009,,1.0112,,1.3,1.2,35,35,,0.9849,1,1,38,0,1,60,15,39,43,,,1.2,0.9844,7,7,7,0,41.8,0.92,1,1,0,0,,3,,,2000,0,1,0,0,,,0,,35,0,1
11/12/2025,21.24,FWE,1.4,0,1900,0,,3.4,0,0.1,0.2,0.1,0.4,4,8,7,3.276,3,1.009,,1.0112,,1.3,1.2,35,35,,0.9849,1,1,38,0,1,60,15,39,43,,,1.5,0.9844,7,7,7,0,41.8,0.92,1,1,0,0,,3,,,2000,0,1,0,0,,,0,,35,1,1
11/13/2025,6.3,PORT,9.1,0,0,0,,0,0,0,0.9,0.8,1.7,4,8,7,3.276,3,1.009,,1.0112,,1.3,1.2,35,35,,0.9849,1,1,38,0,1,60,15,39,43,,,1.5,0.9844,7,7,7,0,41.8,0.92,1,1,0,0,,3,,,2000,0,1,0,0,,,0,,35,0,1
11/13/2025,8,BoSP,1.5,0,5280,0,,9.3,0,0.5,0.2,0.1,0.8,4,8,7,3.276,3,1.009,,1.0112,,1.8,1.2,35,35,,0.9849,1,1,38,0,1,60,15,39,43,,,1.5,0.9844,7,7,7,0,41.8,0.92,1,1,0,0,,3,,,2000,0,1,0,0,,,0,,35,1,1
11/13/2025,12,SEA,4,42,29230,121.8,,51.7,18.8,1.9,0.5,0,2.4,4,8,7,3.276,3,1.009,,1.0112,,1.02,1.2,35,35,,0.9849,1,1,38,0,1,60,15,39,43,,,1.5,0.9844,7,7,7,0,41.8,0.92,1,1,0,0,,3,,,2000,0,1,0,0,,,0,,35,1,1
11/13/2025,20.3,EoSP,8.5,83,60390,118.4,,106.8,22.3,4.5,1,0,5.5,4,8,7,3.276,3,1.009,,1.0112,,1.02,1.2,35,35,,0.9849,1,1,38,0,1,60,15,39,43,,,1.5,0.9844,7,7,7,0,41.8,0.92,1,1,0,0,,3,,,2000,0,1,0,0,,,0,,35,1,1
11/14/2025,,FWE,3.5,0,18510,0,,32.7,0,1.5,0.5,0.1,2.1,4,8,7,3.276,3,1.009,,1.0112,,1.3,1.2,35,35,,0.9849,1,1,38,0,1,60,15,39,43,,,1.5,0.9844,7,7,7,0,41.8,0.92,1,1,0,0,,3,,,2000,0,1,0,0,,,0,,35,1,1
11/14/2025,12,PORT,12,0,0,0,,0,0,0,1.2,1.1,2.3,4,8,7,3.276,3,1.009,,1.0112,,1.3,1.2,35,35,,0.9849,1,1,38,0,1,60,15,39,43,,,1.5,0.9844,7,7,7,0,41.8,0.92,1,1,0,0,,3,,,2000,0,1,0,0,,,0,,35,1,1
11/14/2025,16.42,PORT,4.7,0,0,0,,0,0,0,0.5,0.5,1,4,8,7,3.276,3,1.009,,1.0112,,1.3,1.2,35,35,,0.9849,1,1,38,0,1,60,15,39,43,,,1.5,0.9844,7,7,7,0,41.8,0.92,1,1,0,0,,3,,,2000,0,1,0,0,,,0,,35,1,1
11/14/2025,19.3,BoSP,2.8,0,18100,0,,32,0,1.6,0.3,0.1,2,4,8,7,3.276,3,1.009,,1.0112,,1.3,1.2,35,35,,0.9849,1,1,38,0,1,60,15,39,43,,,1.5,0.9844,7,7,7,0,41.8,0.92,1,1,0,0,,3,,,2000,0,1,0,0,,,0,,35,0,1
11/15/2025,7.3,EoSP,12,116,89530,124.3,,158.4,26.8,6.2,1.3,0,7.5,4,8,7,3.276,3,1.009,,1.0112,,1.02,1.2,35,35,,0.9849,1,1,38,0,1,60,15,39,43,,,1.5,0.9844,7,7,7,0,41.8,0.92,1,1,0,0,,3,,,2000,0,1,0,0,,,0,,35,1,1
11/15/2025,8.36,FWE,1.1,0,4150,0,,7.3,0,0.1,0.1,0.1,0.3,4,8,7,3.276,3,1.009,,1.0112,,1.02,1.2,35,35,,0.9849,1,1,38,0,1,60,15,39,43,,,1.5,0.9844,7,7,7,0,41.8,0.92,1,1,0,0,,3,,,2000,0,1,0,0,,,0,,35,1,1
11/15/2025,11.48,ANCH,3.2,0,0,0,,0,0,0,0.4,0.3,0.7,4,8,7,3.276,3,1.009,,1.0112,,1.02,1.2,35,35,,0.9849,1,1,38,0,1,60,15,39,43,,,1.5,0.9844,7,7,7,0,41.8,0.92,1,1,0,0,,3,,,2000,0,1,0,0,,,0,,35,0,1
11/15/2025,12,WAY,0.199999999999999,0,0,0,,0,0,0,0,0,0,4,8,7,3.276,3,1.009,,1.0112,,1.02,1.2,35,35,,0.9849,1,1,38,0,1,60,15,39,43,,,1.5,0.9844,7,7,7,0,41.8,0.92,1,1,0,0,,3,,,2000,0,1,0,0,,,0,,35,1,1
11/15/2025,15.18,FWE,3.3,0,9070,0,,16,0,0.7,0.4,0.3,1.4,4,8,7,3.276,3,1.009,,1.0112,,1.5,1.2,35,35,,0.9849,1,1,38,0,1,60,15,39,43,,,1.5,0.9844,7,7,7,0,41.8,0.92,1,1,0,0,,3,,,2000,0,1,0,0,,,0,,35,1,1
11/16/2025,11.48,PORT,20.5,0,0,0,,0,0,0,2.2,1.6,3.8,4,8,7,3.276,3,1.009,,1.0112,,1.5,1.2,35,35,,0.9849,1,1,38,0,1,60,15,39,43,,,1.2,0.9844,7,7,7,0,41.8,0.92,1,1,0,0,,3,,,2000,0,1,0,0,,,0,,35,0,1
11/16/2025,12,WAY,0.199999999999999,0,0,0,,0,0,0,0,0,0,4,8,7,3.276,3,1.009,,1.0112,,1.5,1.2,35,35,,0.9849,1,1,38,0,1,60,15,39,43,,,1.2,0.9844,7,7,7,0,41.8,0.92,1,1,0,0,,3,,,2000,0,1,0,0,,,0,,35,0,1
11/16/2025,13.3,BoSP,1.5,0,8490,0,,15,0,0.7,0.2,0,0.9,4,8,7,3.276,3,1.009,,1.0112,,1.3,1.2,35,35,,0.9849,1,1,38,0,1,60,15,39,43,,,1.2,0.9844,7,7,7,0,41.8,0.92,1,1,0,0,,3,,,2000,0,1,0,0,,,0,,35,0,1
11/17/2025,1.3,EoSP,12,121,87880,122.1,,155.5,22.2,5.8,1.3,0,7.1,4,8,7,3.276,3,1.009,,1.0112,,1.03,1.2,35,35,,0.9849,1,1,38,0,1,60,15,39,43,,,1.2,0.9844,7,7,7,0,41.8,0.92,1,1,0,0,,3,,,2000,0,1,0,0,,,0,,35,1,1
11/17/2025,2.3,FWE,1,0,3700,0,,6.5,0,0.3,0.1,0.1,0.5,4,8,7,3.276,3,1.009,,1.0112,,1.3,1.2,35,35,,0.9849,1,1,38,0,1,60,15,39,43,,,1.2,0.9844,7,7,7,0,41.8,0.92,1,1,0,0,,3,,,2000,0,1,0,0,,,0,,35,1,1
11/17/2025,12,ANCH,9.5,0,0,0,,0,0,0,1,0.6,1.6,4,8,7,3.276,3,1.009,,1.0112,,1.3,1.2,35,35,,0.9849,1,1,38,0,1,60,15,39,43,,,1.2,0.9844,7,7,7,0,41.8,0.92,1,1,0,0,,3,,,2000,0,1,0,0,,,0,,35,1,1
11/17/2025,15.48,ANCH,3.8,0,0,0,,0,0,0,0.4,0.3,0.7,4,8,7,3.276,3,1.009,,1.0112,,1.3,1.2,35,35,,0.9849,1,1,38,0,1,60,15,39,43,,,1.2,0.9844,7,7,7,0,41.8,0.92,1,1,0,0,,3,,,2000,0,1,0,0,,,0,,35,0,1
11/17/2025,19.12,FWE,3.4,0,16190,0,,28.6,0,1.2,0.4,0.1,1.7,4,8,7,3.276,3,1.009,,1.0112,,1.3,1.2,35,35,,0.9849,1,1,38,0,1,60,15,39,43,,,1.2,0.9844,7,7,7,0,41.8,0.92,1,1,0,0,,3,,,2000,0,1,0,0,,,0,,35,1,1
11/18/2025,12,PORT,16.8,0,0,0,,0,0,0,1.8,1.2,3,4,8,7,3.276,3,1.009,,1.0112,,1.3,1.1,35,35,,0.9849,1,1,38,0,1,60,15,39,43,,,1.2,0.9844,7,7,7,0,41.8,0.92,1,1,0,0,,3,,,2000,0,1,0,0,,,0,,35,0,1
11/18/2025,14,PORT,2,0,0,0,,0,0,0,0.3,0.2,0.5,4,8,7,3.276,3,1.009,,1.0112,,1.3,1.2,35,35,,0.9849,1,1,38,0,1,60,15,39,43,,,1.2,0.9844,7,7,7,0,41.8,0.92,1,1,0,0,,3,,,2000,0,1,0,0,,,0,,35,0,1
11/18/2025,16.3,BoSP,2.5,0,16010,0,,28.3,0,1.4,0.3,0,1.7,4,8,7,3.276,3,1.009,,1.0112,,1.3,1.2,35,35,,0.9849,1,1,38,0,1,60,15,39,43,,,1.2,0.9844,7,7,7,0,41.8,0.92,1,1,0,0,,3,,,2000,0,1,0,0,,,0,,35,0,1
11/19/2025,5.3,EoSP,13,122,94800,121.5,,167.7,27.3,6.3,1.5,0,7.8,4,8,7,3.276,3,1.009,,1.0112,,1.02,1.2,35,35,,0.9849,1,1,38,0,1,60,15,39,43,,,1.2,0.9844,7,7,7,0,41.8,0.92,1,1,0,0,,3,,,2000,0,1,0,0,,,0,,35,1,1
11/19/2025,9.12,FWE,3.7,0,10510,0,,18.6,0,0.7,0.5,0.2,1.4,4,8,7,3.276,3,1.009,,1.0112,,1.3,1.2,35,35,,0.9849,1,1,38,0,1,60,15,39,43,,,1.2,0.9844,7,7,7,0,41.8,0.92,1,1,0,0,,3,,,2000,0,1,0,0,,,0,,35,1,1
11/19/2025,12,PORT,2.8,0,0,0,,0,0,0,0.2,0.2,0.4,4,8,7,3.276,3,1.009,,1.0112,,1,1,35,35,,0.9849,1,1,38,0,1,60,15,39,43,,,1.2,0.9844,7,7,7,0,41.8,0.92,1,1,0,0,,3,,,2000,0,1,0,0,,,0,,35,1,1
11/20/2025,2.18,PORT,14.3,0,0,0,,0,0,0,1.6,1,2.6,4,8,7,3.276,3,1.009,,1.0112,,1,1.2,35,35,,0.9849,1,1,38,0,1,60,15,39,43,,,1.2,0.9844,7,7,7,0,41.8,0.92,1,1,0,0,,3,,,2000,0,1,0,0,,,0,,35,0,1
11/20/2025,3.3,BoSP,1.2,0,4660,0,,8.2,0,0.4,0.2,0.1,0.7,4,8,7,3.276,3,1.009,,1.0112,,1.4,1.2,35,35,,0.9849,1,1,38,0,1,60,15,39,43,,,1.2,0.9844,7,7,7,0,41.8,0.92,1,1,0,0,,3,,,2000,0,1,0,0,,,0,,35,0,1
11/20/2025,12,SEA,8.5,84,62200,122,,110,23.6,4.1,0.8,0,4.9,4,8,7,3.276,3,1.009,,1.0112,,1.02,1.2,35,35,,0.9849,1,1,38,0,1,60,15,39,43,,,1.2,0.9844,7,7,7,0,41.8,0.92,1,1,0,0,,3,,,2000,0,1,0,0,,,0,,35,0,1
11/20/2025,16,EoSP,4,40,29280,122,,51.8,22.8,2,0.5,0,2.5,4,8,7,3.276,3,1.009,,1.0112,,1.02,1.2,35,35,,0.9849,1,1,38,0,1,60,15,39,43,,,1.2,0.9844,7,7,7,0,41.8,0.92,1,1,0,0,,3,,,2000,0,1,0,0,,,0,,35,1,1
11/20/2025,19.24,FWE,3.4,0,19270,0,,34.1,0,1.6,0.4,0,2,4,8,7,3.276,3,1.009,,1.0112,,1.3,1.2,35,35,,0.9849,1,1,38,0,1,60,15,39,43,,,1.2,0.9844,7,7,7,0,41.8,0.92,1,1,0,0,,3,,,2000,0,1,0,0,,,0,,35,1,1
11/21/2025,11,PORT,15.6,0,0,0,,0,0,0,1.6,1.2,2.8,4,8,7,3.276,3,1.009,,1.0112,,1,1.1,35,35,,0.9849,1,1,38,0,1,60,15,39,43,,,1.2,0.9844,7,7,7,0,41.8,0.92,1,1,0,0,,3,,,2000,0,1,0,0,,,0,,35,0,1
11/21/2025,12,WAY,1,0,4850,0,,8.6,0,0.4,0.1,0.1,0.6,4,8,7,3.276,3,1.009,,1.0112,,1.2,1.1,35,35,,0.9849,1,1,38,0,1,60,15,39,43,,,1.5,0.9844,7,7,7,0,41.8,0.92,1,1,0,0,,3,,,2000,0,1,0,0,,,0,,35,0,1
11/21/2025,14,BoSP,2,0,14700,0,,26,0,1.3,0.2,0,1.5,4,8,7,3.276,3,1.009,,1.0112,,1.2,1.1,35,35,,0.9849,1,1,38,0,1,60,15,39,43,,,1.5,0.9844,7,7,7,0,41.8,0.92,1,1,0,0,,3,,,2000,0,1,0,0,,,0,,35,0,1
11/22/2025,1.3,EoSP,11.5,111,84460,122.4,,149.4,25.7,5.7,1.2,0,6.9,4,8,7,3.276,3,1.009,,1.0112,,1.02,1.1,35,35,,0.9849,1,1,38,0,1,60,15,39,43,,,1.5,0.9844,7,7,7,0,41.8,0.92,1,1,0,0,,3,,,2000,0,1,0,0,,,0,,35,0,1
11/22/2025,4.54,FWE,3.4,0,16440,0,,29.1,0,1.1,0.4,0,1.5,4,8,7,3.276,3,1.009,,1.0112,,1.3,1.1,35,35,,0.9849,1,1,38,0,1,60,15,39,43,,,1.5,0.9844,7,7,7,0,41.8,0.92,1,1,0,0,,3,,,2000,0,1,0,0,,,0,,35,1,1
11/22/2025,12,PORT,7.1,0,0,0,,0,0,0,0.7,0.5,1.2,4,8,7,3.276,3,1.009,,1.0112,,1.3,1.2,35,35,,0.9849,1,1,38,0,1,60,15,39,43,,,1.2,0.9844,7,7,7,0,41.8,0.92,1,1,0,0,,3,,,2000,0,1,0,0,,,0,,35,0,1
11/22/2025,20.3,PORT,8.5,0,0,0,,0,0,0,0.9,0.7,1.6,4,8,7,3.276,3,1.009,,1.0112,,1.3,1.2,35,35,,0.9849,1,1,38,0,1,60,15,39,43,,,1.2,0.9844,7,7,7,0,41.8,0.92,1,1,0,0,,3,,,2000,0,1,0,0,,,0,,35,0,1
11/22/2025,21.3,BoSP,1,0,5230,0,,9.3,0,0.4,0.1,0,0.5,4,8,7,3.276,3,1.009,,1.0112,,1.3,1.2,35,35,,0.9849,1,1,38,0,1,60,15,39,43,,,1.2,0.9844,7,7,7,0,41.8,0.92,1,1,0,0,,3,,,2000,0,1,0,0,,,0,,35,0,1
11/23/2025,10,EoSP,12.5,127,91440,121.9,,161.7,21.5,6.1,1.4,0,7.5,4,8,7,3.276,3,1.009,,1.0112,,1.02,1.2,35,35,,0.9849,1,1,38,0,1,60,15,39,43,,,1.2,0.9844,7,7,7,0,41.8,0.92,1,1,0,0,,3,,,2000,0,1,0,0,,,0,,35,1,1
11/23/2025,12,WAY,2,0,12110,0,,21.4,0,0.9,0.2,0.1,1.2,4,8,7,3.276,3,1.009,,1.0112,,1.2,1.2,35,35,,0.9849,1,1,38,0,1,60,15,39,43,,,1.2,0.9844,7,7,7,0,41.8,0.92,1,1,0,0,,3,,,2000,0,1,0,0,,,0,,35,1,1
11/23/2025,13.12,FWE,1.2,0,3020,0,,5.3,0,0.2,0.2,0.1,0.5,4,8,7,3.276,3,1.009,,1.0112,,1.5,1.2,35,35,,0.9849,1,1,38,0,1,60,15,39,43,,,1.2,0.9844,7,7,7,0,41.8,0.92,1,1,0,0,,3,,,2000,0,1,0,0,,,0,,35,1,1
11/24/2025,12,PORT,22.8,0,0,0,,0,0,0,2.4,1.8,4.2,4,8,7,3.276,3,1.009,,1.0112,,1,1.2,35,35,,0.9849,1,1,38,0,1,60,15,39,43,,,1.2,0.9844,7,7,7,0,41.8,0.92,1,1,0,0,,3,,,2000,0,1,0,0,,,0,,35,1,1
11/24/2025,19.3,PORT,7.5,0,0,0,,0,0,0,0.8,0.5,1.3,4,8,7,3.276,3,1.009,,1.0112,,1,1.2,35,35,,0.9849,1,1,38,0,1,60,15,39,43,,,1.2,0.9844,7,7,7,0,41.8,0.92,1,1,0,0,,3,,,2000,0,1,0,0,,,0,,35,0,1
11/24/2025,22,BoSP,2.5,0,15940,0,,28.2,0,1.3,0.3,0.1,1.7,4,8,7,3.276,3,1.009,,1.0112,,1.2,1.2,35,35,,0.9849,1,1,38,0,1,60,15,39,43,,,2,0.9844,7,7,7,0,41.8,0.92,1,1,0,0,,3,,,2000,0,1,0,0,,,0,,35,0,1
11/25/2025,11,EoSP,13,120,94830,121.6,,167.7,28.4,6.2,1.5,0,7.7,4,8,7,3.276,3,1.009,,1.0112,,1.02,1.2,35,35,,0.9849,1,1,38,0,1,60,15,39,43,,,2,0.9844,7,7,7,0,41.8,0.92,1,1,0,0,,3,,,2000,0,1,0,0,,,0,,35,0,1
11/25/2025,12,WAY,1,0,4090,0,,7.2,0,0.1,0.1,0.1,0.3,4,8,7,3.276,3,1.009,,1.0112,,1.02,1.2,35,35,,0.9849,1,1,38,0,1,60,15,39,43,,,2,0.9844,7,7,7,0,41.8,0.92,1,1,0,0,,3,,,2000,0,1,0,0,,,0,,35,1,1
11/25/2025,15.54,FWE,3.9,0,7870,0,,13.9,0,0.5,0.5,0.4,1.4,4,8,7,3.276,3,1.009,,1.0112,,1.5,1.2,35,35,,0.9849,1,1,38,0,1,60,15,39,43,,,2,0.9844,7,7,7,0,41.8,0.92,1,1,0,0,,3,,,2000,0,1,0,0,,,0,,35,1,1
11/26/2025,2.48,PORT,10.9,0,0,0,,0,0,0,1.2,0.8,2,4,8,7,3.276,3,1.009,,1.0112,,1.5,1.2,35,35,,0.9849,1,1,38,0,1,60,15,39,43,,,1.2,0.9844,7,7,7,0,41.8,0.92,1,1,0,0,,3,,,2000,0,1,0,0,,,0,,35,1,1
11/26/2025,4,BoSP,1.2,0,6000,0,,10.6,0,0.5,0.2,0,0.7,4,8,7,3.276,3,1.009,,1.0112,,1.5,1.2,35,35,,0.9849,1,1,38,0,1,60,15,39,43,,,1.2,0.9844,7,7,7,0,41.8,0.92,1,1,0,0,,3,,,2000,0,1,0,0,,,0,,35,0,1
11/26/2025,12,SEA,8,81,58410,121.7,,103.3,21.6,3.9,0.8,0,4.7,4,8,7,3.276,3,1.009,,1.0112,,1.02,1.2,35,35,,0.9849,1,1,38,0,1,60,15,39,43,,,1.2,0.9844,7,7,7,0,41.8,0.92,1,1,0,0,,3,,,2000,0,1,0,0,,,0,,35,1,1
11/26/2025,16,EoSP,4,41,29110,121.3,,51.5,20.4,2,0.4,0,2.4,4,8,7,3.276,3,1.009,,1.0112,,1.02,1.2,35,35,,0.9849,1,1,38,0,1,60,15,39,43,,,1.2,0.9844,7,7,7,0,41.8,0.92,1,1,0,0,,3,,,2000,0,1,0,0,,,0,,35,1,1
11/26/2025,19.24,FWE,3.4,0,19930,0,,35.3,0,1.6,0.4,0.1,2.1,4,8,7,3.276,3,1.009,,1.0112,,1.2,1.2,35,35,,0.9849,1,1,38,0,1,60,15,39,43,,,1.2,0.9844,7,7,7,0,41.8,0.92,1,1,0,0,,3,,,2000,0,1,0,0,,,0,,35,1,1
