datetime,wind_speed,wind_dir,source
2024-06-01 00:00:00,14.2,333,openmeteo
2024-06-01 01:00:00,15.1,3,openmeteo
2024-06-01 02:00:00,10.8,4,openmeteo
2024-06-01 03:00:00,8.8,78,openmeteo
2024-06-01 04:00:00,11.5,94,openmeteo
2024-06-01 05:00:00,10.8,92,openmeteo
2024-06-01 06:00:00,7.0,102,openmeteo
2024-06-01 07:00:00,4.1,128,openmeteo
2024-06-01 08:00:00,1.8,127,openmeteo
2024-06-01 09:00:00,0.8,333,openmeteo
2024-06-01 10:00:00,3.7,331,openmeteo
2024-06-01 11:00:00,6.0,295,openmeteo
2024-06-01 12:00:00,7.9,300,openmeteo
2024-06-01 13:00:00,14.7,301,openmeteo
2024-06-01 14:00:00,16.3,305,openmeteo
2024-06-01 15:00:00,13.5,299,openmeteo
2024-06-01 16:00:00,13.0,309,openmeteo
2024-06-01 17:00:00,10.6,298,openmeteo
2024-06-01 18:00:00,12.2,298,openmeteo
2024-06-01 19:00:00,14.2,297,openmeteo
2024-06-01 20:00:00,16.3,301,openmeteo
2024-06-01 21:00:00,17.4,300,openmeteo
2024-06-01 22:00:00,20.1,303,openmeteo
2024-06-01 23:00:00,21.6,303,openmeteo
2024-06-02 00:00:00,19.8,299,openmeteo
2024-06-02 01:00:00,17.4,304,openmeteo
2024-06-02 02:00:00,18.7,298,openmeteo
2024-06-02 03:00:00,17.4,300,openmeteo
2024-06-02 04:00:00,18.2,300,openmeteo
2024-06-02 05:00:00,20.8,300,openmeteo
2024-06-02 06:00:00,22.1,294,openmeteo
2024-06-02 07:00:00,23.4,295,openmeteo
2024-06-02 08:00:00,23.0,297,openmeteo
2024-06-02 09:00:00,23.4,301,openmeteo
2024-06-02 10:00:00,24.8,306,openmeteo
2024-06-02 11:00:00,25.4,309,openmeteo
2024-06-02 12:00:00,27.5,312,openmeteo
2024-06-02 13:00:00,25.0,314,openmeteo
2024-06-02 14:00:00,24.2,313,openmeteo
2024-06-02 15:00:00,23.9,316,openmeteo
2024-06-02 16:00:00,23.0,311,openmeteo
2024-06-02 17:00:00,20.4,302,openmeteo
2024-06-02 18:00:00,20.8,300,openmeteo
2024-06-02 19:00:00,21.1,295,openmeteo
2024-06-02 20:00:00,22.7,295,openmeteo
2024-06-02 21:00:00,26.4,298,openmeteo
2024-06-02 22:00:00,29.2,300,openmeteo
2024-06-02 23:00:00,29.7,299,openmeteo
2024-06-03 00:00:00,29.0,300,openmeteo
2024-06-03 01:00:00,29.6,307,openmeteo
2024-06-03 02:00:00,26.9,300,openmeteo
2024-06-03 03:00:00,27.4,293,openmeteo
2024-06-03 04:00:00,28.2,289,openmeteo
2024-06-03 05:00:00,28.2,287,openmeteo
2024-06-03 06:00:00,27.2,288,openmeteo
2024-06-03 07:00:00,27.2,288,openmeteo
2024-06-03 08:00:00,28.7,290,openmeteo
2024-06-03 09:00:00,28.5,291,openmeteo
2024-06-03 10:00:00,28.6,293,openmeteo
2024-06-03 11:00:00,28.3,297,openmeteo
2024-06-03 12:00:00,27.1,303,openmeteo
2024-06-03 13:00:00,27.0,301,openmeteo
2024-06-03 14:00:00,27.6,301,openmeteo
2024-06-03 15:00:00,27.3,301,openmeteo
2024-06-03 16:00:00,26.7,299,openmeteo
2024-06-03 17:00:00,25.5,301,openmeteo
2024-06-03 18:00:00,23.1,304,openmeteo
2024-06-03 19:00:00,20.9,306,openmeteo
2024-06-03 20:00:00,17.2,303,openmeteo
2024-06-03 21:00:00,16.3,298,openmeteo
2024-06-03 22:00:00,15.2,292,openmeteo
2024-06-03 23:00:00,13.8,290,openmeteo
2024-06-04 00:00:00,13.6,281,openmeteo
2024-06-04 01:00:00,13.7,275,openmeteo
2024-06-04 02:00:00,13.8,264,openmeteo
2024-06-04 03:00:00,10.0,255,openmeteo
2024-06-04 04:00:00,8.6,255,openmeteo
2024-06-04 05:00:00,8.8,251,openmeteo
2024-06-04 06:00:00,10.6,246,openmeteo
2024-06-04 07:00:00,10.5,248,openmeteo
2024-06-04 08:00:00,10.4,268,openmeteo
2024-06-04 09:00:00,11.5,290,openmeteo
2024-06-04 10:00:00,11.0,311,openmeteo
2024-06-04 11:00:00,7.6,329,openmeteo
2024-06-04 12:00:00,7.3,349,openmeteo
2024-06-04 13:00:00,6.8,18,openmeteo
2024-06-04 14:00:00,6.1,45,openmeteo
2024-06-04 15:00:00,17.4,322,openmeteo
2024-06-04 16:00:00,16.2,328,openmeteo
2024-06-04 17:00:00,16.1,320,openmeteo
2024-06-04 18:00:00,15.5,318,openmeteo
2024-06-04 19:00:00,16.6,312,openmeteo
2024-06-04 20:00:00,14.7,306,openmeteo
2024-06-04 21:00:00,16.6,304,openmeteo
2024-06-04 22:00:00,18.0,303,openmeteo
2024-06-04 23:00:00,18.7,298,openmeteo
2024-06-05 00:00:00,15.1,288,openmeteo
2024-06-05 01:00:00,12.7,285,openmeteo
2024-06-05 02:00:00,11.1,283,openmeteo
2024-06-05 03:00:00,9.7,274,openmeteo
2024-06-05 04:00:00,8.3,268,openmeteo
2024-06-05 05:00:00,6.8,270,openmeteo
2024-06-05 06:00:00,5.7,235,openmeteo
2024-06-05 07:00:00,5.4,266,openmeteo
2024-06-05 08:00:00,7.5,287,openmeteo
2024-06-05 09:00:00,9.6,290,openmeteo
2024-06-05 10:00:00,11.1,295,openmeteo
2024-06-05 11:00:00,13.4,301,openmeteo
2024-06-05 12:00:00,13.8,309,openmeteo
2024-06-05 13:00:00,13.2,299,openmeteo
2024-06-05 14:00:00,17.7,297,openmeteo
2024-06-05 15:00:00,15.6,296,openmeteo
2024-06-05 16:00:00,12.4,296,openmeteo
2024-06-05 17:00:00,7.6,295,openmeteo
2024-06-05 18:00:00,6.6,292,openmeteo
2024-06-05 19:00:00,8.9,291,openmeteo
2024-06-05 20:00:00,11.4,298,openmeteo
2024-06-05 21:00:00,8.1,302,openmeteo
2024-06-05 22:00:00,4.9,324,openmeteo
2024-06-05 23:00:00,2.2,9,openmeteo
2024-06-06 00:00:00,0.4,270,openmeteo
2024-06-06 01:00:00,4.7,176,openmeteo
2024-06-06 02:00:00,7.3,169,openmeteo
2024-06-06 03:00:00,11.0,157,openmeteo
2024-06-06 04:00:00,11.7,162,openmeteo
2024-06-06 05:00:00,10.1,174,openmeteo
2024-06-06 06:00:00,7.8,193,openmeteo
2024-06-06 07:00:00,5.9,227,openmeteo
2024-06-06 08:00:00,7.1,255,openmeteo
2024-06-06 09:00:00,5.4,278,openmeteo
2024-06-06 10:00:00,4.9,324,openmeteo
2024-06-06 11:00:00,8.0,324,openmeteo
2024-06-06 12:00:00,10.5,329,openmeteo
2024-06-06 13:00:00,11.0,337,openmeteo
2024-06-06 14:00:00,10.1,325,openmeteo
2024-06-06 15:00:00,14.7,324,openmeteo
2024-06-06 16:00:00,15.9,332,openmeteo
2024-06-06 17:00:00,15.5,342,openmeteo
2024-06-06 18:00:00,13.3,360,openmeteo
2024-06-06 19:00:00,12.1,30,openmeteo
2024-06-06 20:00:00,8.9,43,openmeteo
2024-06-06 21:00:00,5.5,58,openmeteo
2024-06-06 22:00:00,4.7,99,openmeteo
2024-06-06 23:00:00,2.5,135,openmeteo
2024-06-07 00:00:00,0.8,153,openmeteo
2024-06-07 01:00:00,5.8,94,openmeteo
2024-06-07 02:00:00,8.8,125,openmeteo
2024-06-07 03:00:00,12.6,143,openmeteo
2024-06-07 04:00:00,11.8,160,openmeteo
2024-06-07 05:00:00,10.1,180,openmeteo
2024-06-07 06:00:00,11.3,261,openmeteo
2024-06-07 07:00:00,14.8,276,openmeteo
2024-06-07 08:00:00,14.1,283,openmeteo
2024-06-07 09:00:00,15.1,303,openmeteo
2024-06-07 10:00:00,21.4,314,openmeteo
2024-06-07 11:00:00,20.1,324,openmeteo
2024-06-07 12:00:00,17.9,322,openmeteo
2024-06-07 13:00:00,14.3,342,openmeteo
2024-06-07 14:00:00,14.5,333,openmeteo
2024-06-07 15:00:00,12.6,323,openmeteo
2024-06-07 16:00:00,11.0,322,openmeteo
2024-06-07 17:00:00,9.3,324,openmeteo
2024-06-07 18:00:00,6.4,344,openmeteo
2024-06-07 19:00:00,5.9,43,openmeteo
2024-06-07 20:00:00,10.5,59,openmeteo
2024-06-07 21:00:00,11.9,61,openmeteo
2024-06-07 22:00:00,15.5,87,openmeteo
2024-06-07 23:00:00,14.5,96,openmeteo
2024-06-08 00:00:00,3.7,169,openmeteo
2024-06-08 01:00:00,8.5,152,openmeteo
2024-06-08 02:00:00,8.9,148,openmeteo
2024-06-08 03:00:00,8.1,148,openmeteo
2024-06-08 04:00:00,10.6,162,openmeteo
2024-06-08 05:00:00,13.0,161,openmeteo
2024-06-08 06:00:00,3.5,156,openmeteo
2024-06-08 07:00:00,6.9,332,openmeteo
2024-06-08 08:00:00,9.9,341,openmeteo
2024-06-08 09:00:00,12.7,345,openmeteo
2024-06-08 10:00:00,16.2,343,openmeteo
2024-06-08 11:00:00,17.5,341,openmeteo
2024-06-08 12:00:00,17.6,337,openmeteo
2024-06-08 13:00:00,15.0,349,openmeteo
2024-06-08 14:00:00,14.7,349,openmeteo
2024-06-08 15:00:00,16.2,4,openmeteo
2024-06-08 16:00:00,17.8,18,openmeteo
2024-06-08 17:00:00,18.6,22,openmeteo
2024-06-08 18:00:00,16.3,28,openmeteo
2024-06-08 19:00:00,12.5,18,openmeteo
2024-06-08 20:00:00,7.6,357,openmeteo
2024-06-08 21:00:00,8.8,351,openmeteo
2024-06-08 22:00:00,11.5,360,openmeteo
2024-06-08 23:00:00,10.5,16,openmeteo
2024-06-09 00:00:00,13.8,49,openmeteo
2024-06-09 01:00:00,13.7,90,openmeteo
2024-06-09 02:00:00,12.6,110,openmeteo
2024-06-09 03:00:00,18.3,122,openmeteo
2024-06-09 04:00:00,19.7,130,openmeteo
2024-06-09 05:00:00,12.9,157,openmeteo
2024-06-09 06:00:00,7.9,231,openmeteo
2024-06-09 07:00:00,6.6,248,openmeteo
2024-06-09 08:00:00,8.0,288,openmeteo
2024-06-09 09:00:00,8.1,315,openmeteo
2024-06-09 10:00:00,13.6,338,openmeteo
2024-06-09 11:00:00,20.9,359,openmeteo
2024-06-09 12:00:00,23.1,355,openmeteo
2024-06-09 13:00:00,23.5,5,openmeteo
2024-06-09 14:00:00,17.7,4,openmeteo
2024-06-09 15:00:00,18.1,13,openmeteo
2024-06-09 16:00:00,18.0,20,openmeteo
2024-06-09 17:00:00,14.8,29,openmeteo
2024-06-09 18:00:00,13.8,43,openmeteo
2024-06-09 19:00:00,11.9,55,openmeteo
2024-06-09 20:00:00,10.1,86,openmeteo
2024-06-09 21:00:00,12.6,88,openmeteo
2024-06-09 22:00:00,13.7,95,openmeteo
2024-06-09 23:00:00,14.1,103,openmeteo
2024-06-10 00:00:00,14.0,134,openmeteo
2024-06-10 01:00:00,20.3,123,openmeteo
2024-06-10 02:00:00,17.8,133,openmeteo
2024-06-10 03:00:00,18.6,139,openmeteo
2024-06-10 04:00:00,20.0,146,openmeteo
2024-06-10 05:00:00,17.4,153,openmeteo
2024-06-10 06:00:00,15.6,157,openmeteo
2024-06-10 07:00:00,8.0,198,openmeteo
2024-06-10 08:00:00,9.7,312,openmeteo
2024-06-10 09:00:00,11.9,346,openmeteo
2024-06-10 10:00:00,15.1,348,openmeteo
2024-06-10 11:00:00,18.4,354,openmeteo
2024-06-10 12:00:00,18.7,2,openmeteo
2024-06-10 13:00:00,23.1,3,openmeteo
2024-06-10 14:00:00,20.0,14,openmeteo
2024-06-10 15:00:00,16.7,14,openmeteo
2024-06-10 16:00:00,18.6,15,openmeteo
2024-06-10 17:00:00,17.5,14,openmeteo
2024-06-10 18:00:00,14.1,4,openmeteo
2024-06-10 19:00:00,12.3,357,openmeteo
2024-06-10 20:00:00,6.4,344,openmeteo
2024-06-10 21:00:00,2.7,113,openmeteo
2024-06-10 22:00:00,5.3,152,openmeteo
2024-06-10 23:00:00,11.3,143,openmeteo
2024-06-11 00:00:00,11.8,160,openmeteo
2024-06-11 01:00:00,8.5,126,openmeteo
2024-06-11 02:00:00,9.4,133,openmeteo
2024-06-11 03:00:00,9.4,137,openmeteo
2024-06-11 04:00:00,9.3,152,openmeteo
2024-06-11 05:00:00,7.8,167,openmeteo
2024-06-11 06:00:00,9.2,201,openmeteo
2024-06-11 07:00:00,11.9,235,openmeteo
2024-06-11 08:00:00,13.0,256,openmeteo
2024-06-11 09:00:00,13.4,278,openmeteo
2024-06-11 10:00:00,12.2,298,openmeteo
2024-06-11 11:00:00,15.0,314,openmeteo
2024-06-11 12:00:00,19.8,327,openmeteo
2024-06-11 13:00:00,16.8,318,openmeteo
2024-06-11 14:00:00,21.1,327,openmeteo
2024-06-11 15:00:00,21.4,333,openmeteo
2024-06-11 16:00:00,21.3,355,openmeteo
2024-06-11 17:00:00,12.8,10,openmeteo
2024-06-11 18:00:00,12.1,27,openmeteo
2024-06-11 19:00:00,8.6,22,openmeteo
2024-06-11 20:00:00,7.2,18,openmeteo
2024-06-11 21:00:00,8.0,10,openmeteo
2024-06-11 22:00:00,5.4,250,openmeteo
2024-06-11 23:00:00,4.7,266,openmeteo
2024-06-12 00:00:00,5.2,192,openmeteo
2024-06-12 01:00:00,15.7,171,openmeteo
2024-06-12 02:00:00,16.5,190,openmeteo
2024-06-12 03:00:00,17.7,213,openmeteo
2024-06-12 04:00:00,16.8,227,openmeteo
2024-06-12 05:00:00,16.4,237,openmeteo
2024-06-12 06:00:00,12.2,246,openmeteo
2024-06-12 07:00:00,15.5,248,openmeteo
2024-06-12 08:00:00,17.7,264,openmeteo
2024-06-12 09:00:00,20.8,284,openmeteo
2024-06-12 10:00:00,23.3,292,openmeteo
2024-06-12 11:00:00,24.0,294,openmeteo
2024-06-12 12:00:00,23.4,299,openmeteo
2024-06-12 13:00:00,18.9,320,openmeteo
2024-06-12 14:00:00,17.9,326,openmeteo
2024-06-12 15:00:00,15.5,316,openmeteo
2024-06-12 16:00:00,15.5,312,openmeteo
2024-06-12 17:00:00,17.1,321,openmeteo
2024-06-12 18:00:00,14.3,319,openmeteo
2024-06-12 19:00:00,4.7,279,openmeteo
2024-06-12 20:00:00,10.0,206,openmeteo
2024-06-12 21:00:00,10.8,184,openmeteo
2024-06-12 22:00:00,4.7,90,openmeteo
2024-06-12 23:00:00,7.9,227,openmeteo
2024-06-13 00:00:00,9.3,242,openmeteo
2024-06-13 01:00:00,5.2,214,openmeteo
2024-06-13 02:00:00,10.7,237,openmeteo
2024-06-13 03:00:00,11.9,245,openmeteo
2024-06-13 04:00:00,13.0,251,openmeteo
2024-06-13 05:00:00,16.5,259,openmeteo
2024-06-13 06:00:00,18.0,267,openmeteo
2024-06-13 07:00:00,18.4,271,openmeteo
2024-06-13 08:00:00,16.2,269,openmeteo
2024-06-13 09:00:00,15.9,275,openmeteo
2024-06-13 10:00:00,13.7,300,openmeteo
2024-06-13 11:00:00,13.9,323,openmeteo
2024-06-13 12:00:00,14.8,311,openmeteo
2024-06-13 13:00:00,11.7,317,openmeteo
2024-06-13 14:00:00,12.8,308,openmeteo
2024-06-13 15:00:00,17.1,295,openmeteo
2024-06-13 16:00:00,17.1,288,openmeteo
2024-06-13 17:00:00,16.3,292,openmeteo
2024-06-13 18:00:00,15.4,286,openmeteo
2024-06-13 19:00:00,14.0,282,openmeteo
2024-06-13 20:00:00,12.3,277,openmeteo
2024-06-13 21:00:00,12.4,280,openmeteo
2024-06-13 22:00:00,11.9,272,openmeteo
2024-06-13 23:00:00,12.3,267,openmeteo
2024-06-14 00:00:00,14.3,258,openmeteo
2024-06-14 01:00:00,15.2,274,openmeteo
2024-06-14 02:00:00,15.0,260,openmeteo
2024-06-14 03:00:00,17.0,249,openmeteo
2024-06-14 04:00:00,17.6,255,openmeteo
2024-06-14 05:00:00,15.6,263,openmeteo
2024-06-14 06:00:00,15.9,264,openmeteo
2024-06-14 07:00:00,17.3,271,openmeteo
2024-06-14 08:00:00,16.7,276,openmeteo
2024-06-14 09:00:00,17.3,291,openmeteo
2024-06-14 10:00:00,17.2,303,openmeteo
2024-06-14 11:00:00,17.1,309,openmeteo
2024-06-14 12:00:00,15.1,310,openmeteo
2024-06-14 13:00:00,8.6,338,openmeteo
2024-06-14 14:00:00,6.9,321,openmeteo
2024-06-14 15:00:00,4.3,246,openmeteo
2024-06-14 16:00:00,2.6,214,openmeteo
2024-06-14 17:00:00,5.4,98,openmeteo
2024-06-14 18:00:00,9.2,111,openmeteo
2024-06-14 19:00:00,8.1,111,openmeteo
2024-06-14 20:00:00,8.3,108,openmeteo
2024-06-14 21:00:00,9.9,71,openmeteo
2024-06-14 22:00:00,8.0,126,openmeteo
2024-06-14 23:00:00,11.2,176,openmeteo
2024-06-15 00:00:00,12.6,167,openmeteo
2024-06-15 01:00:00,11.2,174,openmeteo
2024-06-15 02:00:00,18.6,190,openmeteo
2024-06-15 03:00:00,11.3,187,openmeteo
2024-06-15 04:00:00,5.5,148,openmeteo
2024-06-15 05:00:00,9.9,123,openmeteo
2024-06-15 06:00:00,11.3,143,openmeteo
2024-06-15 07:00:00,6.9,133,openmeteo
2024-06-15 08:00:00,3.7,61,openmeteo
2024-06-15 09:00:00,7.9,39,openmeteo
2024-06-15 10:00:00,11.4,35,openmeteo
2024-06-15 11:00:00,16.4,26,openmeteo
2024-06-15 12:00:00,25.6,26,openmeteo
2024-06-15 13:00:00,24.0,30,openmeteo
2024-06-15 14:00:00,23.5,32,openmeteo
2024-06-15 15:00:00,23.1,31,openmeteo
2024-06-15 16:00:00,20.9,46,openmeteo
2024-06-15 17:00:00,21.8,51,openmeteo
2024-06-15 18:00:00,20.0,52,openmeteo
2024-06-15 19:00:00,16.4,50,openmeteo
2024-06-15 20:00:00,12.8,74,openmeteo
2024-06-15 21:00:00,14.1,86,openmeteo
2024-06-15 22:00:00,15.3,75,openmeteo
2024-06-15 23:00:00,12.8,79,openmeteo
2024-06-16 00:00:00,14.5,132,openmeteo
2024-06-16 01:00:00,13.2,107,openmeteo
2024-06-16 02:00:00,15.1,102,openmeteo
2024-06-16 03:00:00,15.9,93,openmeteo
2024-06-16 04:00:00,14.1,94,openmeteo
2024-06-16 05:00:00,12.4,100,openmeteo
2024-06-16 06:00:00,12.3,95,openmeteo
2024-06-16 07:00:00,10.5,68,openmeteo
2024-06-16 08:00:00,10.7,33,openmeteo
2024-06-16 09:00:00,12.5,12,openmeteo
2024-06-16 10:00:00,15.1,359,openmeteo
2024-06-16 11:00:00,16.9,359,openmeteo
2024-06-16 12:00:00,20.9,359,openmeteo
2024-06-16 13:00:00,24.1,2,openmeteo
2024-06-16 14:00:00,25.9,360,openmeteo
2024-06-16 15:00:00,26.7,358,openmeteo
2024-06-16 16:00:00,25.9,2,openmeteo
2024-06-16 17:00:00,24.5,2,openmeteo
2024-06-16 18:00:00,22.4,4,openmeteo
2024-06-16 19:00:00,19.4,359,openmeteo
2024-06-16 20:00:00,20.2,355,openmeteo
2024-06-16 21:00:00,17.1,353,openmeteo
2024-06-16 22:00:00,16.1,110,openmeteo
2024-06-16 23:00:00,7.6,87,openmeteo
2024-06-17 00:00:00,5.9,133,openmeteo
2024-06-17 01:00:00,4.3,24,openmeteo
2024-06-17 02:00:00,7.6,355,openmeteo
2024-06-17 03:00:00,11.6,353,openmeteo
2024-06-17 04:00:00,11.7,18,openmeteo
2024-06-17 05:00:00,10.9,46,openmeteo
2024-06-17 06:00:00,10.6,80,openmeteo
2024-06-17 07:00:00,9.0,67,openmeteo
2024-06-17 08:00:00,9.1,34,openmeteo
2024-06-17 09:00:00,13.0,355,openmeteo
2024-06-17 10:00:00,19.4,342,openmeteo
2024-06-17 11:00:00,23.7,347,openmeteo
2024-06-17 12:00:00,24.7,352,openmeteo
2024-06-17 13:00:00,24.5,350,openmeteo
2024-06-17 14:00:00,26.0,357,openmeteo
2024-06-17 15:00:00,27.7,360,openmeteo
2024-06-17 16:00:00,27.7,359,openmeteo
2024-06-17 17:00:00,25.2,357,openmeteo
2024-06-17 18:00:00,22.8,348,openmeteo
2024-06-17 19:00:00,19.5,356,openmeteo
2024-06-17 20:00:00,18.1,353,openmeteo
2024-06-17 21:00:00,12.3,32,openmeteo
2024-06-17 22:00:00,10.9,34,openmeteo
2024-06-17 23:00:00,9.4,7,openmeteo
2024-06-18 00:00:00,9.7,45,openmeteo
2024-06-18 01:00:00,4.4,35,openmeteo
2024-06-18 02:00:00,3.1,45,openmeteo
2024-06-18 03:00:00,1.9,338,openmeteo
2024-06-18 04:00:00,4.4,279,openmeteo
2024-06-18 05:00:00,17.7,141,openmeteo
2024-06-18 06:00:00,6.9,231,openmeteo
2024-06-18 07:00:00,13.1,278,openmeteo
2024-06-18 08:00:00,11.2,272,openmeteo
2024-06-18 09:00:00,15.5,292,openmeteo
2024-06-18 10:00:00,19.5,309,openmeteo
2024-06-18 11:00:00,20.7,309,openmeteo
2024-06-18 12:00:00,19.9,314,openmeteo
2024-06-18 13:00:00,17.3,315,openmeteo
2024-06-18 14:00:00,18.4,310,openmeteo
2024-06-18 15:00:00,16.5,316,openmeteo
2024-06-18 16:00:00,14.3,313,openmeteo
2024-06-18 17:00:00,15.1,322,openmeteo
2024-06-18 18:00:00,11.9,325,openmeteo
2024-06-18 19:00:00,10.6,332,openmeteo
2024-06-18 20:00:00,9.5,323,openmeteo
2024-06-18 21:00:00,11.2,315,openmeteo
2024-06-18 22:00:00,13.3,319,openmeteo
2024-06-18 23:00:00,14.8,321,openmeteo
2024-06-19 00:00:00,13.8,285,openmeteo
2024-06-19 01:00:00,1.1,72,openmeteo
2024-06-19 02:00:00,3.9,112,openmeteo
2024-06-19 03:00:00,3.7,79,openmeteo
2024-06-19 04:00:00,4.1,135,openmeteo
2024-06-19 05:00:00,9.7,176,openmeteo
2024-06-19 06:00:00,11.5,184,openmeteo
2024-06-19 07:00:00,12.5,219,openmeteo
2024-06-19 08:00:00,17.2,244,openmeteo
2024-06-19 09:00:00,17.2,260,openmeteo
2024-06-19 10:00:00,18.6,280,openmeteo
2024-06-19 11:00:00,21.5,301,openmeteo
2024-06-19 12:00:00,18.5,307,openmeteo
2024-06-19 13:00:00,15.4,303,openmeteo
2024-06-19 14:00:00,14.2,279,openmeteo
2024-06-19 15:00:00,13.7,268,openmeteo
2024-06-19 16:00:00,10.5,264,openmeteo
2024-06-19 17:00:00,8.8,282,openmeteo
2024-06-19 18:00:00,11.5,266,openmeteo
2024-06-19 19:00:00,11.9,267,openmeteo
2024-06-19 20:00:00,14.1,255,openmeteo
2024-06-19 21:00:00,13.8,276,openmeteo
2024-06-19 22:00:00,14.7,287,openmeteo
2024-06-19 23:00:00,15.9,283,openmeteo
2024-06-20 00:00:00,15.7,281,openmeteo
2024-06-20 01:00:00,9.4,293,openmeteo
2024-06-20 02:00:00,10.8,266,openmeteo
2024-06-20 03:00:00,13.9,249,openmeteo
2024-06-20 04:00:00,11.6,234,openmeteo
2024-06-20 05:00:00,7.9,227,openmeteo
2024-06-20 06:00:00,12.3,255,openmeteo
2024-06-20 07:00:00,13.4,262,openmeteo
2024-06-20 08:00:00,10.9,253,openmeteo
2024-06-20 09:00:00,11.3,263,openmeteo
2024-06-20 10:00:00,13.4,276,openmeteo
2024-06-20 11:00:00,13.4,306,openmeteo
2024-06-20 12:00:00,14.3,317,openmeteo
2024-06-20 13:00:00,8.6,327,openmeteo
2024-06-20 14:00:00,10.3,335,openmeteo
2024-06-20 15:00:00,9.7,309,openmeteo
2024-06-20 16:00:00,10.2,315,openmeteo
2024-06-20 17:00:00,7.0,339,openmeteo
2024-06-20 18:00:00,3.7,331,openmeteo
2024-06-20 19:00:00,2.9,330,openmeteo
2024-06-20 20:00:00,3.3,174,openmeteo
2024-06-20 21:00:00,10.5,184,openmeteo
2024-06-20 22:00:00,7.7,191,openmeteo
2024-06-20 23:00:00,7.6,188,openmeteo
2024-06-21 00:00:00,3.4,58,openmeteo
2024-06-21 01:00:00,8.2,23,openmeteo
2024-06-21 02:00:00,10.9,44,openmeteo
2024-06-21 03:00:00,8.9,69,openmeteo
2024-06-21 04:00:00,6.9,96,openmeteo
2024-06-21 05:00:00,6.4,106,openmeteo
2024-06-21 06:00:00,7.6,155,openmeteo
2024-06-21 07:00:00,6.6,189,openmeteo
2024-06-21 08:00:00,6.6,229,openmeteo
2024-06-21 09:00:00,7.4,299,openmeteo
2024-06-21 10:00:00,14.0,342,openmeteo
2024-06-21 11:00:00,15.8,348,openmeteo
2024-06-21 12:00:00,15.6,353,openmeteo
2024-06-21 13:00:00,14.6,351,openmeteo
2024-06-21 14:00:00,15.3,341,openmeteo
2024-06-21 15:00:00,14.8,347,openmeteo
2024-06-21 16:00:00,14.1,4,openmeteo
2024-06-21 17:00:00,13.3,19,openmeteo
2024-06-21 18:00:00,10.6,35,openmeteo
2024-06-21 19:00:00,11.8,40,openmeteo
2024-06-21 20:00:00,8.2,49,openmeteo
2024-06-21 21:00:00,2.3,72,openmeteo
2024-06-21 22:00:00,0.8,243,openmeteo
2024-06-21 23:00:00,4.8,222,openmeteo
2024-06-22 00:00:00,3.2,243,openmeteo
2024-06-22 01:00:00,5.2,304,openmeteo
2024-06-22 02:00:00,4.0,27,openmeteo
2024-06-22 03:00:00,10.6,80,openmeteo
2024-06-22 04:00:00,15.5,87,openmeteo
2024-06-22 05:00:00,19.7,99,openmeteo
2024-06-22 06:00:00,19.7,111,openmeteo
2024-06-22 07:00:00,14.2,114,openmeteo
2024-06-22 08:00:00,7.9,47,openmeteo
2024-06-22 09:00:00,12.3,353,openmeteo
2024-06-22 10:00:00,15.0,333,openmeteo
2024-06-22 11:00:00,18.7,320,openmeteo
2024-06-22 12:00:00,18.6,316,openmeteo
2024-06-22 13:00:00,18.3,324,openmeteo
2024-06-22 14:00:00,12.8,338,openmeteo
2024-06-22 15:00:00,10.4,2,openmeteo
2024-06-22 16:00:00,14.8,23,openmeteo
2024-06-22 17:00:00,13.2,29,openmeteo
2024-06-22 18:00:00,13.6,32,openmeteo
2024-06-22 19:00:00,12.1,30,openmeteo
2024-06-22 20:00:00,8.9,50,openmeteo
2024-06-22 21:00:00,6.2,36,openmeteo
2024-06-22 22:00:00,3.3,167,openmeteo
2024-06-22 23:00:00,5.0,150,openmeteo
2024-06-23 00:00:00,2.9,97,openmeteo
2024-06-23 01:00:00,14.5,60,openmeteo
2024-06-23 02:00:00,17.6,101,openmeteo
2024-06-23 03:00:00,14.7,107,openmeteo
2024-06-23 04:00:00,9.4,50,openmeteo
2024-06-23 05:00:00,12.0,51,openmeteo
2024-06-23 06:00:00,14.4,58,openmeteo
2024-06-23 07:00:00,16.8,62,openmeteo
2024-06-23 08:00:00,16.0,59,openmeteo
2024-06-23 09:00:00,14.3,45,openmeteo
2024-06-23 10:00:00,13.6,32,openmeteo
2024-06-23 11:00:00,14.2,24,openmeteo
2024-06-23 12:00:00,11.3,17,openmeteo
2024-06-23 13:00:00,11.8,333,openmeteo
2024-06-23 14:00:00,14.5,354,openmeteo
2024-06-23 15:00:00,12.8,10,openmeteo
2024-06-23 16:00:00,21.7,6,openmeteo
2024-06-23 17:00:00,15.1,359,openmeteo
2024-06-23 18:00:00,13.5,344,openmeteo
2024-06-23 19:00:00,16.6,2,openmeteo
2024-06-23 20:00:00,15.2,338,openmeteo
2024-06-23 21:00:00,15.1,335,openmeteo
2024-06-23 22:00:00,16.7,346,openmeteo
2024-06-23 23:00:00,14.4,356,openmeteo
2024-06-24 00:00:00,10.8,116,openmeteo
2024-06-24 01:00:00,16.7,97,openmeteo
2024-06-24 02:00:00,15.2,112,openmeteo
2024-06-24 03:00:00,12.6,110,openmeteo
2024-06-24 04:00:00,10.5,106,openmeteo
2024-06-24 05:00:00,8.6,90,openmeteo
2024-06-24 06:00:00,7.2,87,openmeteo
2024-06-24 07:00:00,5.8,68,openmeteo
2024-06-24 08:00:00,5.9,346,openmeteo
2024-06-24 09:00:00,10.3,324,openmeteo
2024-06-24 10:00:00,10.0,334,openmeteo
2024-06-24 11:00:00,11.7,349,openmeteo
2024-06-24 12:00:00,16.5,337,openmeteo
2024-06-24 13:00:00,18.5,339,openmeteo
2024-06-24 14:00:00,17.7,343,openmeteo
2024-06-24 15:00:00,15.7,351,openmeteo
2024-06-24 16:00:00,14.1,357,openmeteo
2024-06-24 17:00:00,13.2,349,openmeteo
2024-06-24 18:00:00,12.6,340,openmeteo
2024-06-24 19:00:00,10.2,318,openmeteo
2024-06-24 20:00:00,10.8,307,openmeteo
2024-06-24 21:00:00,12.0,309,openmeteo
2024-06-24 22:00:00,12.0,319,openmeteo
2024-06-24 23:00:00,11.3,323,openmeteo
2024-06-25 00:00:00,8.7,330,openmeteo
2024-06-25 01:00:00,10.5,344,openmeteo
2024-06-25 02:00:00,9.6,56,openmeteo
2024-06-25 03:00:00,8.8,81,openmeteo
2024-06-25 04:00:00,1.5,14,openmeteo
2024-06-25 05:00:00,3.7,151,openmeteo
2024-06-25 06:00:00,7.2,162,openmeteo
2024-06-25 07:00:00,4.4,235,openmeteo
2024-06-25 08:00:00,10.5,311,openmeteo
2024-06-25 09:00:00,11.7,304,openmeteo
2024-06-25 10:00:00,11.1,306,openmeteo
2024-06-25 11:00:00,11.4,305,openmeteo
2024-06-25 12:00:00,12.7,299,openmeteo
2024-06-25 13:00:00,11.6,296,openmeteo
2024-06-25 14:00:00,12.9,288,openmeteo
2024-06-25 15:00:00,14.4,292,openmeteo
2024-06-25 16:00:00,14.5,289,openmeteo
2024-06-25 17:00:00,14.6,286,openmeteo
2024-06-25 18:00:00,15.8,287,openmeteo
2024-06-25 19:00:00,17.5,284,openmeteo
2024-06-25 20:00:00,18.6,285,openmeteo
2024-06-25 21:00:00,20.1,285,openmeteo
2024-06-25 22:00:00,21.2,288,openmeteo
2024-06-25 23:00:00,20.8,284,openmeteo
2024-06-26 00:00:00,21.6,285,openmeteo
2024-06-26 01:00:00,20.2,281,openmeteo
2024-06-26 02:00:00,21.1,279,openmeteo
2024-06-26 03:00:00,21.7,282,openmeteo
2024-06-26 04:00:00,21.1,290,openmeteo
2024-06-26 05:00:00,24.1,292,openmeteo
2024-06-26 06:00:00,26.4,296,openmeteo
2024-06-26 07:00:00,19.7,298,openmeteo
2024-06-26 08:00:00,18.3,290,openmeteo
2024-06-26 09:00:00,13.7,288,openmeteo
2024-06-26 10:00:00,5.6,315,openmeteo
2024-06-26 11:00:00,31.4,300,openmeteo
2024-06-26 12:00:00,27.0,304,openmeteo
2024-06-26 13:00:00,23.2,319,openmeteo
2024-06-26 14:00:00,17.3,317,openmeteo
2024-06-26 15:00:00,17.2,307,openmeteo
2024-06-26 16:00:00,15.8,305,openmeteo
2024-06-26 17:00:00,12.4,300,openmeteo
2024-06-26 18:00:00,11.2,274,openmeteo
2024-06-26 19:00:00,13.1,262,openmeteo
2024-06-26 20:00:00,11.2,255,openmeteo
2024-06-26 21:00:00,11.2,270,openmeteo
2024-06-26 22:00:00,6.9,261,openmeteo
2024-06-26 23:00:00,6.3,239,openmeteo
2024-06-27 00:00:00,13.5,236,openmeteo
2024-06-27 01:00:00,5.8,274,openmeteo
2024-06-27 02:00:00,5.7,288,openmeteo
2024-06-27 03:00:00,7.9,254,openmeteo
2024-06-27 04:00:00,13.8,242,openmeteo
2024-06-27 05:00:00,17.4,240,openmeteo
2024-06-27 06:00:00,19.4,239,openmeteo
2024-06-27 07:00:00,15.4,254,openmeteo
2024-06-27 08:00:00,16.6,274,openmeteo
2024-06-27 09:00:00,20.1,280,openmeteo
2024-06-27 10:00:00,18.9,294,openmeteo
2024-06-27 11:00:00,17.7,308,openmeteo
2024-06-27 12:00:00,14.2,300,openmeteo
2024-06-27 13:00:00,11.0,281,openmeteo
2024-06-27 14:00:00,12.6,290,openmeteo
2024-06-27 15:00:00,16.5,293,openmeteo
2024-06-27 16:00:00,18.4,298,openmeteo
2024-06-27 17:00:00,18.7,298,openmeteo
2024-06-27 18:00:00,19.1,314,openmeteo
2024-06-27 19:00:00,15.7,323,openmeteo
2024-06-27 20:00:00,12.9,342,openmeteo
2024-06-27 21:00:00,11.7,9,openmeteo
2024-06-27 22:00:00,13.0,48,openmeteo
2024-06-27 23:00:00,12.4,68,openmeteo
2024-06-28 00:00:00,3.3,186,openmeteo
2024-06-28 01:00:00,2.6,254,openmeteo
2024-06-28 02:00:00,8.3,272,openmeteo
2024-06-28 03:00:00,15.0,291,openmeteo
2024-06-28 04:00:00,14.6,310,openmeteo
2024-06-28 05:00:00,9.5,331,openmeteo
2024-06-28 06:00:00,9.2,321,openmeteo
2024-06-28 07:00:00,9.9,316,openmeteo
2024-06-28 08:00:00,11.0,311,openmeteo
2024-06-28 09:00:00,12.8,308,openmeteo
2024-06-28 10:00:00,15.6,308,openmeteo
2024-06-28 11:00:00,17.6,313,openmeteo
2024-06-28 12:00:00,16.1,321,openmeteo
2024-06-28 13:00:00,12.6,336,openmeteo
2024-06-28 14:00:00,10.6,336,openmeteo
2024-06-28 15:00:00,12.5,319,openmeteo
2024-06-28 16:00:00,12.5,311,openmeteo
2024-06-28 17:00:00,14.8,299,openmeteo
2024-06-28 18:00:00,13.5,299,openmeteo
2024-06-28 19:00:00,11.3,292,openmeteo
2024-06-28 20:00:00,11.3,287,openmeteo
2024-06-28 21:00:00,13.4,290,openmeteo
2024-06-28 22:00:00,11.5,309,openmeteo
2024-06-28 23:00:00,7.7,349,openmeteo
2024-06-29 00:00:00,4.7,4,openmeteo
2024-06-29 01:00:00,8.4,290,openmeteo
2024-06-29 02:00:00,5.2,304,openmeteo
2024-06-29 03:00:00,5.9,76,openmeteo
2024-06-29 04:00:00,5.1,98,openmeteo
2024-06-29 05:00:00,4.1,135,openmeteo
2024-06-29 06:00:00,3.4,212,openmeteo
2024-06-29 07:00:00,5.8,248,openmeteo
2024-06-29 08:00:00,11.2,276,openmeteo
2024-06-29 09:00:00,16.1,297,openmeteo
2024-06-29 10:00:00,18.7,310,openmeteo
2024-06-29 11:00:00,19.4,312,openmeteo
2024-06-29 12:00:00,17.3,317,openmeteo
2024-06-29 13:00:00,14.0,318,openmeteo
2024-06-29 14:00:00,10.9,314,openmeteo
2024-06-29 15:00:00,7.4,309,openmeteo
2024-06-29 16:00:00,4.6,288,openmeteo
2024-06-29 17:00:00,1.6,333,openmeteo
2024-06-29 18:00:00,0.8,243,openmeteo
2024-06-29 19:00:00,7.8,202,openmeteo
2024-06-29 20:00:00,9.2,206,openmeteo
2024-06-29 21:00:00,5.9,223,openmeteo
2024-06-29 22:00:00,8.0,234,openmeteo
2024-06-29 23:00:00,10.7,230,openmeteo
2024-06-30 00:00:00,11.6,248,openmeteo
2024-06-30 01:00:00,11.7,252,openmeteo
2024-06-30 02:00:00,10.4,250,openmeteo
2024-06-30 03:00:00,9.4,238,openmeteo
2024-06-30 04:00:00,8.7,246,openmeteo
2024-06-30 05:00:00,12.1,260,openmeteo
2024-06-30 06:00:00,13.6,281,openmeteo
2024-06-30 07:00:00,13.0,312,openmeteo
2024-06-30 08:00:00,14.7,329,openmeteo
2024-06-30 09:00:00,17.4,333,openmeteo
2024-06-30 10:00:00,15.6,337,openmeteo
2024-06-30 11:00:00,14.9,340,openmeteo
2024-06-30 12:00:00,14.7,343,openmeteo
2024-06-30 13:00:00,13.0,332,openmeteo
2024-06-30 14:00:00,10.2,328,openmeteo
2024-06-30 15:00:00,8.9,317,openmeteo
2024-06-30 16:00:00,8.2,311,openmeteo
2024-06-30 17:00:00,4.5,299,openmeteo
2024-06-30 18:00:00,5.0,240,openmeteo
2024-06-30 19:00:00,6.1,267,openmeteo
2024-06-30 20:00:00,8.9,284,openmeteo
2024-06-30 21:00:00,9.1,279,openmeteo
2024-06-30 22:00:00,8.8,258,openmeteo
2024-06-30 23:00:00,10.5,243,openmeteo
2024-07-01 00:00:00,13.6,248,openmeteo
2024-07-01 01:00:00,16.6,246,openmeteo
2024-07-01 02:00:00,16.8,255,openmeteo
2024-07-01 03:00:00,16.9,268,openmeteo
2024-07-01 04:00:00,17.0,283,openmeteo
2024-07-01 05:00:00,17.1,292,openmeteo
2024-07-01 06:00:00,18.1,276,openmeteo
2024-07-01 07:00:00,20.2,267,openmeteo
2024-07-01 08:00:00,19.8,271,openmeteo
2024-07-01 09:00:00,19.1,282,openmeteo
2024-07-01 10:00:00,21.2,285,openmeteo
2024-07-01 11:00:00,23.1,285,openmeteo
2024-07-01 12:00:00,22.2,287,openmeteo
2024-07-01 13:00:00,17.0,291,openmeteo
2024-07-01 14:00:00,10.5,274,openmeteo
2024-07-01 15:00:00,10.0,257,openmeteo
2024-07-01 16:00:00,10.0,240,openmeteo
2024-07-01 17:00:00,10.4,236,openmeteo
2024-07-01 18:00:00,10.1,243,openmeteo
2024-07-01 19:00:00,11.1,257,openmeteo
2024-07-01 20:00:00,15.6,277,openmeteo
2024-07-01 21:00:00,17.9,279,openmeteo
2024-07-01 22:00:00,18.7,270,openmeteo
2024-07-01 23:00:00,17.4,264,openmeteo
2024-07-02 00:00:00,18.5,263,openmeteo
2024-07-02 01:00:00,19.9,250,openmeteo
2024-07-02 02:00:00,18.9,261,openmeteo
2024-07-02 03:00:00,17.0,264,openmeteo
2024-07-02 04:00:00,18.4,247,openmeteo
2024-07-02 05:00:00,17.4,240,openmeteo
2024-07-02 06:00:00,15.1,245,openmeteo
2024-07-02 07:00:00,12.9,247,openmeteo
2024-07-02 08:00:00,12.7,255,openmeteo
2024-07-02 09:00:00,10.8,266,openmeteo
2024-07-02 10:00:00,10.1,287,openmeteo
2024-07-02 11:00:00,13.2,305,openmeteo
2024-07-02 12:00:00,17.1,312,openmeteo
2024-07-02 13:00:00,22.7,303,openmeteo
2024-07-02 14:00:00,21.4,312,openmeteo
2024-07-02 15:00:00,22.7,319,openmeteo
2024-07-02 16:00:00,24.7,326,openmeteo
2024-07-02 17:00:00,24.8,320,openmeteo
2024-07-02 18:00:00,30.2,308,openmeteo
2024-07-02 19:00:00,31.6,302,openmeteo
2024-07-02 20:00:00,29.3,299,openmeteo
2024-07-02 21:00:00,28.0,290,openmeteo
2024-07-02 22:00:00,24.9,284,openmeteo
2024-07-02 23:00:00,22.5,283,openmeteo
2024-07-03 00:00:00,22.0,281,openmeteo
2024-07-03 01:00:00,19.7,278,openmeteo
2024-07-03 02:00:00,24.0,283,openmeteo
2024-07-03 03:00:00,24.6,297,openmeteo
2024-07-03 04:00:00,26.0,311,openmeteo
2024-07-03 05:00:00,26.6,319,openmeteo
2024-07-03 06:00:00,25.3,320,openmeteo
2024-07-03 07:00:00,24.1,325,openmeteo
2024-07-03 08:00:00,21.3,326,openmeteo
2024-07-03 09:00:00,21.9,312,openmeteo
2024-07-03 10:00:00,27.8,304,openmeteo
2024-07-03 11:00:00,30.5,305,openmeteo
2024-07-03 12:00:00,32.9,305,openmeteo
2024-07-03 13:00:00,29.5,303,openmeteo
2024-07-03 14:00:00,30.5,299,openmeteo
2024-07-03 15:00:00,31.4,298,openmeteo
2024-07-03 16:00:00,30.4,294,openmeteo
2024-07-03 17:00:00,30.6,294,openmeteo
2024-07-03 18:00:00,30.0,286,openmeteo
2024-07-03 19:00:00,28.2,287,openmeteo
2024-07-03 20:00:00,27.1,289,openmeteo
2024-07-03 21:00:00,23.2,286,openmeteo
2024-07-03 22:00:00,22.5,283,openmeteo
2024-07-03 23:00:00,23.1,284,openmeteo
2024-07-04 00:00:00,23.7,284,openmeteo
2024-07-04 01:00:00,28.5,279,openmeteo
2024-07-04 02:00:00,32.5,274,openmeteo
2024-07-04 03:00:00,33.4,277,openmeteo
2024-07-04 04:00:00,33.3,286,openmeteo
2024-07-04 05:00:00,37.6,293,openmeteo
2024-07-04 06:00:00,37.2,297,openmeteo
2024-07-04 07:00:00,34.6,295,openmeteo
2024-07-04 08:00:00,37.0,291,openmeteo
2024-07-04 09:00:00,36.6,295,openmeteo
2024-07-04 10:00:00,35.6,296,openmeteo
2024-07-04 11:00:00,32.8,297,openmeteo
2024-07-04 12:00:00,31.3,299,openmeteo
2024-07-04 13:00:00,31.1,305,openmeteo
2024-07-04 14:00:00,30.5,309,openmeteo
2024-07-04 15:00:00,30.0,308,openmeteo
2024-07-04 16:00:00,27.6,303,openmeteo
2024-07-04 17:00:00,25.9,295,openmeteo
2024-07-04 18:00:00,24.7,283,openmeteo
2024-07-04 19:00:00,26.0,276,openmeteo
2024-07-04 20:00:00,27.9,277,openmeteo
2024-07-04 21:00:00,28.2,280,openmeteo
2024-07-04 22:00:00,26.5,277,openmeteo
2024-07-04 23:00:00,27.4,271,openmeteo
2024-07-05 00:00:00,26.7,267,openmeteo
2024-07-05 01:00:00,28.8,270,openmeteo
2024-07-05 02:00:00,28.1,270,openmeteo
2024-07-05 03:00:00,29.9,272,openmeteo
2024-07-05 04:00:00,32.8,279,openmeteo
2024-07-05 05:00:00,32.9,286,openmeteo
2024-07-05 06:00:00,32.3,281,openmeteo
2024-07-05 07:00:00,32.4,279,openmeteo
2024-07-05 08:00:00,31.6,282,openmeteo
2024-07-05 09:00:00,31.9,288,openmeteo
2024-07-05 10:00:00,32.1,293,openmeteo
2024-07-05 11:00:00,32.2,299,openmeteo
2024-07-05 12:00:00,30.7,301,openmeteo
2024-07-05 13:00:00,29.8,298,openmeteo
2024-07-05 14:00:00,29.2,299,openmeteo
2024-07-05 15:00:00,27.7,302,openmeteo
2024-07-05 16:00:00,23.7,303,openmeteo
2024-07-05 17:00:00,20.8,307,openmeteo
2024-07-05 18:00:00,18.4,301,openmeteo
2024-07-05 19:00:00,16.3,284,openmeteo
2024-07-05 20:00:00,16.2,274,openmeteo
2024-07-05 21:00:00,16.2,258,openmeteo
2024-07-05 22:00:00,17.3,258,openmeteo
2024-07-05 23:00:00,19.1,266,openmeteo
2024-07-06 00:00:00,21.3,272,openmeteo
2024-07-06 01:00:00,20.9,270,openmeteo
2024-07-06 02:00:00,20.9,273,openmeteo
2024-07-06 03:00:00,19.9,265,openmeteo
2024-07-06 04:00:00,19.6,256,openmeteo
2024-07-06 05:00:00,17.0,253,openmeteo
2024-07-06 06:00:00,14.6,250,openmeteo
2024-07-06 07:00:00,12.5,258,openmeteo
2024-07-06 08:00:00,9.0,272,openmeteo
2024-07-06 09:00:00,6.0,287,openmeteo
2024-07-06 10:00:00,5.2,326,openmeteo
2024-07-06 11:00:00,8.0,342,openmeteo
2024-07-06 12:00:00,8.2,345,openmeteo
2024-07-06 13:00:00,9.9,19,openmeteo
2024-07-06 14:00:00,6.1,62,openmeteo
2024-07-06 15:00:00,0.5,225,openmeteo
2024-07-06 16:00:00,2.8,130,openmeteo
2024-07-06 17:00:00,2.2,189,openmeteo
2024-07-06 18:00:00,2.9,120,openmeteo
2024-07-06 19:00:00,3.3,96,openmeteo
2024-07-06 20:00:00,3.1,159,openmeteo
2024-07-06 21:00:00,3.5,156,openmeteo
2024-07-06 22:00:00,4.1,165,openmeteo
2024-07-06 23:00:00,3.8,163,openmeteo
2024-07-07 00:00:00,6.5,180,openmeteo
2024-07-07 01:00:00,7.3,200,openmeteo
2024-07-07 02:00:00,6.4,196,openmeteo
2024-07-07 03:00:00,4.4,171,openmeteo
2024-07-07 04:00:00,3.3,186,openmeteo
2024-07-07 05:00:00,3.9,236,openmeteo
2024-07-07 06:00:00,4.1,255,openmeteo
2024-07-07 07:00:00,3.8,287,openmeteo
2024-07-07 08:00:00,5.7,305,openmeteo
2024-07-07 09:00:00,6.4,308,openmeteo
2024-07-07 10:00:00,8.4,310,openmeteo
2024-07-07 11:00:00,10.7,312,openmeteo
2024-07-07 12:00:00,10.4,326,openmeteo
2024-07-07 13:00:00,7.2,333,openmeteo
2024-07-07 14:00:00,6.9,351,openmeteo
2024-07-07 15:00:00,6.7,16,openmeteo
2024-07-07 16:00:00,9.5,11,openmeteo
2024-07-07 17:00:00,9.1,351,openmeteo
2024-07-07 18:00:00,7.2,323,openmeteo
2024-07-07 19:00:00,11.0,319,openmeteo
2024-07-07 20:00:00,13.0,326,openmeteo
2024-07-07 21:00:00,14.1,322,openmeteo
2024-07-07 22:00:00,12.5,319,openmeteo
2024-07-07 23:00:00,10.0,322,openmeteo
2024-07-08 00:00:00,7.9,313,openmeteo
2024-07-08 01:00:00,7.9,357,openmeteo
2024-07-08 02:00:00,7.1,15,openmeteo
2024-07-08 03:00:00,6.0,17,openmeteo
2024-07-08 04:00:00,6.0,17,openmeteo
2024-07-08 05:00:00,5.4,356,openmeteo
2024-07-08 06:00:00,4.2,329,openmeteo
2024-07-08 07:00:00,6.6,299,openmeteo
2024-07-08 08:00:00,8.5,298,openmeteo
2024-07-08 09:00:00,8.7,318,openmeteo
2024-07-08 10:00:00,9.0,323,openmeteo
2024-07-08 11:00:00,12.9,324,openmeteo
2024-07-08 12:00:00,16.0,329,openmeteo
2024-07-08 13:00:00,16.6,359,openmeteo
2024-07-08 14:00:00,16.9,358,openmeteo
2024-07-08 15:00:00,14.1,354,openmeteo
2024-07-08 16:00:00,13.3,360,openmeteo
2024-07-08 17:00:00,13.7,3,openmeteo
2024-07-08 18:00:00,15.9,356,openmeteo
2024-07-08 19:00:00,16.9,359,openmeteo
2024-07-08 20:00:00,13.7,3,openmeteo
2024-07-08 21:00:00,8.5,12,openmeteo
2024-07-08 22:00:00,7.7,28,openmeteo
2024-07-08 23:00:00,8.6,2,openmeteo
2024-07-09 00:00:00,11.9,358,openmeteo
2024-07-09 01:00:00,14.0,348,openmeteo
2024-07-09 02:00:00,14.7,22,openmeteo
2024-07-09 03:00:00,14.7,36,openmeteo
2024-07-09 04:00:00,11.1,25,openmeteo
2024-07-09 05:00:00,8.5,36,openmeteo
2024-07-09 06:00:00,7.5,17,openmeteo
2024-07-09 07:00:00,7.2,360,openmeteo
2024-07-09 08:00:00,7.9,357,openmeteo
2024-07-09 09:00:00,13.9,343,openmeteo
2024-07-09 10:00:00,20.9,349,openmeteo
2024-07-09 11:00:00,24.2,357,openmeteo
2024-07-09 12:00:00,24.2,4,openmeteo
2024-07-09 13:00:00,20.2,356,openmeteo
2024-07-09 14:00:00,19.1,358,openmeteo
2024-07-09 15:00:00,17.3,360,openmeteo
2024-07-09 16:00:00,14.6,10,openmeteo
2024-07-09 17:00:00,13.9,17,openmeteo
2024-07-09 18:00:00,14.6,9,openmeteo
2024-07-09 19:00:00,13.7,14,openmeteo
2024-07-09 20:00:00,13.5,9,openmeteo
2024-07-09 21:00:00,16.9,2,openmeteo
2024-07-09 22:00:00,18.4,4,openmeteo
2024-07-09 23:00:00,15.5,18,openmeteo
2024-07-10 00:00:00,20.4,17,openmeteo
2024-07-10 01:00:00,23.7,14,openmeteo
2024-07-10 02:00:00,22.4,46,openmeteo
2024-07-10 03:00:00,24.8,60,openmeteo
2024-07-10 04:00:00,25.1,117,openmeteo
2024-07-10 05:00:00,22.4,138,openmeteo
2024-07-10 06:00:00,16.6,150,openmeteo
2024-07-10 07:00:00,13.0,156,openmeteo
2024-07-10 08:00:00,2.6,214,openmeteo
2024-07-10 09:00:00,15.5,347,openmeteo
2024-07-10 10:00:00,13.8,9,openmeteo
2024-07-10 11:00:00,14.7,11,openmeteo
2024-07-10 12:00:00,14.8,13,openmeteo
2024-07-10 13:00:00,16.2,13,openmeteo
2024-07-10 14:00:00,17.4,13,openmeteo
2024-07-10 15:00:00,18.5,21,openmeteo
2024-07-10 16:00:00,17.4,27,openmeteo
2024-07-10 17:00:00,13.6,32,openmeteo
2024-07-10 18:00:00,11.6,30,openmeteo
2024-07-10 19:00:00,13.7,14,openmeteo
2024-07-10 20:00:00,14.1,19,openmeteo
2024-07-10 21:00:00,12.7,15,openmeteo
2024-07-10 22:00:00,9.5,25,openmeteo
2024-07-10 23:00:00,10.8,26,openmeteo
2024-07-11 00:00:00,11.8,23,openmeteo
2024-07-11 01:00:00,12.1,30,openmeteo
2024-07-11 02:00:00,9.0,29,openmeteo
2024-07-11 03:00:00,6.0,65,openmeteo
2024-07-11 04:00:00,9.6,124,openmeteo
2024-07-11 05:00:00,10.0,154,openmeteo
2024-07-11 06:00:00,7.9,180,openmeteo
2024-07-11 07:00:00,6.5,236,openmeteo
2024-07-11 08:00:00,9.6,290,openmeteo
2024-07-11 09:00:00,13.1,323,openmeteo
2024-07-11 10:00:00,18.1,329,openmeteo
2024-07-11 11:00:00,17.2,334,openmeteo
2024-07-11 12:00:00,18.4,348,openmeteo
2024-07-11 13:00:00,20.9,4,openmeteo
2024-07-11 14:00:00,19.2,5,openmeteo
2024-07-11 15:00:00,18.9,351,openmeteo
2024-07-11 16:00:00,15.5,1,openmeteo
2024-07-11 17:00:00,14.4,359,openmeteo
2024-07-11 18:00:00,12.0,353,openmeteo
2024-07-11 19:00:00,8.0,355,openmeteo
2024-07-11 20:00:00,4.3,318,openmeteo
2024-07-11 21:00:00,7.0,249,openmeteo
2024-07-11 22:00:00,10.6,260,openmeteo
2024-07-11 23:00:00,11.4,252,openmeteo
2024-07-12 00:00:00,11.7,236,openmeteo
2024-07-12 01:00:00,12.0,219,openmeteo
2024-07-12 02:00:00,14.0,222,openmeteo
2024-07-12 03:00:00,13.9,233,openmeteo
2024-07-12 04:00:00,12.5,237,openmeteo
2024-07-12 05:00:00,10.0,229,openmeteo
2024-07-12 06:00:00,10.2,219,openmeteo
2024-07-12 07:00:00,12.6,246,openmeteo
2024-07-12 08:00:00,14.5,264,openmeteo
2024-07-12 09:00:00,18.4,287,openmeteo
2024-07-12 10:00:00,20.1,291,openmeteo
2024-07-12 11:00:00,18.0,290,openmeteo
2024-07-12 12:00:00,15.8,291,openmeteo
2024-07-12 13:00:00,11.8,290,openmeteo
2024-07-12 14:00:00,12.5,282,openmeteo
2024-07-12 15:00:00,13.6,287,openmeteo
2024-07-12 16:00:00,13.5,286,openmeteo
2024-07-12 17:00:00,10.9,276,openmeteo
2024-07-12 18:00:00,9.2,244,openmeteo
2024-07-12 19:00:00,9.9,226,openmeteo
2024-07-12 20:00:00,10.2,219,openmeteo
2024-07-12 21:00:00,10.9,197,openmeteo
2024-07-12 22:00:00,10.5,218,openmeteo
2024-07-12 23:00:00,12.6,207,openmeteo
2024-07-13 00:00:00,13.7,210,openmeteo
2024-07-13 01:00:00,15.6,218,openmeteo
2024-07-13 02:00:00,7.9,231,openmeteo
2024-07-13 03:00:00,1.3,236,openmeteo
2024-07-13 04:00:00,4.2,200,openmeteo
2024-07-13 05:00:00,7.2,217,openmeteo
2024-07-13 06:00:00,3.7,209,openmeteo
2024-07-13 07:00:00,2.2,90,openmeteo
2024-07-13 08:00:00,1.1,90,openmeteo
2024-07-13 09:00:00,3.6,323,openmeteo
2024-07-13 10:00:00,6.7,324,openmeteo
2024-07-13 11:00:00,9.2,315,openmeteo
2024-07-13 12:00:00,9.7,318,openmeteo
2024-07-13 13:00:00,5.9,322,openmeteo
2024-07-13 14:00:00,5.2,335,openmeteo
2024-07-13 15:00:00,4.8,312,openmeteo
2024-07-13 16:00:00,7.7,323,openmeteo
2024-07-13 17:00:00,10.0,296,openmeteo
2024-07-13 18:00:00,9.3,286,openmeteo
2024-07-13 19:00:00,15.1,295,openmeteo
2024-07-13 20:00:00,13.4,301,openmeteo
2024-07-13 21:00:00,9.0,299,openmeteo
2024-07-13 22:00:00,6.5,264,openmeteo
2024-07-13 23:00:00,11.0,238,openmeteo
2024-07-14 00:00:00,19.4,260,openmeteo
2024-07-14 01:00:00,15.6,277,openmeteo
2024-07-14 02:00:00,14.8,288,openmeteo
2024-07-14 03:00:00,15.6,293,openmeteo
2024-07-14 04:00:00,15.8,297,openmeteo
2024-07-14 05:00:00,15.5,301,openmeteo
2024-07-14 06:00:00,14.3,304,openmeteo
2024-07-14 07:00:00,12.6,301,openmeteo
2024-07-14 08:00:00,11.4,305,openmeteo
2024-07-14 09:00:00,13.8,303,openmeteo
2024-07-14 10:00:00,17.6,311,openmeteo
2024-07-14 11:00:00,20.4,314,openmeteo
2024-07-14 12:00:00,22.7,312,openmeteo
2024-07-14 13:00:00,19.9,315,openmeteo
2024-07-14 14:00:00,21.1,316,openmeteo
2024-07-14 15:00:00,21.4,316,openmeteo
2024-07-14 16:00:00,23.5,319,openmeteo
2024-07-14 17:00:00,23.1,321,openmeteo
2024-07-14 18:00:00,22.2,318,openmeteo
2024-07-14 19:00:00,20.5,322,openmeteo
2024-07-14 20:00:00,18.8,313,openmeteo
2024-07-14 21:00:00,16.6,309,openmeteo
2024-07-14 22:00:00,13.2,315,openmeteo
2024-07-14 23:00:00,9.5,323,openmeteo
2024-07-15 00:00:00,11.6,292,openmeteo
2024-07-15 01:00:00,14.2,291,openmeteo
2024-07-15 02:00:00,16.9,294,openmeteo
2024-07-15 03:00:00,20.4,302,openmeteo
2024-07-15 04:00:00,20.8,304,openmeteo
2024-07-15 05:00:00,17.6,301,openmeteo
2024-07-15 06:00:00,17.9,298,openmeteo
2024-07-15 07:00:00,19.8,297,openmeteo
2024-07-15 08:00:00,22.7,297,openmeteo
2024-07-15 09:00:00,22.0,302,openmeteo
2024-07-15 10:00:00,21.3,304,openmeteo
2024-07-15 11:00:00,21.4,306,openmeteo
2024-07-15 12:00:00,22.3,308,openmeteo
2024-07-15 13:00:00,25.2,316,openmeteo
2024-07-15 14:00:00,27.0,317,openmeteo
2024-07-15 15:00:00,27.7,322,openmeteo
2024-07-15 16:00:00,28.0,328,openmeteo
2024-07-15 17:00:00,25.7,329,openmeteo
2024-07-15 18:00:00,23.4,331,openmeteo
2024-07-15 19:00:00,20.0,330,openmeteo
2024-07-15 20:00:00,17.9,338,openmeteo
2024-07-15 21:00:00,17.7,336,openmeteo
2024-07-15 22:00:00,16.9,336,openmeteo
2024-07-15 23:00:00,16.3,335,openmeteo
2024-07-16 00:00:00,15.7,328,openmeteo
2024-07-16 01:00:00,11.9,331,openmeteo
2024-07-16 02:00:00,12.2,332,openmeteo
2024-07-16 03:00:00,11.4,349,openmeteo
2024-07-16 04:00:00,10.4,358,openmeteo
2024-07-16 05:00:00,11.6,36,openmeteo
2024-07-16 06:00:00,10.9,56,openmeteo
2024-07-16 07:00:00,6.9,51,openmeteo
2024-07-16 08:00:00,5.9,14,openmeteo
2024-07-16 09:00:00,9.5,349,openmeteo
2024-07-16 10:00:00,14.2,344,openmeteo
2024-07-16 11:00:00,18.9,339,openmeteo
2024-07-16 12:00:00,21.8,338,openmeteo
2024-07-16 13:00:00,22.4,345,openmeteo
2024-07-16 14:00:00,18.6,351,openmeteo
2024-07-16 15:00:00,19.1,340,openmeteo
2024-07-16 16:00:00,18.7,330,openmeteo
2024-07-16 17:00:00,17.1,318,openmeteo
2024-07-16 18:00:00,18.8,315,openmeteo
2024-07-16 19:00:00,19.8,327,openmeteo
2024-07-16 20:00:00,20.1,336,openmeteo
2024-07-16 21:00:00,19.5,332,openmeteo
2024-07-16 22:00:00,17.3,339,openmeteo
2024-07-16 23:00:00,13.7,3,openmeteo
2024-07-17 00:00:00,11.8,20,openmeteo
2024-07-17 01:00:00,12.9,27,openmeteo
2024-07-17 02:00:00,14.2,21,openmeteo
2024-07-17 03:00:00,16.0,36,openmeteo
2024-07-17 04:00:00,15.8,63,openmeteo
2024-07-17 05:00:00,9.8,96,openmeteo
2024-07-17 06:00:00,8.2,113,openmeteo
2024-07-17 07:00:00,5.0,120,openmeteo
2024-07-17 08:00:00,2.5,98,openmeteo
2024-07-17 09:00:00,3.8,343,openmeteo
2024-07-17 10:00:00,15.8,313,openmeteo
2024-07-17 11:00:00,20.9,316,openmeteo
2024-07-17 12:00:00,22.3,322,openmeteo
2024-07-17 13:00:00,21.4,335,openmeteo
2024-07-17 14:00:00,18.9,336,openmeteo
2024-07-17 15:00:00,16.3,338,openmeteo
2024-07-17 16:00:00,12.0,339,openmeteo
2024-07-17 17:00:00,7.4,331,openmeteo
2024-07-17 18:00:00,5.2,304,openmeteo
2024-07-17 19:00:00,6.8,238,openmeteo
2024-07-17 20:00:00,10.9,243,openmeteo
2024-07-17 21:00:00,13.0,246,openmeteo
2024-07-17 22:00:00,15.4,237,openmeteo
2024-07-17 23:00:00,18.7,236,openmeteo
2024-07-18 00:00:00,21.0,235,openmeteo
2024-07-18 01:00:00,18.1,263,openmeteo
2024-07-18 02:00:00,19.8,268,openmeteo
2024-07-18 03:00:00,18.0,267,openmeteo
2024-07-18 04:00:00,16.3,265,openmeteo
2024-07-18 05:00:00,14.5,284,openmeteo
2024-07-18 06:00:00,11.2,285,openmeteo
2024-07-18 07:00:00,8.8,261,openmeteo
2024-07-18 08:00:00,10.5,248,openmeteo
2024-07-18 09:00:00,12.6,257,openmeteo
2024-07-18 10:00:00,15.5,273,openmeteo
2024-07-18 11:00:00,15.7,279,openmeteo
2024-07-18 12:00:00,16.7,277,openmeteo
2024-07-18 13:00:00,20.7,287,openmeteo
2024-07-18 14:00:00,22.1,289,openmeteo
2024-07-18 15:00:00,24.2,288,openmeteo
2024-07-18 16:00:00,21.8,292,openmeteo
2024-07-18 17:00:00,17.4,294,openmeteo
2024-07-18 18:00:00,14.9,285,openmeteo
2024-07-18 19:00:00,16.0,284,openmeteo
2024-07-18 20:00:00,16.2,283,openmeteo
2024-07-18 21:00:00,13.8,285,openmeteo
2024-07-18 22:00:00,13.8,285,openmeteo
2024-07-18 23:00:00,13.4,294,openmeteo
2024-07-19 00:00:00,15.1,288,openmeteo
2024-07-19 01:00:00,11.2,310,openmeteo
2024-07-19 02:00:00,10.5,297,openmeteo
2024-07-19 03:00:00,12.0,286,openmeteo
2024-07-19 04:00:00,11.2,291,openmeteo
2024-07-19 05:00:00,11.0,302,openmeteo
2024-07-19 06:00:00,12.2,289,openmeteo
2024-07-19 07:00:00,16.5,281,openmeteo
2024-07-19 08:00:00,19.4,285,openmeteo
2024-07-19 09:00:00,19.8,295,openmeteo
2024-07-19 10:00:00,20.6,297,openmeteo
2024-07-19 11:00:00,20.8,300,openmeteo
2024-07-19 12:00:00,18.4,305,openmeteo
2024-07-19 13:00:00,11.2,312,openmeteo
2024-07-19 14:00:00,11.5,302,openmeteo
2024-07-19 15:00:00,14.5,300,openmeteo
2024-07-19 16:00:00,13.9,307,openmeteo
2024-07-19 17:00:00,13.3,322,openmeteo
2024-07-19 18:00:00,11.6,330,openmeteo
2024-07-19 19:00:00,9.3,332,openmeteo
2024-07-19 20:00:00,9.9,314,openmeteo
2024-07-19 21:00:00,10.9,304,openmeteo
2024-07-19 22:00:00,10.9,304,openmeteo
2024-07-19 23:00:00,8.7,312,openmeteo
2024-07-20 00:00:00,8.2,322,openmeteo
2024-07-20 01:00:00,4.7,337,openmeteo
2024-07-20 02:00:00,3.5,336,openmeteo
2024-07-20 03:00:00,6.7,306,openmeteo
2024-07-20 04:00:00,10.0,300,openmeteo
2024-07-20 05:00:00,12.5,303,openmeteo
2024-07-20 06:00:00,14.5,318,openmeteo
2024-07-20 07:00:00,13.8,332,openmeteo
2024-07-20 08:00:00,13.8,340,openmeteo
2024-07-20 09:00:00,13.8,351,openmeteo
2024-07-20 10:00:00,13.9,350,openmeteo
2024-07-20 11:00:00,15.8,336,openmeteo
2024-07-20 12:00:00,15.9,332,openmeteo
2024-07-20 13:00:00,12.8,344,openmeteo
2024-07-20 14:00:00,13.6,328,openmeteo
2024-07-20 15:00:00,14.0,318,openmeteo
2024-07-20 16:00:00,13.2,317,openmeteo
2024-07-20 17:00:00,11.2,320,openmeteo
2024-07-20 18:00:00,11.9,325,openmeteo
2024-07-20 19:00:00,12.6,329,openmeteo
2024-07-20 20:00:00,13.4,329,openmeteo
2024-07-20 21:00:00,11.1,331,openmeteo
2024-07-20 22:00:00,11.3,333,openmeteo
2024-07-20 23:00:00,10.8,330,openmeteo
2024-07-21 00:00:00,9.8,332,openmeteo
2024-07-21 01:00:00,9.7,321,openmeteo
2024-07-21 02:00:00,10.5,308,openmeteo
2024-07-21 03:00:00,8.4,313,openmeteo
2024-07-21 04:00:00,7.0,325,openmeteo
2024-07-21 05:00:00,10.0,322,openmeteo
2024-07-21 06:00:00,10.3,324,openmeteo
2024-07-21 07:00:00,9.6,326,openmeteo
2024-07-21 08:00:00,11.6,334,openmeteo
2024-07-21 09:00:00,11.3,351,openmeteo
2024-07-21 10:00:00,10.4,358,openmeteo
2024-07-21 11:00:00,10.4,358,openmeteo
2024-07-21 12:00:00,10.0,339,openmeteo
2024-07-21 13:00:00,13.2,334,openmeteo
2024-07-21 14:00:00,15.8,319,openmeteo
2024-07-21 15:00:00,18.4,312,openmeteo
2024-07-21 16:00:00,19.7,310,openmeteo
2024-07-21 17:00:00,16.6,309,openmeteo
2024-07-21 18:00:00,16.3,305,openmeteo
2024-07-21 19:00:00,17.3,306,openmeteo
2024-07-21 20:00:00,15.1,303,openmeteo
2024-07-21 21:00:00,11.4,288,openmeteo
2024-07-21 22:00:00,10.4,284,openmeteo
2024-07-21 23:00:00,12.6,283,openmeteo
2024-07-22 00:00:00,12.5,282,openmeteo
2024-07-22 01:00:00,12.6,283,openmeteo
2024-07-22 02:00:00,16.5,280,openmeteo
2024-07-22 03:00:00,19.1,282,openmeteo
2024-07-22 04:00:00,22.1,286,openmeteo
2024-07-22 05:00:00,20.9,299,openmeteo
2024-07-22 06:00:00,19.1,311,openmeteo
2024-07-22 07:00:00,23.2,318,openmeteo
2024-07-22 08:00:00,22.3,322,openmeteo
2024-07-22 09:00:00,22.4,315,openmeteo
2024-07-22 10:00:00,23.7,314,openmeteo
2024-07-22 11:00:00,26.0,315,openmeteo
2024-07-22 12:00:00,27.0,317,openmeteo
2024-07-22 13:00:00,26.7,317,openmeteo
2024-07-22 14:00:00,25.5,317,openmeteo
2024-07-22 15:00:00,25.8,319,openmeteo
2024-07-22 16:00:00,28.8,317,openmeteo
2024-07-22 17:00:00,28.6,324,openmeteo
2024-07-22 18:00:00,27.3,326,openmeteo
2024-07-22 19:00:00,25.5,329,openmeteo
2024-07-22 20:00:00,22.2,331,openmeteo
2024-07-22 21:00:00,16.1,340,openmeteo
2024-07-22 22:00:00,9.0,344,openmeteo
2024-07-22 23:00:00,6.2,324,openmeteo
2024-07-23 00:00:00,6.9,313,openmeteo
2024-07-23 01:00:00,10.6,305,openmeteo
2024-07-23 02:00:00,14.3,295,openmeteo
2024-07-23 03:00:00,15.9,295,openmeteo
2024-07-23 04:00:00,16.4,299,openmeteo
2024-07-23 05:00:00,14.5,297,openmeteo
2024-07-23 06:00:00,15.1,303,openmeteo
2024-07-23 07:00:00,16.5,302,openmeteo
2024-07-23 08:00:00,17.2,296,openmeteo
2024-07-23 09:00:00,20.0,298,openmeteo
2024-07-23 10:00:00,21.7,302,openmeteo
2024-07-23 11:00:00,23.2,306,openmeteo
2024-07-23 12:00:00,24.6,305,openmeteo
2024-07-23 13:00:00,23.5,310,openmeteo
2024-07-23 14:00:00,22.9,307,openmeteo
2024-07-23 15:00:00,21.8,304,openmeteo
2024-07-23 16:00:00,21.0,301,openmeteo
2024-07-23 17:00:00,19.8,297,openmeteo
2024-07-23 18:00:00,18.2,288,openmeteo
2024-07-23 19:00:00,17.0,276,openmeteo
2024-07-23 20:00:00,17.0,274,openmeteo
2024-07-23 21:00:00,16.3,264,openmeteo
2024-07-23 22:00:00,14.6,261,openmeteo
2024-07-23 23:00:00,15.0,260,openmeteo
2024-07-24 00:00:00,13.4,265,openmeteo
2024-07-24 01:00:00,13.8,263,openmeteo
2024-07-24 02:00:00,15.3,262,openmeteo
2024-07-24 03:00:00,18.1,265,openmeteo
2024-07-24 04:00:00,20.5,270,openmeteo
2024-07-24 05:00:00,19.1,268,openmeteo
2024-07-24 06:00:00,18.8,267,openmeteo
2024-07-24 07:00:00,19.1,270,openmeteo
2024-07-24 08:00:00,17.6,281,openmeteo
2024-07-24 09:00:00,18.6,285,openmeteo
2024-07-24 10:00:00,20.3,287,openmeteo
2024-07-24 11:00:00,20.8,284,openmeteo
2024-07-24 12:00:00,19.5,286,openmeteo
2024-07-24 13:00:00,14.0,305,openmeteo
2024-07-24 14:00:00,14.2,306,openmeteo
2024-07-24 15:00:00,10.1,297,openmeteo
2024-07-24 16:00:00,8.6,268,openmeteo
2024-07-24 17:00:00,7.7,259,openmeteo
2024-07-24 18:00:00,11.9,270,openmeteo
2024-07-24 19:00:00,13.0,289,openmeteo
2024-07-24 20:00:00,13.0,294,openmeteo
2024-07-24 21:00:00,7.6,289,openmeteo
2024-07-24 22:00:00,2.2,189,openmeteo
2024-07-24 23:00:00,15.7,250,openmeteo
2024-07-25 00:00:00,9.4,252,openmeteo
2024-07-25 01:00:00,10.7,220,openmeteo
2024-07-25 02:00:00,11.5,229,openmeteo
2024-07-25 03:00:00,10.1,243,openmeteo
2024-07-25 04:00:00,10.5,274,openmeteo
2024-07-25 05:00:00,11.2,303,openmeteo
2024-07-25 06:00:00,11.6,300,openmeteo
2024-07-25 07:00:00,12.3,275,openmeteo
2024-07-25 08:00:00,14.5,263,openmeteo
2024-07-25 09:00:00,16.5,260,openmeteo
2024-07-25 10:00:00,14.8,273,openmeteo
2024-07-25 11:00:00,13.2,313,openmeteo
2024-07-25 12:00:00,11.6,292,openmeteo
2024-07-25 13:00:00,10.9,287,openmeteo
2024-07-25 14:00:00,16.3,295,openmeteo
2024-07-25 15:00:00,17.2,303,openmeteo
2024-07-25 16:00:00,17.8,318,openmeteo
2024-07-25 17:00:00,17.9,320,openmeteo
2024-07-25 18:00:00,12.3,320,openmeteo
2024-07-25 19:00:00,8.3,304,openmeteo
2024-07-25 20:00:00,6.8,295,openmeteo
2024-07-25 21:00:00,6.2,263,openmeteo
2024-07-25 22:00:00,6.8,238,openmeteo
2024-07-25 23:00:00,7.7,217,openmeteo
2024-07-26 00:00:00,11.3,261,openmeteo
2024-07-26 01:00:00,9.6,257,openmeteo
2024-07-26 02:00:00,14.2,249,openmeteo
2024-07-26 03:00:00,16.4,261,openmeteo
2024-07-26 04:00:00,14.4,269,openmeteo
2024-07-26 05:00:00,10.7,282,openmeteo
2024-07-26 06:00:00,6.2,260,openmeteo
2024-07-26 07:00:00,6.6,229,openmeteo
2024-07-26 08:00:00,9.1,236,openmeteo
2024-07-26 09:00:00,9.3,257,openmeteo
2024-07-26 10:00:00,14.4,292,openmeteo
2024-07-26 11:00:00,14.6,322,openmeteo
2024-07-26 12:00:00,12.9,333,openmeteo
2024-07-26 13:00:00,19.1,344,openmeteo
2024-07-26 14:00:00,15.2,355,openmeteo
2024-07-26 15:00:00,7.6,335,openmeteo
2024-07-26 16:00:00,6.1,332,openmeteo
2024-07-26 17:00:00,4.8,297,openmeteo
2024-07-26 18:00:00,5.3,242,openmeteo
2024-07-26 19:00:00,5.2,254,openmeteo
2024-07-26 20:00:00,8.4,280,openmeteo
2024-07-26 21:00:00,5.2,282,openmeteo
2024-07-26 22:00:00,9.1,277,openmeteo
2024-07-26 23:00:00,11.5,256,openmeteo
2024-07-27 00:00:00,13.3,221,openmeteo
2024-07-27 01:00:00,14.8,206,openmeteo
2024-07-27 02:00:00,13.1,233,openmeteo
2024-07-27 03:00:00,10.2,238,openmeteo
2024-07-27 04:00:00,11.2,268,openmeteo
2024-07-27 05:00:00,13.6,281,openmeteo
2024-07-27 06:00:00,16.2,283,openmeteo
2024-07-27 07:00:00,19.5,273,openmeteo
2024-07-27 08:00:00,19.7,279,openmeteo
2024-07-27 09:00:00,21.3,282,openmeteo
2024-07-27 10:00:00,22.8,288,openmeteo
2024-07-27 11:00:00,23.9,291,openmeteo
2024-07-27 12:00:00,22.8,288,openmeteo
2024-07-27 13:00:00,20.6,297,openmeteo
2024-07-27 14:00:00,20.3,290,openmeteo
2024-07-27 15:00:00,23.5,288,openmeteo
2024-07-27 16:00:00,23.7,294,openmeteo
2024-07-27 17:00:00,20.9,291,openmeteo
2024-07-27 18:00:00,21.3,281,openmeteo
2024-07-27 19:00:00,24.6,275,openmeteo
2024-07-27 20:00:00,20.9,269,openmeteo
2024-07-27 21:00:00,20.5,259,openmeteo
2024-07-27 22:00:00,22.2,257,openmeteo
2024-07-27 23:00:00,19.2,264,openmeteo
2024-07-28 00:00:00,18.8,273,openmeteo
2024-07-28 01:00:00,21.3,274,openmeteo
2024-07-28 02:00:00,23.1,274,openmeteo
2024-07-28 03:00:00,26.0,275,openmeteo
2024-07-28 04:00:00,27.8,274,openmeteo
2024-07-28 05:00:00,31.1,276,openmeteo
2024-07-28 06:00:00,33.0,281,openmeteo
2024-07-28 07:00:00,32.5,283,openmeteo
2024-07-28 08:00:00,33.2,283,openmeteo
2024-07-28 09:00:00,33.6,283,openmeteo
2024-07-28 10:00:00,34.9,284,openmeteo
2024-07-28 11:00:00,34.9,289,openmeteo
2024-07-28 12:00:00,35.6,293,openmeteo
2024-07-28 13:00:00,35.1,298,openmeteo
2024-07-28 14:00:00,38.3,297,openmeteo
2024-07-28 15:00:00,37.5,297,openmeteo
2024-07-28 16:00:00,34.9,296,openmeteo
2024-07-28 17:00:00,33.3,296,openmeteo
2024-07-28 18:00:00,28.0,288,openmeteo
2024-07-28 19:00:00,26.7,275,openmeteo
2024-07-28 20:00:00,28.1,269,openmeteo
2024-07-28 21:00:00,29.2,271,openmeteo
2024-07-28 22:00:00,29.2,269,openmeteo
2024-07-28 23:00:00,26.7,272,openmeteo
2024-07-29 00:00:00,28.5,267,openmeteo
2024-07-29 01:00:00,30.4,281,openmeteo
2024-07-29 02:00:00,31.1,281,openmeteo
2024-07-29 03:00:00,29.6,280,openmeteo
2024-07-29 04:00:00,28.5,279,openmeteo
2024-07-29 05:00:00,26.9,282,openmeteo
2024-07-29 06:00:00,25.1,283,openmeteo
2024-07-29 07:00:00,26.2,286,openmeteo
2024-07-29 08:00:00,28.7,290,openmeteo
2024-07-29 09:00:00,28.3,292,openmeteo
2024-07-29 10:00:00,27.7,293,openmeteo
2024-07-29 11:00:00,27.0,297,openmeteo
2024-07-29 12:00:00,27.0,297,openmeteo
2024-07-29 13:00:00,25.4,297,openmeteo
2024-07-29 14:00:00,24.7,301,openmeteo
2024-07-29 15:00:00,23.9,304,openmeteo
2024-07-29 16:00:00,21.5,308,openmeteo
2024-07-29 17:00:00,18.3,313,openmeteo
2024-07-29 18:00:00,14.8,304,openmeteo
2024-07-29 19:00:00,10.6,288,openmeteo
2024-07-29 20:00:00,10.8,268,openmeteo
2024-07-29 21:00:00,12.1,247,openmeteo
2024-07-29 22:00:00,12.4,248,openmeteo
2024-07-29 23:00:00,12.6,267,openmeteo
2024-07-30 00:00:00,12.1,280,openmeteo
2024-07-30 01:00:00,6.5,304,openmeteo
2024-07-30 02:00:00,5.6,310,openmeteo
2024-07-30 03:00:00,4.0,333,openmeteo
2024-07-30 04:00:00,4.5,14,openmeteo
2024-07-30 05:00:00,5.6,27,openmeteo
2024-07-30 06:00:00,4.3,5,openmeteo
2024-07-30 07:00:00,4.0,360,openmeteo
2024-07-30 08:00:00,5.4,340,openmeteo
2024-07-30 09:00:00,8.2,331,openmeteo
2024-07-30 10:00:00,10.8,334,openmeteo
2024-07-30 11:00:00,12.7,335,openmeteo
2024-07-30 12:00:00,13.8,332,openmeteo
2024-07-30 13:00:00,12.7,335,openmeteo
2024-07-30 14:00:00,13.1,339,openmeteo
2024-07-30 15:00:00,14.8,359,openmeteo
2024-07-30 16:00:00,11.6,5,openmeteo
2024-07-30 17:00:00,13.4,8,openmeteo
2024-07-30 18:00:00,11.5,20,openmeteo
2024-07-30 19:00:00,10.5,27,openmeteo
2024-07-30 20:00:00,9.3,62,openmeteo
2024-07-30 21:00:00,9.8,66,openmeteo
2024-07-30 22:00:00,9.5,79,openmeteo
2024-07-30 23:00:00,6.6,112,openmeteo
2024-07-31 00:00:00,5.7,108,openmeteo
2024-07-31 01:00:00,15.3,124,openmeteo
2024-07-31 02:00:00,15.9,147,openmeteo
2024-07-31 03:00:00,12.0,159,openmeteo
2024-07-31 04:00:00,9.1,162,openmeteo
2024-07-31 05:00:00,7.2,162,openmeteo
2024-07-31 06:00:00,9.8,276,openmeteo
2024-07-31 07:00:00,13.2,325,openmeteo
2024-07-31 08:00:00,14.9,340,openmeteo
2024-07-31 09:00:00,17.2,344,openmeteo
2024-07-31 10:00:00,17.2,344,openmeteo
2024-07-31 11:00:00,18.7,337,openmeteo
2024-07-31 12:00:00,20.9,331,openmeteo
2024-07-31 13:00:00,16.5,340,openmeteo
2024-07-31 14:00:00,14.3,348,openmeteo
2024-07-31 15:00:00,13.0,354,openmeteo
2024-07-31 16:00:00,14.2,333,openmeteo
2024-07-31 17:00:00,16.3,8,openmeteo
2024-07-31 18:00:00,9.0,2,openmeteo
2024-07-31 19:00:00,9.7,360,openmeteo
2024-07-31 20:00:00,7.6,19,openmeteo
2024-07-31 21:00:00,10.1,358,openmeteo
2024-07-31 22:00:00,14.3,25,openmeteo
2024-07-31 23:00:00,10.5,41,openmeteo
2024-08-01 00:00:00,9.9,44,openmeteo
2024-08-01 01:00:00,8.2,23,openmeteo
2024-08-01 02:00:00,9.0,23,openmeteo
2024-08-01 03:00:00,9.2,21,openmeteo
2024-08-01 04:00:00,13.7,342,openmeteo
2024-08-01 05:00:00,17.7,348,openmeteo
2024-08-01 06:00:00,18.9,346,openmeteo
2024-08-01 07:00:00,17.7,354,openmeteo
2024-08-01 08:00:00,13.7,360,openmeteo
2024-08-01 09:00:00,12.2,360,openmeteo
2024-08-01 10:00:00,13.7,342,openmeteo
2024-08-01 11:00:00,17.2,334,openmeteo
2024-08-01 12:00:00,20.1,336,openmeteo
2024-08-01 13:00:00,23.8,335,openmeteo
2024-08-01 14:00:00,21.6,336,openmeteo
2024-08-01 15:00:00,18.0,334,openmeteo
2024-08-01 16:00:00,13.2,334,openmeteo
2024-08-01 17:00:00,6.9,313,openmeteo
2024-08-01 18:00:00,8.6,285,openmeteo
2024-08-01 19:00:00,9.8,264,openmeteo
2024-08-01 20:00:00,12.8,254,openmeteo
2024-08-01 21:00:00,16.3,262,openmeteo
2024-08-01 22:00:00,19.5,265,openmeteo
2024-08-01 23:00:00,20.9,259,openmeteo
2024-08-02 00:00:00,18.7,247,openmeteo
2024-08-02 01:00:00,17.9,279,openmeteo
2024-08-02 02:00:00,20.2,281,openmeteo
2024-08-02 03:00:00,19.8,282,openmeteo
2024-08-02 04:00:00,19.0,280,openmeteo
2024-08-02 05:00:00,17.7,274,openmeteo
2024-08-02 06:00:00,20.2,274,openmeteo
2024-08-02 07:00:00,21.3,282,openmeteo
2024-08-02 08:00:00,22.7,285,openmeteo
2024-08-02 09:00:00,25.1,286,openmeteo
2024-08-02 10:00:00,26.2,291,openmeteo
2024-08-02 11:00:00,25.8,297,openmeteo
2024-08-02 12:00:00,27.3,306,openmeteo
2024-08-02 13:00:00,24.4,315,openmeteo
2024-08-02 14:00:00,26.5,316,openmeteo
2024-08-02 15:00:00,29.0,323,openmeteo
2024-08-02 16:00:00,28.0,323,openmeteo
2024-08-02 17:00:00,24.3,320,openmeteo
2024-08-02 18:00:00,21.9,312,openmeteo
2024-08-02 19:00:00,18.8,306,openmeteo
2024-08-02 20:00:00,17.4,300,openmeteo
2024-08-02 21:00:00,17.2,296,openmeteo
2024-08-02 22:00:00,18.6,292,openmeteo
2024-08-02 23:00:00,18.3,286,openmeteo
2024-08-03 00:00:00,18.3,280,openmeteo
2024-08-03 01:00:00,17.5,307,openmeteo
2024-08-03 02:00:00,18.6,302,openmeteo
2024-08-03 03:00:00,19.8,299,openmeteo
2024-08-03 04:00:00,20.9,297,openmeteo
2024-08-03 05:00:00,21.6,296,openmeteo
2024-08-03 06:00:00,21.9,303,openmeteo
2024-08-03 07:00:00,22.3,308,openmeteo
2024-08-03 08:00:00,20.9,312,openmeteo
2024-08-03 09:00:00,23.8,305,openmeteo
2024-08-03 10:00:00,25.4,308,openmeteo
2024-08-03 11:00:00,27.6,310,openmeteo
2024-08-03 12:00:00,30.0,309,openmeteo
2024-08-03 13:00:00,26.9,308,openmeteo
2024-08-03 14:00:00,27.9,306,openmeteo
2024-08-03 15:00:00,30.2,301,openmeteo
2024-08-03 16:00:00,31.4,307,openmeteo
2024-08-03 17:00:00,31.8,309,openmeteo
2024-08-03 18:00:00,29.7,309,openmeteo
2024-08-03 19:00:00,27.2,307,openmeteo
2024-08-03 20:00:00,25.5,312,openmeteo
2024-08-03 21:00:00,24.2,314,openmeteo
2024-08-03 22:00:00,20.7,310,openmeteo
2024-08-03 23:00:00,21.5,310,openmeteo
2024-08-04 00:00:00,22.2,310,openmeteo
2024-08-04 01:00:00,23.7,314,openmeteo
2024-08-04 02:00:00,24.2,307,openmeteo
2024-08-04 03:00:00,22.1,298,openmeteo
2024-08-04 04:00:00,23.4,299,openmeteo
2024-08-04 05:00:00,24.1,297,openmeteo
2024-08-04 06:00:00,25.3,294,openmeteo
2024-08-04 07:00:00,26.7,296,openmeteo
2024-08-04 08:00:00,29.0,297,openmeteo
2024-08-04 09:00:00,30.2,301,openmeteo
2024-08-04 10:00:00,31.3,308,openmeteo
2024-08-04 11:00:00,30.8,313,openmeteo
2024-08-04 12:00:00,29.0,314,openmeteo
2024-08-04 13:00:00,25.7,307,openmeteo
2024-08-04 14:00:00,26.2,304,openmeteo
2024-08-04 15:00:00,27.3,304,openmeteo
2024-08-04 16:00:00,27.2,305,openmeteo
2024-08-04 17:00:00,27.3,304,openmeteo
2024-08-04 18:00:00,23.8,305,openmeteo
2024-08-04 19:00:00,20.8,307,openmeteo
2024-08-04 20:00:00,18.4,305,openmeteo
2024-08-04 21:00:00,18.7,308,openmeteo
2024-08-04 22:00:00,18.9,312,openmeteo
2024-08-04 23:00:00,18.1,305,openmeteo
2024-08-05 00:00:00,20.5,292,openmeteo
2024-08-05 01:00:00,20.2,305,openmeteo
2024-08-05 02:00:00,22.7,299,openmeteo
2024-08-05 03:00:00,22.5,302,openmeteo
2024-08-05 04:00:00,21.2,305,openmeteo
2024-08-05 05:00:00,22.0,302,openmeteo
2024-08-05 06:00:00,23.8,302,openmeteo
2024-08-05 07:00:00,26.7,307,openmeteo
2024-08-05 08:00:00,29.1,326,openmeteo
2024-08-05 09:00:00,25.2,329,openmeteo
2024-08-05 10:00:00,27.4,305,openmeteo
2024-08-05 11:00:00,31.6,311,openmeteo
2024-08-05 12:00:00,32.0,326,openmeteo
2024-08-05 13:00:00,27.4,335,openmeteo
2024-08-05 14:00:00,24.4,338,openmeteo
2024-08-05 15:00:00,21.5,339,openmeteo
2024-08-05 16:00:00,19.7,342,openmeteo
2024-08-05 17:00:00,21.3,336,openmeteo
2024-08-05 18:00:00,22.7,356,openmeteo
2024-08-05 19:00:00,20.9,4,openmeteo
2024-08-05 20:00:00,18.8,5,openmeteo
2024-08-05 21:00:00,17.6,11,openmeteo
2024-08-05 22:00:00,18.4,23,openmeteo
2024-08-05 23:00:00,16.2,21,openmeteo
2024-08-06 00:00:00,13.7,35,openmeteo
2024-08-06 01:00:00,19.1,86,openmeteo
2024-08-06 02:00:00,13.7,88,openmeteo
2024-08-06 03:00:00,43.2,147,openmeteo
2024-08-06 04:00:00,27.6,163,openmeteo
2024-08-06 05:00:00,33.1,172,openmeteo
2024-08-06 06:00:00,32.5,190,openmeteo
2024-08-06 07:00:00,22.5,207,openmeteo
2024-08-06 08:00:00,26.9,172,openmeteo
2024-08-06 09:00:00,23.1,201,openmeteo
2024-08-06 10:00:00,22.2,200,openmeteo
2024-08-06 11:00:00,18.2,210,openmeteo
2024-08-06 12:00:00,17.1,215,openmeteo
2024-08-06 13:00:00,18.7,272,openmeteo
2024-08-06 14:00:00,14.2,261,openmeteo
2024-08-06 15:00:00,10.7,258,openmeteo
2024-08-06 16:00:00,7.9,267,openmeteo
2024-08-06 17:00:00,6.7,286,openmeteo
2024-08-06 18:00:00,7.2,264,openmeteo
2024-08-06 19:00:00,6.3,246,openmeteo
2024-08-06 20:00:00,6.9,264,openmeteo
2024-08-06 21:00:00,6.0,245,openmeteo
2024-08-06 22:00:00,6.5,214,openmeteo
2024-08-06 23:00:00,8.3,198,openmeteo
2024-08-07 00:00:00,10.5,176,openmeteo
2024-08-07 01:00:00,2.1,329,openmeteo
2024-08-07 02:00:00,4.1,15,openmeteo
2024-08-07 03:00:00,3.6,37,openmeteo
2024-08-07 04:00:00,3.1,69,openmeteo
2024-08-07 05:00:00,3.9,112,openmeteo
2024-08-07 06:00:00,3.2,153,openmeteo
2024-08-07 07:00:00,2.5,270,openmeteo
2024-08-07 08:00:00,6.6,283,openmeteo
2024-08-07 09:00:00,10.5,292,openmeteo
2024-08-07 10:00:00,15.6,310,openmeteo
2024-08-07 11:00:00,17.6,319,openmeteo
2024-08-07 12:00:00,17.9,330,openmeteo
2024-08-07 13:00:00,15.5,360,openmeteo
2024-08-07 14:00:00,16.6,355,openmeteo
2024-08-07 15:00:00,16.4,351,openmeteo
2024-08-07 16:00:00,11.5,360,openmeteo
2024-08-07 17:00:00,5.9,346,openmeteo
2024-08-07 18:00:00,4.3,265,openmeteo
2024-08-07 19:00:00,5.2,245,openmeteo
2024-08-07 20:00:00,3.9,22,openmeteo
2024-08-07 21:00:00,7.1,66,openmeteo
2024-08-07 22:00:00,10.7,76,openmeteo
2024-08-07 23:00:00,8.4,110,openmeteo
2024-08-08 00:00:00,8.4,137,openmeteo
2024-08-08 01:00:00,3.6,127,openmeteo
2024-08-08 02:00:00,3.1,111,openmeteo
2024-08-08 03:00:00,4.3,132,openmeteo
2024-08-08 04:00:00,4.1,105,openmeteo
2024-08-08 05:00:00,4.7,94,openmeteo
2024-08-08 06:00:00,1.5,45,openmeteo
2024-08-08 07:00:00,5.9,317,openmeteo
2024-08-08 08:00:00,8.9,320,openmeteo
2024-08-08 09:00:00,13.0,332,openmeteo
2024-08-08 10:00:00,16.7,335,openmeteo
2024-08-08 11:00:00,19.1,338,openmeteo
2024-08-08 12:00:00,18.1,347,openmeteo
2024-08-08 13:00:00,16.8,351,openmeteo
2024-08-08 14:00:00,15.5,338,openmeteo
2024-08-08 15:00:00,14.4,338,openmeteo
2024-08-08 16:00:00,14.1,354,openmeteo
2024-08-08 17:00:00,9.8,17,openmeteo
2024-08-08 18:00:00,8.6,15,openmeteo
2024-08-08 19:00:00,10.4,14,openmeteo
2024-08-08 20:00:00,14.2,9,openmeteo
2024-08-08 21:00:00,14.0,18,openmeteo
2024-08-08 22:00:00,14.9,20,openmeteo
2024-08-08 23:00:00,17.8,18,openmeteo
2024-08-09 00:00:00,18.4,39,openmeteo
2024-08-09 01:00:00,24.9,68,openmeteo
2024-08-09 02:00:00,24.9,76,openmeteo
2024-08-09 03:00:00,23.9,83,openmeteo
2024-08-09 04:00:00,19.3,104,openmeteo
2024-08-09 05:00:00,14.2,126,openmeteo
2024-08-09 06:00:00,9.2,138,openmeteo
2024-08-09 07:00:00,4.8,193,openmeteo
2024-08-09 08:00:00,10.3,299,openmeteo
2024-08-09 09:00:00,16.8,325,openmeteo
2024-08-09 10:00:00,21.8,351,openmeteo
2024-08-09 11:00:00,21.9,9,openmeteo
2024-08-09 12:00:00,23.6,21,openmeteo
2024-08-09 13:00:00,27.3,36,openmeteo
2024-08-09 14:00:00,25.9,39,openmeteo
2024-08-09 15:00:00,29.1,42,openmeteo
2024-08-09 16:00:00,32.1,45,openmeteo
2024-08-09 17:00:00,30.1,47,openmeteo
2024-08-09 18:00:00,29.3,56,openmeteo
2024-08-09 19:00:00,28.6,67,openmeteo
2024-08-09 20:00:00,23.7,70,openmeteo
2024-08-09 21:00:00,22.7,75,openmeteo
2024-08-09 22:00:00,23.0,70,openmeteo
2024-08-09 23:00:00,23.9,67,openmeteo
2024-08-10 00:00:00,25.7,68,openmeteo
2024-08-10 01:00:00,26.0,66,openmeteo
2024-08-10 02:00:00,25.5,67,openmeteo
2024-08-10 03:00:00,25.8,77,openmeteo
2024-08-10 04:00:00,23.1,86,openmeteo
2024-08-10 05:00:00,20.7,98,openmeteo
2024-08-10 06:00:00,20.5,121,openmeteo
2024-08-10 07:00:00,17.2,119,openmeteo
2024-08-10 08:00:00,13.3,88,openmeteo
2024-08-10 09:00:00,14.1,58,openmeteo
2024-08-10 10:00:00,13.0,51,openmeteo
2024-08-10 11:00:00,17.3,23,openmeteo
2024-08-10 12:00:00,19.7,15,openmeteo
2024-08-10 13:00:00,21.5,21,openmeteo
2024-08-10 14:00:00,25.0,18,openmeteo
2024-08-10 15:00:00,22.7,23,openmeteo
2024-08-10 16:00:00,23.5,21,openmeteo
2024-08-10 17:00:00,21.1,30,openmeteo
2024-08-10 18:00:00,18.8,26,openmeteo
2024-08-10 19:00:00,16.1,27,openmeteo
2024-08-10 20:00:00,15.9,25,openmeteo
2024-08-10 21:00:00,16.2,32,openmeteo
2024-08-10 22:00:00,16.4,38,openmeteo
2024-08-10 23:00:00,18.6,36,openmeteo
2024-08-11 00:00:00,19.2,30,openmeteo
2024-08-11 01:00:00,20.5,34,openmeteo
2024-08-11 02:00:00,23.2,46,openmeteo
2024-08-11 03:00:00,25.5,54,openmeteo
2024-08-11 04:00:00,23.2,64,openmeteo
2024-08-11 05:00:00,17.8,76,openmeteo
2024-08-11 06:00:00,12.0,81,openmeteo
2024-08-11 07:00:00,2.8,50,openmeteo
2024-08-11 08:00:00,9.0,307,openmeteo
2024-08-11 09:00:00,13.0,309,openmeteo
2024-08-11 10:00:00,17.1,325,openmeteo
2024-08-11 11:00:00,20.0,330,openmeteo
2024-08-11 12:00:00,24.1,343,openmeteo
2024-08-11 13:00:00,21.7,354,openmeteo
2024-08-11 14:00:00,23.3,347,openmeteo
2024-08-11 15:00:00,23.6,344,openmeteo
2024-08-11 16:00:00,24.2,345,openmeteo
2024-08-11 17:00:00,23.4,350,openmeteo
2024-08-11 18:00:00,21.3,357,openmeteo
2024-08-11 19:00:00,17.3,1,openmeteo
2024-08-11 20:00:00,15.9,13,openmeteo
2024-08-11 21:00:00,13.0,28,openmeteo
2024-08-11 22:00:00,11.2,40,openmeteo
2024-08-11 23:00:00,8.9,58,openmeteo
2024-08-12 00:00:00,9.8,73,openmeteo
2024-08-12 01:00:00,14.8,56,openmeteo
2024-08-12 02:00:00,15.1,62,openmeteo
2024-08-12 03:00:00,14.5,67,openmeteo
2024-08-12 04:00:00,12.4,68,openmeteo
2024-08-12 05:00:00,11.3,73,openmeteo
2024-08-12 06:00:00,10.2,72,openmeteo
2024-08-12 07:00:00,8.4,59,openmeteo
2024-08-12 08:00:00,9.5,29,openmeteo
2024-08-12 09:00:00,13.9,10,openmeteo
2024-08-12 10:00:00,17.3,360,openmeteo
2024-08-12 11:00:00,20.2,356,openmeteo
2024-08-12 12:00:00,22.0,358,openmeteo
2024-08-12 13:00:00,21.6,360,openmeteo
2024-08-12 14:00:00,22.3,357,openmeteo
2024-08-12 15:00:00,24.8,360,openmeteo
2024-08-12 16:00:00,24.5,2,openmeteo
2024-08-12 17:00:00,23.7,10,openmeteo
2024-08-12 18:00:00,22.1,12,openmeteo
2024-08-12 19:00:00,20.1,15,openmeteo
2024-08-12 20:00:00,15.6,23,openmeteo
2024-08-12 21:00:00,10.0,41,openmeteo
2024-08-12 22:00:00,8.5,62,openmeteo
2024-08-12 23:00:00,9.6,77,openmeteo
2024-08-13 00:00:00,7.2,87,openmeteo
2024-08-13 01:00:00,14.6,99,openmeteo
2024-08-13 02:00:00,12.3,93,openmeteo
2024-08-13 03:00:00,10.5,96,openmeteo
2024-08-13 04:00:00,9.0,74,openmeteo
2024-08-13 05:00:00,13.3,90,openmeteo
2024-08-13 06:00:00,12.1,78,openmeteo
2024-08-13 07:00:00,11.6,74,openmeteo
2024-08-13 08:00:00,11.5,46,openmeteo
2024-08-13 09:00:00,12.1,17,openmeteo
2024-08-13 10:00:00,15.2,5,openmeteo
2024-08-13 11:00:00,15.8,360,openmeteo
2024-08-13 12:00:00,17.8,353,openmeteo
2024-08-13 13:00:00,22.3,359,openmeteo
2024-08-13 14:00:00,19.1,357,openmeteo
2024-08-13 15:00:00,21.3,358,openmeteo
2024-08-13 16:00:00,21.3,12,openmeteo
2024-08-13 17:00:00,21.8,13,openmeteo
2024-08-13 18:00:00,19.0,19,openmeteo
2024-08-13 19:00:00,14.1,19,openmeteo
2024-08-13 20:00:00,14.3,25,openmeteo
2024-08-13 21:00:00,13.6,37,openmeteo
2024-08-13 22:00:00,15.9,62,openmeteo
2024-08-13 23:00:00,21.0,51,openmeteo
2024-08-14 00:00:00,20.1,61,openmeteo
2024-08-14 01:00:00,13.7,76,openmeteo
2024-08-14 02:00:00,10.1,94,openmeteo
2024-08-14 03:00:00,7.4,113,openmeteo
2024-08-14 04:00:00,6.1,135,openmeteo
2024-08-14 05:00:00,4.5,119,openmeteo
2024-08-14 06:00:00,8.4,97,openmeteo
2024-08-14 07:00:00,5.9,47,openmeteo
2024-08-14 08:00:00,9.9,350,openmeteo
2024-08-14 09:00:00,15.3,345,openmeteo
2024-08-14 10:00:00,23.2,347,openmeteo
2024-08-14 11:00:00,24.0,351,openmeteo
2024-08-14 12:00:00,23.4,356,openmeteo
2024-08-14 13:00:00,22.8,5,openmeteo
2024-08-14 14:00:00,19.5,12,openmeteo
2024-08-14 15:00:00,17.3,4,openmeteo
2024-08-14 16:00:00,16.0,8,openmeteo
2024-08-14 17:00:00,13.0,355,openmeteo
2024-08-14 18:00:00,13.4,352,openmeteo
2024-08-14 19:00:00,13.0,6,openmeteo
2024-08-14 20:00:00,12.1,10,openmeteo
2024-08-14 21:00:00,9.2,42,openmeteo
2024-08-14 22:00:00,6.6,45,openmeteo
2024-08-14 23:00:00,6.0,33,openmeteo
2024-08-15 00:00:00,6.2,21,openmeteo
2024-08-15 01:00:00,4.9,343,openmeteo
2024-08-15 02:00:00,8.0,342,openmeteo
2024-08-15 03:00:00,11.3,353,openmeteo
2024-08-15 04:00:00,11.3,9,openmeteo
2024-08-15 05:00:00,10.8,26,openmeteo
2024-08-15 06:00:00,9.8,54,openmeteo
2024-08-15 07:00:00,7.6,71,openmeteo
2024-08-15 08:00:00,5.8,30,openmeteo
2024-08-15 09:00:00,9.2,339,openmeteo
2024-08-15 10:00:00,16.1,333,openmeteo
2024-08-15 11:00:00,19.5,337,openmeteo
2024-08-15 12:00:00,18.6,342,openmeteo
2024-08-15 13:00:00,17.6,349,openmeteo
2024-08-15 14:00:00,16.0,351,openmeteo
2024-08-15 15:00:00,17.9,345,openmeteo
2024-08-15 16:00:00,17.7,348,openmeteo
2024-08-15 17:00:00,17.7,343,openmeteo
2024-08-15 18:00:00,16.8,337,openmeteo
2024-08-15 19:00:00,15.8,333,openmeteo
2024-08-15 20:00:00,14.3,321,openmeteo
2024-08-15 21:00:00,13.5,314,openmeteo
2024-08-15 22:00:00,11.7,313,openmeteo
2024-08-15 23:00:00,9.7,292,openmeteo
2024-08-16 00:00:00,9.7,292,openmeteo
2024-08-16 01:00:00,7.1,315,openmeteo
2024-08-16 02:00:00,4.7,302,openmeteo
2024-08-16 03:00:00,2.9,330,openmeteo
2024-08-16 04:00:00,1.8,360,openmeteo
2024-08-16 05:00:00,1.8,101,openmeteo
2024-08-16 06:00:00,0.0,270,openmeteo
2024-08-16 07:00:00,2.9,263,openmeteo
2024-08-16 08:00:00,6.8,295,openmeteo
2024-08-16 09:00:00,9.7,315,openmeteo
2024-08-16 10:00:00,12.0,321,openmeteo
2024-08-16 11:00:00,11.8,310,openmeteo
2024-08-16 12:00:00,12.3,310,openmeteo
2024-08-16 13:00:00,10.4,358,openmeteo
2024-08-16 14:00:00,8.6,358,openmeteo
2024-08-16 15:00:00,8.4,350,openmeteo
2024-08-16 16:00:00,7.9,330,openmeteo
2024-08-16 17:00:00,7.5,325,openmeteo
2024-08-16 18:00:00,8.3,326,openmeteo
2024-08-16 19:00:00,8.5,332,openmeteo
2024-08-16 20:00:00,8.5,348,openmeteo
2024-08-16 21:00:00,8.6,15,openmeteo
2024-08-16 22:00:00,7.6,8,openmeteo
2024-08-16 23:00:00,6.9,9,openmeteo
2024-08-17 00:00:00,7.1,30,openmeteo
2024-08-17 01:00:00,11.3,59,openmeteo
2024-08-17 02:00:00,9.4,67,openmeteo
2024-08-17 03:00:00,10.8,64,openmeteo
2024-08-17 04:00:00,14.4,68,openmeteo
2024-08-17 05:00:00,15.1,72,openmeteo
2024-08-17 06:00:00,10.6,66,openmeteo
2024-08-17 07:00:00,8.4,47,openmeteo
2024-08-17 08:00:00,9.1,18,openmeteo
2024-08-17 09:00:00,11.5,356,openmeteo
2024-08-17 10:00:00,14.2,353,openmeteo
2024-08-17 11:00:00,18.5,353,openmeteo
2024-08-17 12:00:00,21.3,354,openmeteo
2024-08-17 13:00:00,19.5,357,openmeteo
2024-08-17 14:00:00,18.4,359,openmeteo
2024-08-17 15:00:00,17.7,6,openmeteo
2024-08-17 16:00:00,14.9,15,openmeteo
2024-08-17 17:00:00,16.6,22,openmeteo
2024-08-17 18:00:00,19.8,33,openmeteo
2024-08-17 19:00:00,20.5,38,openmeteo
2024-08-17 20:00:00,20.2,51,openmeteo
2024-08-17 21:00:00,19.5,52,openmeteo
2024-08-17 22:00:00,16.6,42,openmeteo
2024-08-17 23:00:00,18.9,39,openmeteo
2024-08-18 00:00:00,24.2,47,openmeteo
2024-08-18 01:00:00,22.1,46,openmeteo
2024-08-18 02:00:00,31.5,54,openmeteo
2024-08-18 03:00:00,30.9,62,openmeteo
2024-08-18 04:00:00,28.0,122,openmeteo
2024-08-18 05:00:00,27.9,155,openmeteo
2024-08-18 06:00:00,23.3,142,openmeteo
2024-08-18 07:00:00,20.3,127,openmeteo
2024-08-18 08:00:00,17.8,126,openmeteo
2024-08-18 09:00:00,15.2,83,openmeteo
2024-08-18 10:00:00,18.4,48,openmeteo
2024-08-18 11:00:00,21.6,37,openmeteo
2024-08-18 12:00:00,19.6,36,openmeteo
2024-08-18 13:00:00,24.5,28,openmeteo
2024-08-18 14:00:00,25.7,31,openmeteo
2024-08-18 15:00:00,25.5,43,openmeteo
2024-08-18 16:00:00,29.5,45,openmeteo
2024-08-18 17:00:00,28.5,45,openmeteo
2024-08-18 18:00:00,28.3,50,openmeteo
2024-08-18 19:00:00,29.5,62,openmeteo
2024-08-18 20:00:00,24.9,70,openmeteo
2024-08-18 21:00:00,20.5,72,openmeteo
2024-08-18 22:00:00,19.4,68,openmeteo
2024-08-18 23:00:00,20.8,56,openmeteo
2024-08-19 00:00:00,22.6,61,openmeteo
2024-08-19 01:00:00,28.8,72,openmeteo
2024-08-19 02:00:00,27.3,138,openmeteo
2024-08-19 03:00:00,29.8,152,openmeteo
2024-08-19 04:00:00,22.3,162,openmeteo
2024-08-19 05:00:00,19.5,161,openmeteo
2024-08-19 06:00:00,17.5,148,openmeteo
2024-08-19 07:00:00,16.0,157,openmeteo
2024-08-19 08:00:00,14.5,174,openmeteo
2024-08-19 09:00:00,8.7,197,openmeteo
2024-08-19 10:00:00,3.3,347,openmeteo
2024-08-19 11:00:00,15.8,21,openmeteo
2024-08-19 12:00:00,12.2,24,openmeteo
2024-08-19 13:00:00,15.9,51,openmeteo
2024-08-19 14:00:00,12.6,66,openmeteo
2024-08-19 15:00:00,13.7,76,openmeteo
2024-08-19 16:00:00,15.0,80,openmeteo
2024-08-19 17:00:00,15.6,75,openmeteo
2024-08-19 18:00:00,14.4,68,openmeteo
2024-08-19 19:00:00,11.8,78,openmeteo
2024-08-19 20:00:00,8.4,100,openmeteo
2024-08-19 21:00:00,11.4,167,openmeteo
2024-08-19 22:00:00,12.4,197,openmeteo
2024-08-19 23:00:00,8.3,198,openmeteo
2024-08-20 00:00:00,3.9,158,openmeteo
2024-08-20 01:00:00,9.9,190,openmeteo
2024-08-20 02:00:00,9.6,160,openmeteo
2024-08-20 03:00:00,9.8,156,openmeteo
2024-08-20 04:00:00,12.6,153,openmeteo
2024-08-20 05:00:00,12.4,163,openmeteo
2024-08-20 06:00:00,13.2,163,openmeteo
2024-08-20 07:00:00,11.7,169,openmeteo
2024-08-20 08:00:00,6.8,180,openmeteo
2024-08-20 09:00:00,2.6,304,openmeteo
2024-08-20 10:00:00,9.4,342,openmeteo
2024-08-20 11:00:00,10.8,360,openmeteo
2024-08-20 12:00:00,13.0,14,openmeteo
2024-08-20 13:00:00,19.0,15,openmeteo
2024-08-20 14:00:00,18.5,21,openmeteo
2024-08-20 15:00:00,19.6,20,openmeteo
2024-08-20 16:00:00,20.9,19,openmeteo
2024-08-20 17:00:00,22.3,21,openmeteo
2024-08-20 18:00:00,22.8,31,openmeteo
2024-08-20 19:00:00,24.1,51,openmeteo
2024-08-20 20:00:00,22.3,67,openmeteo
2024-08-20 21:00:00,22.9,74,openmeteo
2024-08-20 22:00:00,18.9,77,openmeteo
2024-08-20 23:00:00,17.7,86,openmeteo
2024-08-21 00:00:00,23.7,114,openmeteo
2024-08-21 01:00:00,36.2,155,openmeteo
2024-08-21 02:00:00,34.5,153,openmeteo
2024-08-21 03:00:00,31.9,152,openmeteo
2024-08-21 04:00:00,30.7,149,openmeteo
2024-08-21 05:00:00,28.9,149,openmeteo
2024-08-21 06:00:00,26.9,148,openmeteo
2024-08-21 07:00:00,23.2,144,openmeteo
2024-08-21 08:00:00,19.4,133,openmeteo
2024-08-21 09:00:00,17.3,111,openmeteo
2024-08-21 10:00:00,16.6,86,openmeteo
2024-08-21 11:00:00,18.2,60,openmeteo
2024-08-21 12:00:00,17.4,50,openmeteo
2024-08-21 13:00:00,25.7,22,openmeteo
2024-08-21 14:00:00,26.1,20,openmeteo
2024-08-21 15:00:00,22.4,33,openmeteo
2024-08-21 16:00:00,25.9,32,openmeteo
2024-08-21 17:00:00,28.3,37,openmeteo
2024-08-21 18:00:00,27.7,44,openmeteo
2024-08-21 19:00:00,27.4,52,openmeteo
2024-08-21 20:00:00,28.7,62,openmeteo
2024-08-21 21:00:00,29.0,67,openmeteo
2024-08-21 22:00:00,26.9,74,openmeteo
2024-08-21 23:00:00,23.7,81,openmeteo
2024-08-22 00:00:00,23.2,106,openmeteo
2024-08-22 01:00:00,23.2,102,openmeteo
2024-08-22 02:00:00,20.3,103,openmeteo
2024-08-22 03:00:00,18.1,125,openmeteo
2024-08-22 04:00:00,18.8,160,openmeteo
2024-08-22 05:00:00,18.1,174,openmeteo
2024-08-22 06:00:00,15.1,183,openmeteo
2024-08-22 07:00:00,11.6,202,openmeteo
2024-08-22 08:00:00,7.7,242,openmeteo
2024-08-22 09:00:00,7.7,298,openmeteo
2024-08-22 10:00:00,9.5,335,openmeteo
2024-08-22 11:00:00,13.9,343,openmeteo
2024-08-22 12:00:00,17.9,338,openmeteo
2024-08-22 13:00:00,18.4,354,openmeteo
2024-08-22 14:00:00,19.6,354,openmeteo
2024-08-22 15:00:00,17.3,2,openmeteo
2024-08-22 16:00:00,16.5,10,openmeteo
2024-08-22 17:00:00,16.3,6,openmeteo
2024-08-22 18:00:00,17.4,7,openmeteo
2024-08-22 19:00:00,14.7,17,openmeteo
2024-08-22 20:00:00,16.2,17,openmeteo
2024-08-22 21:00:00,16.7,19,openmeteo
2024-08-22 22:00:00,14.1,32,openmeteo
2024-08-22 23:00:00,14.0,44,openmeteo
2024-08-23 00:00:00,14.1,52,openmeteo
2024-08-23 01:00:00,9.4,72,openmeteo
2024-08-23 02:00:00,8.6,75,openmeteo
2024-08-23 03:00:00,9.4,88,openmeteo
2024-08-23 04:00:00,10.9,98,openmeteo
2024-08-23 05:00:00,13.4,110,openmeteo
2024-08-23 06:00:00,13.8,118,openmeteo
2024-08-23 07:00:00,10.0,116,openmeteo
2024-08-23 08:00:00,4.5,76,openmeteo
2024-08-23 09:00:00,6.7,344,openmeteo
2024-08-23 10:00:00,11.1,331,openmeteo
2024-08-23 11:00:00,14.6,340,openmeteo
2024-08-23 12:00:00,15.5,355,openmeteo
2024-08-23 13:00:00,15.3,352,openmeteo
2024-08-23 14:00:00,20.5,358,openmeteo
2024-08-23 15:00:00,17.9,9,openmeteo
2024-08-23 16:00:00,21.0,6,openmeteo
2024-08-23 17:00:00,19.5,5,openmeteo
2024-08-23 18:00:00,21.0,6,openmeteo
2024-08-23 19:00:00,14.6,9,openmeteo
2024-08-23 20:00:00,5.9,346,openmeteo
2024-08-23 21:00:00,3.3,139,openmeteo
2024-08-23 22:00:00,6.2,111,openmeteo
2024-08-23 23:00:00,11.9,95,openmeteo
2024-08-24 00:00:00,14.4,93,openmeteo
2024-08-24 01:00:00,12.7,105,openmeteo
2024-08-24 02:00:00,11.9,92,openmeteo
2024-08-24 03:00:00,10.6,100,openmeteo
2024-08-24 04:00:00,9.6,110,openmeteo
2024-08-24 05:00:00,8.9,111,openmeteo
2024-08-24 06:00:00,8.4,121,openmeteo
2024-08-24 07:00:00,7.4,104,openmeteo
2024-08-24 08:00:00,7.4,43,openmeteo
2024-08-24 09:00:00,9.6,20,openmeteo
2024-08-24 10:00:00,12.7,8,openmeteo
2024-08-24 11:00:00,14.1,15,openmeteo
2024-08-24 12:00:00,17.3,2,openmeteo
2024-08-24 13:00:00,20.6,355,openmeteo
2024-08-24 14:00:00,21.0,355,openmeteo
2024-08-24 15:00:00,17.3,355,openmeteo
2024-08-24 16:00:00,15.4,349,openmeteo
2024-08-24 17:00:00,18.1,355,openmeteo
2024-08-24 18:00:00,15.9,347,openmeteo
2024-08-24 19:00:00,12.7,345,openmeteo
2024-08-24 20:00:00,7.9,24,openmeteo
2024-08-24 21:00:00,12.8,100,openmeteo
2024-08-24 22:00:00,9.7,105,openmeteo
2024-08-24 23:00:00,8.3,88,openmeteo
2024-08-25 00:00:00,9.2,64,openmeteo
2024-08-25 01:00:00,15.0,21,openmeteo
2024-08-25 02:00:00,19.5,52,openmeteo
2024-08-25 03:00:00,16.2,78,openmeteo
2024-08-25 04:00:00,11.9,93,openmeteo
2024-08-25 05:00:00,8.6,105,openmeteo
2024-08-25 06:00:00,6.8,115,openmeteo
2024-08-25 07:00:00,2.7,113,openmeteo
2024-08-25 08:00:00,4.2,290,openmeteo
2024-08-25 09:00:00,7.0,291,openmeteo
2024-08-25 10:00:00,10.1,325,openmeteo
2024-08-25 11:00:00,18.8,348,openmeteo
2024-08-25 12:00:00,20.6,355,openmeteo
2024-08-25 13:00:00,14.0,360,openmeteo
2024-08-25 14:00:00,11.9,3,openmeteo
2024-08-25 15:00:00,9.7,360,openmeteo
2024-08-25 16:00:00,11.9,14,openmeteo
2024-08-25 17:00:00,10.4,20,openmeteo
2024-08-25 18:00:00,6.2,7,openmeteo
2024-08-25 19:00:00,3.6,264,openmeteo
2024-08-25 20:00:00,7.5,215,openmeteo
2024-08-25 21:00:00,7.8,283,openmeteo
2024-08-25 22:00:00,11.1,324,openmeteo
2024-08-25 23:00:00,11.2,358,openmeteo
2024-08-26 00:00:00,6.6,13,openmeteo
2024-08-26 01:00:00,11.2,135,openmeteo
2024-08-26 02:00:00,15.8,159,openmeteo
2024-08-26 03:00:00,17.5,172,openmeteo
2024-08-26 04:00:00,10.3,192,openmeteo
2024-08-26 05:00:00,6.4,223,openmeteo
2024-08-26 06:00:00,6.8,273,openmeteo
2024-08-26 07:00:00,8.4,290,openmeteo
2024-08-26 08:00:00,9.7,309,openmeteo
2024-08-26 09:00:00,11.3,323,openmeteo
2024-08-26 10:00:00,15.0,336,openmeteo
2024-08-26 11:00:00,18.2,335,openmeteo
2024-08-26 12:00:00,20.0,334,openmeteo
2024-08-26 13:00:00,21.3,336,openmeteo
2024-08-26 14:00:00,17.9,338,openmeteo
2024-08-26 15:00:00,11.8,340,openmeteo
2024-08-26 16:00:00,9.1,353,openmeteo
2024-08-26 17:00:00,8.8,348,openmeteo
2024-08-26 18:00:00,6.2,350,openmeteo
2024-08-26 19:00:00,3.8,41,openmeteo
2024-08-26 20:00:00,1.6,243,openmeteo
2024-08-26 21:00:00,2.9,240,openmeteo
2024-08-26 22:00:00,11.1,335,openmeteo
2024-08-26 23:00:00,12.1,348,openmeteo
2024-08-27 00:00:00,10.8,21,openmeteo
2024-08-27 01:00:00,13.2,35,openmeteo
2024-08-27 02:00:00,9.8,54,openmeteo
2024-08-27 03:00:00,6.2,100,openmeteo
2024-08-27 04:00:00,10.1,145,openmeteo
2024-08-27 05:00:00,8.6,165,openmeteo
2024-08-27 06:00:00,6.1,273,openmeteo
2024-08-27 07:00:00,13.9,307,openmeteo
2024-08-27 08:00:00,17.1,321,openmeteo
2024-08-27 09:00:00,16.8,329,openmeteo
2024-08-27 10:00:00,15.6,334,openmeteo
2024-08-27 11:00:00,14.0,337,openmeteo
2024-08-27 12:00:00,11.4,342,openmeteo
2024-08-27 13:00:00,7.3,9,openmeteo
2024-08-27 14:00:00,5.6,15,openmeteo
2024-08-27 15:00:00,10.1,354,openmeteo
2024-08-27 16:00:00,12.9,347,openmeteo
2024-08-27 17:00:00,10.7,346,openmeteo
2024-08-27 18:00:00,9.0,344,openmeteo
2024-08-27 19:00:00,8.1,328,openmeteo
2024-08-27 20:00:00,5.9,317,openmeteo
2024-08-27 21:00:00,2.2,261,openmeteo
2024-08-27 22:00:00,6.5,183,openmeteo
2024-08-27 23:00:00,9.7,165,openmeteo
2024-08-28 00:00:00,6.5,124,openmeteo
2024-08-28 01:00:00,7.4,104,openmeteo
2024-08-28 02:00:00,5.2,115,openmeteo
2024-08-28 03:00:00,4.0,90,openmeteo
2024-08-28 04:00:00,5.9,104,openmeteo
2024-08-28 05:00:00,10.1,125,openmeteo
2024-08-28 06:00:00,16.1,124,openmeteo
2024-08-28 07:00:00,12.6,117,openmeteo
2024-08-28 08:00:00,6.2,21,openmeteo
2024-08-28 09:00:00,15.8,336,openmeteo
2024-08-28 10:00:00,13.1,344,openmeteo
2024-08-28 11:00:00,14.5,346,openmeteo
2024-08-28 12:00:00,13.6,349,openmeteo
2024-08-28 13:00:00,12.3,7,openmeteo
2024-08-28 14:00:00,16.2,13,openmeteo
2024-08-28 15:00:00,19.1,3,openmeteo
2024-08-28 16:00:00,18.7,11,openmeteo
2024-08-28 17:00:00,17.3,5,openmeteo
2024-08-28 18:00:00,17.7,355,openmeteo
2024-08-28 19:00:00,19.4,350,openmeteo
2024-08-28 20:00:00,15.0,333,openmeteo
2024-08-28 21:00:00,13.2,325,openmeteo
2024-08-28 22:00:00,10.3,295,openmeteo
2024-08-28 23:00:00,10.4,290,openmeteo
2024-08-29 00:00:00,9.7,274,openmeteo
2024-08-29 01:00:00,0.8,63,openmeteo
2024-08-29 02:00:00,10.4,14,openmeteo
2024-08-29 03:00:00,12.4,30,openmeteo
2024-08-29 04:00:00,11.1,36,openmeteo
2024-08-29 05:00:00,9.7,63,openmeteo
2024-08-29 06:00:00,8.1,103,openmeteo
2024-08-29 07:00:00,2.1,121,openmeteo
2024-08-29 08:00:00,4.8,312,openmeteo
2024-08-29 09:00:00,6.3,301,openmeteo
2024-08-29 10:00:00,8.9,313,openmeteo
2024-08-29 11:00:00,12.3,322,openmeteo
2024-08-29 12:00:00,15.6,326,openmeteo
2024-08-29 13:00:00,14.8,326,openmeteo
2024-08-29 14:00:00,17.6,329,openmeteo
2024-08-29 15:00:00,15.3,326,openmeteo
2024-08-29 16:00:00,12.5,314,openmeteo
2024-08-29 17:00:00,12.0,314,openmeteo
2024-08-29 18:00:00,12.3,310,openmeteo
2024-08-29 19:00:00,13.5,295,openmeteo
2024-08-29 20:00:00,16.4,285,openmeteo
2024-08-29 21:00:00,18.8,275,openmeteo
2024-08-29 22:00:00,23.7,290,openmeteo
2024-08-29 23:00:00,25.4,288,openmeteo
2024-08-30 00:00:00,23.3,308,openmeteo
2024-08-30 01:00:00,17.1,319,openmeteo
2024-08-30 02:00:00,16.4,322,openmeteo
2024-08-30 03:00:00,19.2,308,openmeteo
2024-08-30 04:00:00,18.7,304,openmeteo
2024-08-30 05:00:00,18.8,296,openmeteo
2024-08-30 06:00:00,20.3,295,openmeteo
2024-08-30 07:00:00,22.6,301,openmeteo
2024-08-30 08:00:00,24.6,309,openmeteo
2024-08-30 09:00:00,24.8,319,openmeteo
2024-08-30 10:00:00,26.4,321,openmeteo
2024-08-30 11:00:00,27.8,323,openmeteo
2024-08-30 12:00:00,28.8,326,openmeteo
2024-08-30 13:00:00,25.2,326,openmeteo
2024-08-30 14:00:00,28.9,327,openmeteo
2024-08-30 15:00:00,28.5,328,openmeteo
2024-08-30 16:00:00,27.4,330,openmeteo
2024-08-30 17:00:00,21.8,329,openmeteo
2024-08-30 18:00:00,14.5,318,openmeteo
2024-08-30 19:00:00,15.5,295,openmeteo
2024-08-30 20:00:00,20.1,285,openmeteo
2024-08-30 21:00:00,21.3,296,openmeteo
2024-08-30 22:00:00,23.8,305,openmeteo
2024-08-30 23:00:00,23.4,326,openmeteo
2024-08-31 00:00:00,22.2,343,openmeteo
2024-08-31 01:00:00,23.8,358,openmeteo
2024-08-31 02:00:00,19.5,5,openmeteo
2024-08-31 03:00:00,15.0,339,openmeteo
2024-08-31 04:00:00,16.7,354,openmeteo
2024-08-31 05:00:00,17.0,17,openmeteo
2024-08-31 06:00:00,13.8,39,openmeteo
2024-08-31 07:00:00,10.4,44,openmeteo
2024-08-31 08:00:00,8.5,36,openmeteo
2024-08-31 09:00:00,8.7,353,openmeteo
2024-08-31 10:00:00,11.9,335,openmeteo
2024-08-31 11:00:00,15.5,324,openmeteo
2024-08-31 12:00:00,20.9,328,openmeteo
2024-08-31 13:00:00,21.3,338,openmeteo
2024-08-31 14:00:00,21.3,341,openmeteo
2024-08-31 15:00:00,22.0,349,openmeteo
2024-08-31 16:00:00,21.7,354,openmeteo
2024-08-31 17:00:00,20.6,355,openmeteo
2024-08-31 18:00:00,17.4,347,openmeteo
2024-08-31 19:00:00,15.6,331,openmeteo
2024-08-31 20:00:00,16.3,319,openmeteo
2024-08-31 21:00:00,15.5,332,openmeteo
2024-08-31 22:00:00,24.5,2,openmeteo
2024-08-31 23:00:00,20.7,13,openmeteo
2024-09-01 00:00:00,18.7,11,openmeteo
2024-09-01 01:00:00,24.8,40,openmeteo
2024-09-01 02:00:00,19.5,38,openmeteo
2024-09-01 03:00:00,17.1,48,openmeteo
2024-09-01 04:00:00,8.6,112,openmeteo
2024-09-01 05:00:00,9.4,173,openmeteo
2024-09-01 06:00:00,7.8,167,openmeteo
2024-09-01 07:00:00,9.7,165,openmeteo
2024-09-01 08:00:00,9.4,203,openmeteo
2024-09-01 09:00:00,11.5,256,openmeteo
2024-09-01 10:00:00,13.0,289,openmeteo
2024-09-01 11:00:00,12.6,297,openmeteo
2024-09-01 12:00:00,13.8,313,openmeteo
2024-09-01 13:00:00,15.5,324,openmeteo
2024-09-01 14:00:00,15.4,323,openmeteo
2024-09-01 15:00:00,17.4,336,openmeteo
2024-09-01 16:00:00,16.6,356,openmeteo
2024-09-01 17:00:00,13.0,28,openmeteo
2024-09-01 18:00:00,8.7,66,openmeteo
2024-09-01 19:00:00,5.9,104,openmeteo
2024-09-01 20:00:00,7.0,111,openmeteo
2024-09-01 21:00:00,8.4,100,openmeteo
2024-09-01 22:00:00,7.4,51,openmeteo
2024-09-01 23:00:00,11.3,17,openmeteo
2024-09-02 00:00:00,16.7,33,openmeteo
2024-09-02 01:00:00,18.6,58,openmeteo
2024-09-02 02:00:00,15.0,69,openmeteo
2024-09-02 03:00:00,14.6,74,openmeteo
2024-09-02 04:00:00,15.7,81,openmeteo
2024-09-02 05:00:00,12.7,82,openmeteo
2024-09-02 06:00:00,8.8,55,openmeteo
2024-09-02 07:00:00,8.8,35,openmeteo
2024-09-02 08:00:00,9.9,10,openmeteo
2024-09-02 09:00:00,13.3,358,openmeteo
2024-09-02 10:00:00,15.9,356,openmeteo
2024-09-02 11:00:00,18.0,358,openmeteo
2024-09-02 12:00:00,20.2,1,openmeteo
2024-09-02 13:00:00,22.0,4,openmeteo
2024-09-02 14:00:00,21.3,4,openmeteo
2024-09-02 15:00:00,21.6,358,openmeteo
2024-09-02 16:00:00,21.2,359,openmeteo
2024-09-02 17:00:00,20.2,355,openmeteo
2024-09-02 18:00:00,20.2,349,openmeteo
2024-09-02 19:00:00,19.0,350,openmeteo
2024-09-02 20:00:00,17.0,5,openmeteo
2024-09-02 21:00:00,17.3,12,openmeteo
2024-09-02 22:00:00,14.5,7,openmeteo
2024-09-02 23:00:00,15.1,359,openmeteo
2024-09-03 00:00:00,15.5,1,openmeteo
2024-09-03 01:00:00,17.8,18,openmeteo
2024-09-03 02:00:00,17.4,50,openmeteo
2024-09-03 03:00:00,19.5,65,openmeteo
2024-09-03 04:00:00,21.3,86,openmeteo
2024-09-03 05:00:00,23.0,100,openmeteo
2024-09-03 06:00:00,21.1,104,openmeteo
2024-09-03 07:00:00,18.4,107,openmeteo
2024-09-03 08:00:00,12.4,116,openmeteo
2024-09-03 09:00:00,5.8,68,openmeteo
2024-09-03 10:00:00,12.2,360,openmeteo
2024-09-03 11:00:00,20.0,353,openmeteo
2024-09-03 12:00:00,25.6,356,openmeteo
2024-09-03 13:00:00,24.2,355,openmeteo
2024-09-03 14:00:00,23.4,356,openmeteo
2024-09-03 15:00:00,23.1,355,openmeteo
2024-09-03 16:00:00,18.4,360,openmeteo
2024-09-03 17:00:00,17.0,5,openmeteo
2024-09-03 18:00:00,17.5,32,openmeteo
2024-09-03 19:00:00,20.8,30,openmeteo
2024-09-03 20:00:00,20.5,31,openmeteo
2024-09-03 21:00:00,19.2,28,openmeteo
2024-09-03 22:00:00,19.3,24,openmeteo
2024-09-03 23:00:00,16.7,25,openmeteo
2024-09-04 00:00:00,15.9,33,openmeteo
2024-09-04 01:00:00,15.9,38,openmeteo
2024-09-04 02:00:00,18.4,51,openmeteo
2024-09-04 03:00:00,24.6,78,openmeteo
2024-09-04 04:00:00,22.1,97,openmeteo
2024-09-04 05:00:00,19.2,118,openmeteo
2024-09-04 06:00:00,19.9,148,openmeteo
2024-09-04 07:00:00,18.7,161,openmeteo
2024-09-04 08:00:00,13.0,186,openmeteo
2024-09-04 09:00:00,9.4,252,openmeteo
2024-09-04 10:00:00,15.5,301,openmeteo
2024-09-04 11:00:00,19.7,325,openmeteo
2024-09-04 12:00:00,21.7,339,openmeteo
2024-09-04 13:00:00,19.1,349,openmeteo
2024-09-04 14:00:00,20.6,356,openmeteo
2024-09-04 15:00:00,19.8,360,openmeteo
2024-09-04 16:00:00,20.5,3,openmeteo
2024-09-04 17:00:00,19.7,8,openmeteo
2024-09-04 18:00:00,18.3,10,openmeteo
2024-09-04 19:00:00,17.9,9,openmeteo
2024-09-04 20:00:00,15.7,16,openmeteo
2024-09-04 21:00:00,12.1,27,openmeteo
2024-09-04 22:00:00,8.9,50,openmeteo
2024-09-04 23:00:00,7.2,87,openmeteo
2024-09-05 00:00:00,7.1,105,openmeteo
2024-09-05 01:00:00,8.7,97,openmeteo
2024-09-05 02:00:00,10.1,96,openmeteo
2024-09-05 03:00:00,9.3,103,openmeteo
2024-09-05 04:00:00,9.5,119,openmeteo
2024-09-05 05:00:00,10.6,145,openmeteo
2024-09-05 06:00:00,8.8,171,openmeteo
2024-09-05 07:00:00,7.6,199,openmeteo
2024-09-05 08:00:00,10.9,236,openmeteo
2024-09-05 09:00:00,12.8,260,openmeteo
2024-09-05 10:00:00,16.8,312,openmeteo
2024-09-05 11:00:00,22.6,331,openmeteo
2024-09-05 12:00:00,21.7,336,openmeteo
2024-09-05 13:00:00,19.5,344,openmeteo
2024-09-05 14:00:00,21.8,351,openmeteo
2024-09-05 15:00:00,21.0,348,openmeteo
2024-09-05 16:00:00,19.5,356,openmeteo
2024-09-05 17:00:00,18.7,2,openmeteo
2024-09-05 18:00:00,17.5,8,openmeteo
2024-09-05 19:00:00,16.5,10,openmeteo
2024-09-05 20:00:00,11.7,18,openmeteo
2024-09-05 21:00:00,4.6,51,openmeteo
2024-09-05 22:00:00,1.0,135,openmeteo
2024-09-05 23:00:00,4.4,189,openmeteo
2024-09-06 00:00:00,4.3,156,openmeteo
2024-09-06 01:00:00,8.2,157,openmeteo
2024-09-06 02:00:00,8.0,170,openmeteo
2024-09-06 03:00:00,9.4,176,openmeteo
2024-09-06 04:00:00,9.0,182,openmeteo
2024-09-06 05:00:00,9.2,191,openmeteo
2024-09-06 06:00:00,8.2,209,openmeteo
2024-09-06 07:00:00,8.3,252,openmeteo
2024-09-06 08:00:00,10.9,279,openmeteo
2024-09-06 09:00:00,10.5,292,openmeteo
2024-09-06 10:00:00,11.5,309,openmeteo
2024-09-06 11:00:00,13.2,325,openmeteo
2024-09-06 12:00:00,13.5,331,openmeteo
2024-09-06 13:00:00,13.7,346,openmeteo
2024-09-06 14:00:00,13.1,352,openmeteo
2024-09-06 15:00:00,12.9,342,openmeteo
2024-09-06 16:00:00,12.1,343,openmeteo
2024-09-06 17:00:00,12.7,345,openmeteo
2024-09-06 18:00:00,12.1,350,openmeteo
2024-09-06 19:00:00,11.6,355,openmeteo
2024-09-06 20:00:00,7.9,3,openmeteo
2024-09-06 21:00:00,5.4,4,openmeteo
2024-09-06 22:00:00,3.9,338,openmeteo
2024-09-06 23:00:00,1.1,108,openmeteo
2024-09-07 00:00:00,5.4,37,openmeteo
2024-09-07 01:00:00,10.9,34,openmeteo
2024-09-07 02:00:00,7.6,31,openmeteo
2024-09-07 03:00:00,5.2,74,openmeteo
2024-09-07 04:00:00,10.2,98,openmeteo
2024-09-07 05:00:00,15.7,127,openmeteo
2024-09-07 06:00:00,16.5,134,openmeteo
2024-09-07 07:00:00,10.6,118,openmeteo
2024-09-07 08:00:00,5.2,25,openmeteo
2024-09-07 09:00:00,9.0,355,openmeteo
2024-09-07 10:00:00,11.2,345,openmeteo
2024-09-07 11:00:00,12.4,352,openmeteo
2024-09-07 12:00:00,14.4,357,openmeteo
2024-09-07 13:00:00,19.1,2,openmeteo
2024-09-07 14:00:00,19.1,4,openmeteo
2024-09-07 15:00:00,18.4,359,openmeteo
2024-09-07 16:00:00,18.1,6,openmeteo
2024-09-07 17:00:00,17.0,5,openmeteo
2024-09-07 18:00:00,15.5,3,openmeteo
2024-09-07 19:00:00,13.0,357,openmeteo
2024-09-07 20:00:00,13.0,357,openmeteo
2024-09-07 21:00:00,17.3,21,openmeteo
2024-09-07 22:00:00,15.7,20,openmeteo
2024-09-07 23:00:00,16.6,27,openmeteo
2024-09-08 00:00:00,15.5,25,openmeteo
2024-09-08 01:00:00,18.3,45,openmeteo
2024-09-08 02:00:00,21.7,66,openmeteo
2024-09-08 03:00:00,21.6,87,openmeteo
2024-09-08 04:00:00,22.7,138,openmeteo
2024-09-08 05:00:00,15.3,165,openmeteo
2024-09-08 06:00:00,6.6,119,openmeteo
2024-09-08 07:00:00,7.4,76,openmeteo
2024-09-08 08:00:00,7.3,57,openmeteo
2024-09-08 09:00:00,7.3,33,openmeteo
2024-09-08 10:00:00,8.0,8,openmeteo
2024-09-08 11:00:00,12.6,358,openmeteo
2024-09-08 12:00:00,17.7,5,openmeteo
2024-09-08 13:00:00,20.3,7,openmeteo
2024-09-08 14:00:00,21.1,14,openmeteo
2024-09-08 15:00:00,23.1,18,openmeteo
2024-09-08 16:00:00,24.4,14,openmeteo
2024-09-08 17:00:00,24.4,14,openmeteo
2024-09-08 18:00:00,22.6,8,openmeteo
2024-09-08 19:00:00,19.2,6,openmeteo
2024-09-08 20:00:00,16.3,8,openmeteo
2024-09-08 21:00:00,13.3,33,openmeteo
2024-09-08 22:00:00,13.7,55,openmeteo
2024-09-08 23:00:00,12.4,54,openmeteo
2024-09-09 00:00:00,13.5,61,openmeteo
2024-09-09 01:00:00,8.8,102,openmeteo
2024-09-09 02:00:00,10.5,153,openmeteo
2024-09-09 03:00:00,14.0,136,openmeteo
2024-09-09 04:00:00,9.7,138,openmeteo
2024-09-09 05:00:00,12.9,113,openmeteo
2024-09-09 06:00:00,8.8,99,openmeteo
2024-09-09 07:00:00,9.4,86,openmeteo
2024-09-09 08:00:00,5.1,51,openmeteo
2024-09-09 09:00:00,5.2,344,openmeteo
2024-09-09 10:00:00,9.1,326,openmeteo
2024-09-09 11:00:00,13.7,333,openmeteo
2024-09-09 12:00:00,16.1,336,openmeteo
2024-09-09 13:00:00,18.8,331,openmeteo
2024-09-09 14:00:00,19.5,337,openmeteo
2024-09-09 15:00:00,17.1,342,openmeteo
2024-09-09 16:00:00,12.8,349,openmeteo
2024-09-09 17:00:00,13.4,352,openmeteo
2024-09-09 18:00:00,14.1,341,openmeteo
2024-09-09 19:00:00,12.4,324,openmeteo
2024-09-09 20:00:00,12.5,314,openmeteo
2024-09-09 21:00:00,14.0,305,openmeteo
2024-09-09 22:00:00,16.9,308,openmeteo
2024-09-09 23:00:00,17.6,313,openmeteo
2024-09-10 00:00:00,15.5,316,openmeteo
2024-09-10 01:00:00,13.2,325,openmeteo
2024-09-10 02:00:00,10.6,305,openmeteo
2024-09-10 03:00:00,10.0,285,openmeteo
2024-09-10 04:00:00,7.9,267,openmeteo
2024-09-10 05:00:00,6.8,267,openmeteo
2024-09-10 06:00:00,9.7,274,openmeteo
2024-09-10 07:00:00,12.8,280,openmeteo
2024-09-10 08:00:00,14.2,291,openmeteo
2024-09-10 09:00:00,13.3,303,openmeteo
2024-09-10 10:00:00,13.6,310,openmeteo
2024-09-10 11:00:00,13.9,307,openmeteo
2024-09-10 12:00:00,15.1,308,openmeteo
2024-09-10 13:00:00,15.3,321,openmeteo
2024-09-10 14:00:00,11.7,315,openmeteo
2024-09-10 15:00:00,9.7,315,openmeteo
2024-09-10 16:00:00,7.5,305,openmeteo
2024-09-10 17:00:00,6.5,251,openmeteo
2024-09-10 18:00:00,8.4,223,openmeteo
2024-09-10 19:00:00,9.4,223,openmeteo
2024-09-10 20:00:00,11.2,237,openmeteo
2024-09-10 21:00:00,11.4,242,openmeteo
2024-09-10 22:00:00,11.8,239,openmeteo
2024-09-10 23:00:00,12.1,243,openmeteo
2024-09-11 00:00:00,8.0,265,openmeteo
2024-09-11 01:00:00,7.5,287,openmeteo
2024-09-11 02:00:00,7.9,344,openmeteo
2024-09-11 03:00:00,5.8,353,openmeteo
2024-09-11 04:00:00,7.6,5,openmeteo
2024-09-11 05:00:00,9.4,50,openmeteo
2024-09-11 06:00:00,12.6,92,openmeteo
2024-09-11 07:00:00,13.1,98,openmeteo
2024-09-11 08:00:00,10.8,105,openmeteo
2024-09-11 09:00:00,8.5,102,openmeteo
2024-09-11 10:00:00,7.3,79,openmeteo
2024-09-11 11:00:00,6.6,49,openmeteo
2024-09-11 12:00:00,8.6,22,openmeteo
2024-09-11 13:00:00,15.9,354,openmeteo
2024-09-11 14:00:00,15.1,359,openmeteo
2024-09-11 15:00:00,14.8,359,openmeteo
2024-09-11 16:00:00,10.5,6,openmeteo
2024-09-11 17:00:00,8.8,19,openmeteo
2024-09-11 18:00:00,7.0,69,openmeteo
2024-09-11 19:00:00,9.8,82,openmeteo
2024-09-11 20:00:00,11.9,76,openmeteo
2024-09-11 21:00:00,9.3,74,openmeteo
2024-09-11 22:00:00,6.5,84,openmeteo
2024-09-11 23:00:00,5.4,70,openmeteo
2024-09-12 00:00:00,14.0,360,openmeteo
2024-09-12 01:00:00,17.3,17,openmeteo
2024-09-12 02:00:00,17.8,21,openmeteo
2024-09-12 03:00:00,16.1,39,openmeteo
2024-09-12 04:00:00,17.3,67,openmeteo
2024-09-12 05:00:00,17.6,90,openmeteo
2024-09-12 06:00:00,14.0,113,openmeteo
2024-09-12 07:00:00,11.3,127,openmeteo
2024-09-12 08:00:00,6.9,6,openmeteo
2024-09-12 09:00:00,15.7,349,openmeteo
2024-09-12 10:00:00,21.0,348,openmeteo
2024-09-12 11:00:00,22.0,360,openmeteo
2024-09-12 12:00:00,22.0,1,openmeteo
2024-09-12 13:00:00,25.2,358,openmeteo
2024-09-12 14:00:00,23.2,353,openmeteo
2024-09-12 15:00:00,22.1,348,openmeteo
2024-09-12 16:00:00,17.8,352,openmeteo
2024-09-12 17:00:00,16.4,351,openmeteo
2024-09-12 18:00:00,11.3,7,openmeteo
2024-09-12 19:00:00,8.2,15,openmeteo
2024-09-12 20:00:00,6.3,66,openmeteo
2024-09-12 21:00:00,4.8,48,openmeteo
2024-09-12 22:00:00,4.3,5,openmeteo
2024-09-12 23:00:00,8.4,350,openmeteo
2024-09-13 00:00:00,11.4,11,openmeteo
2024-09-13 01:00:00,9.7,22,openmeteo
2024-09-13 02:00:00,9.5,61,openmeteo
2024-09-13 03:00:00,8.1,69,openmeteo
2024-09-13 04:00:00,7.1,45,openmeteo
2024-09-13 05:00:00,7.6,93,openmeteo
2024-09-13 06:00:00,6.8,148,openmeteo
2024-09-13 07:00:00,6.2,216,openmeteo
2024-09-13 08:00:00,11.1,245,openmeteo
2024-09-13 09:00:00,12.0,263,openmeteo
2024-09-13 10:00:00,12.9,297,openmeteo
2024-09-13 11:00:00,13.9,323,openmeteo
2024-09-13 12:00:00,15.0,339,openmeteo
2024-09-13 13:00:00,16.6,347,openmeteo
2024-09-13 14:00:00,16.8,337,openmeteo
2024-09-13 15:00:00,18.1,337,openmeteo
2024-09-13 16:00:00,15.8,333,openmeteo
2024-09-13 17:00:00,13.2,331,openmeteo
2024-09-13 18:00:00,11.8,333,openmeteo
2024-09-13 19:00:00,10.8,323,openmeteo
2024-09-13 20:00:00,7.6,329,openmeteo
2024-09-13 21:00:00,6.9,321,openmeteo
2024-09-13 22:00:00,7.4,309,openmeteo
2024-09-13 23:00:00,7.4,317,openmeteo
2024-09-14 00:00:00,7.1,319,openmeteo
2024-09-14 01:00:00,7.1,24,openmeteo
2024-09-14 02:00:00,6.6,49,openmeteo
2024-09-14 03:00:00,4.0,95,openmeteo
2024-09-14 04:00:00,5.2,124,openmeteo
2024-09-14 05:00:00,7.1,156,openmeteo
2024-09-14 06:00:00,5.1,176,openmeteo
2024-09-14 07:00:00,3.6,225,openmeteo
2024-09-14 08:00:00,5.4,278,openmeteo
2024-09-14 09:00:00,6.6,299,openmeteo
2024-09-14 10:00:00,6.8,328,openmeteo
2024-09-14 11:00:00,10.1,333,openmeteo
2024-09-14 12:00:00,16.0,337,openmeteo
2024-09-14 13:00:00,14.1,357,openmeteo
2024-09-14 14:00:00,10.8,358,openmeteo
2024-09-14 15:00:00,15.1,359,openmeteo
2024-09-14 16:00:00,14.0,348,openmeteo
2024-09-14 17:00:00,28.5,334,openmeteo
2024-09-14 18:00:00,31.9,336,openmeteo
2024-09-14 19:00:00,26.7,339,openmeteo
2024-09-14 20:00:00,14.5,333,openmeteo
2024-09-14 21:00:00,16.7,335,openmeteo
2024-09-14 22:00:00,17.4,338,openmeteo
2024-09-14 23:00:00,8.6,345,openmeteo
2024-09-15 00:00:00,2.8,40,openmeteo
2024-09-15 01:00:00,7.6,98,openmeteo
2024-09-15 02:00:00,9.5,119,openmeteo
2024-09-15 03:00:00,8.8,125,openmeteo
2024-09-15 04:00:00,6.4,133,openmeteo
2024-09-15 05:00:00,8.3,146,openmeteo
2024-09-15 06:00:00,9.5,151,openmeteo
2024-09-15 07:00:00,9.3,152,openmeteo
2024-09-15 08:00:00,6.7,144,openmeteo
2024-09-15 09:00:00,4.6,108,openmeteo
2024-09-15 10:00:00,3.6,90,openmeteo
2024-09-15 11:00:00,3.7,79,openmeteo
2024-09-15 12:00:00,3.5,66,openmeteo
2024-09-15 13:00:00,5.8,4,openmeteo
2024-09-15 14:00:00,14.1,345,openmeteo
2024-09-15 15:00:00,13.9,343,openmeteo
2024-09-15 16:00:00,14.4,347,openmeteo
2024-09-15 17:00:00,15.1,359,openmeteo
2024-09-15 18:00:00,13.6,12,openmeteo
2024-09-15 19:00:00,10.8,30,openmeteo
2024-09-15 20:00:00,8.5,62,openmeteo
2024-09-15 21:00:00,8.9,58,openmeteo
2024-09-15 22:00:00,6.4,63,openmeteo
2024-09-15 23:00:00,7.2,72,openmeteo
2024-09-16 00:00:00,6.6,61,openmeteo
2024-09-16 01:00:00,14.4,37,openmeteo
2024-09-16 02:00:00,10.0,52,openmeteo
2024-09-16 03:00:00,17.6,133,openmeteo
2024-09-16 04:00:00,12.8,130,openmeteo
2024-09-16 05:00:00,19.3,153,openmeteo
2024-09-16 06:00:00,17.0,163,openmeteo
2024-09-16 07:00:00,12.0,171,openmeteo
2024-09-16 08:00:00,4.7,266,openmeteo
2024-09-16 09:00:00,7.6,329,openmeteo
2024-09-16 10:00:00,11.9,357,openmeteo
2024-09-16 11:00:00,17.0,6,openmeteo
2024-09-16 12:00:00,22.3,360,openmeteo
2024-09-16 13:00:00,25.6,2,openmeteo
2024-09-16 14:00:00,24.5,360,openmeteo
2024-09-16 15:00:00,22.7,10,openmeteo
2024-09-16 16:00:00,22.5,6,openmeteo
2024-09-16 17:00:00,22.0,11,openmeteo
2024-09-16 18:00:00,22.3,21,openmeteo
2024-09-16 19:00:00,21.2,15,openmeteo
2024-09-16 20:00:00,17.0,21,openmeteo
2024-09-16 21:00:00,13.0,51,openmeteo
2024-09-16 22:00:00,13.0,88,openmeteo
2024-09-16 23:00:00,8.6,88,openmeteo
2024-09-17 00:00:00,7.2,84,openmeteo
2024-09-17 01:00:00,8.4,121,openmeteo
2024-09-17 02:00:00,5.6,105,openmeteo
2024-09-17 03:00:00,5.2,124,openmeteo
2024-09-17 04:00:00,8.2,139,openmeteo
2024-09-17 05:00:00,8.4,130,openmeteo
2024-09-17 06:00:00,7.0,111,openmeteo
2024-09-17 07:00:00,6.6,112,openmeteo
2024-09-17 08:00:00,6.5,84,openmeteo
2024-09-17 09:00:00,6.1,50,openmeteo
2024-09-17 10:00:00,8.5,12,openmeteo
2024-09-17 11:00:00,11.3,353,openmeteo
2024-09-17 12:00:00,14.1,347,openmeteo
2024-09-17 13:00:00,17.0,339,openmeteo
2024-09-17 14:00:00,18.3,345,openmeteo
2024-09-17 15:00:00,17.4,347,openmeteo
2024-09-17 16:00:00,17.7,354,openmeteo
2024-09-17 17:00:00,15.3,352,openmeteo
2024-09-17 18:00:00,14.8,360,openmeteo
2024-09-17 19:00:00,11.9,360,openmeteo
2024-09-17 20:00:00,11.5,4,openmeteo
2024-09-17 21:00:00,12.7,25,openmeteo
2024-09-17 22:00:00,13.5,34,openmeteo
2024-09-17 23:00:00,11.7,34,openmeteo
2024-09-18 00:00:00,10.3,29,openmeteo
2024-09-18 01:00:00,9.9,33,openmeteo
2024-09-18 02:00:00,8.1,32,openmeteo
2024-09-18 03:00:00,5.7,35,openmeteo
2024-09-18 04:00:00,2.5,82,openmeteo
2024-09-18 05:00:00,3.9,158,openmeteo
2024-09-18 06:00:00,5.2,168,openmeteo
2024-09-18 07:00:00,2.9,187,openmeteo
2024-09-18 08:00:00,2.2,279,openmeteo
2024-09-18 09:00:00,5.4,318,openmeteo
2024-09-18 10:00:00,12.2,326,openmeteo
2024-09-18 11:00:00,17.6,319,openmeteo
2024-09-18 12:00:00,20.2,319,openmeteo
2024-09-18 13:00:00,19.0,323,openmeteo
2024-09-18 14:00:00,19.0,323,openmeteo
2024-09-18 15:00:00,18.0,327,openmeteo
2024-09-18 16:00:00,19.0,323,openmeteo
2024-09-18 17:00:00,17.0,324,openmeteo
2024-09-18 18:00:00,16.1,331,openmeteo
2024-09-18 19:00:00,13.8,327,openmeteo
2024-09-18 20:00:00,12.2,326,openmeteo
2024-09-18 21:00:00,9.4,328,openmeteo
2024-09-18 22:00:00,9.7,329,openmeteo
2024-09-18 23:00:00,7.7,332,openmeteo
2024-09-19 00:00:00,6.2,339,openmeteo
2024-09-19 01:00:00,12.7,345,openmeteo
2024-09-19 02:00:00,9.3,347,openmeteo
2024-09-19 03:00:00,4.6,342,openmeteo
2024-09-19 04:00:00,1.1,288,openmeteo
2024-09-19 05:00:00,3.3,221,openmeteo
2024-09-19 06:00:00,6.4,243,openmeteo
2024-09-19 07:00:00,9.5,261,openmeteo
2024-09-19 08:00:00,11.9,275,openmeteo
2024-09-19 09:00:00,11.9,284,openmeteo
2024-09-19 10:00:00,12.4,296,openmeteo
2024-09-19 11:00:00,14.6,303,openmeteo
2024-09-19 12:00:00,17.1,309,openmeteo
2024-09-19 13:00:00,17.3,312,openmeteo
2024-09-19 14:00:00,19.6,314,openmeteo
2024-09-19 15:00:00,19.6,319,openmeteo
2024-09-19 16:00:00,18.7,326,openmeteo
2024-09-19 17:00:00,17.7,331,openmeteo
2024-09-19 18:00:00,18.5,331,openmeteo
2024-09-19 19:00:00,20.1,324,openmeteo
2024-09-19 20:00:00,20.7,320,openmeteo
2024-09-19 21:00:00,20.6,314,openmeteo
2024-09-19 22:00:00,19.1,311,openmeteo
2024-09-19 23:00:00,18.1,313,openmeteo
2024-09-20 00:00:00,17.3,317,openmeteo
2024-09-20 01:00:00,16.0,316,openmeteo
2024-09-20 02:00:00,13.8,313,openmeteo
2024-09-20 03:00:00,11.2,315,openmeteo
2024-09-20 04:00:00,8.7,318,openmeteo
2024-09-20 05:00:00,6.0,327,openmeteo
2024-09-20 06:00:00,5.0,330,openmeteo
2024-09-20 07:00:00,6.4,322,openmeteo
2024-09-20 08:00:00,9.2,312,openmeteo
2024-09-20 09:00:00,12.0,309,openmeteo
2024-09-20 10:00:00,13.5,312,openmeteo
2024-09-20 11:00:00,15.5,314,openmeteo
2024-09-20 12:00:00,15.8,313,openmeteo
2024-09-20 13:00:00,17.4,320,openmeteo
2024-09-20 14:00:00,19.3,323,openmeteo
2024-09-20 15:00:00,17.6,325,openmeteo
2024-09-20 16:00:00,17.9,332,openmeteo
2024-09-20 17:00:00,14.5,341,openmeteo
2024-09-20 18:00:00,11.6,353,openmeteo
2024-09-20 19:00:00,9.0,2,openmeteo
2024-09-20 20:00:00,8.0,355,openmeteo
2024-09-20 21:00:00,9.2,339,openmeteo
2024-09-20 22:00:00,10.3,335,openmeteo
2024-09-20 23:00:00,10.3,335,openmeteo
2024-09-21 00:00:00,8.2,337,openmeteo
2024-09-21 01:00:00,7.6,19,openmeteo
2024-09-21 02:00:00,5.8,22,openmeteo
2024-09-21 03:00:00,3.3,6,openmeteo
2024-09-21 04:00:00,1.3,304,openmeteo
2024-09-21 05:00:00,2.3,252,openmeteo
2024-09-21 06:00:00,3.6,264,openmeteo
2024-09-21 07:00:00,4.6,288,openmeteo
2024-09-21 08:00:00,6.3,301,openmeteo
2024-09-21 09:00:00,7.6,315,openmeteo
2024-09-21 10:00:00,10.5,329,openmeteo
2024-09-21 11:00:00,10.9,333,openmeteo
2024-09-21 12:00:00,11.5,340,openmeteo
2024-09-21 13:00:00,15.1,357,openmeteo
2024-09-21 14:00:00,15.2,4,openmeteo
2024-09-21 15:00:00,12.2,2,openmeteo
2024-09-21 16:00:00,13.0,2,openmeteo
2024-09-21 17:00:00,11.9,360,openmeteo
2024-09-21 18:00:00,10.5,16,openmeteo
2024-09-21 19:00:00,9.4,356,openmeteo
2024-09-21 20:00:00,10.9,343,openmeteo
2024-09-21 21:00:00,10.6,350,openmeteo
2024-09-21 22:00:00,8.5,12,openmeteo
2024-09-21 23:00:00,7.5,35,openmeteo
2024-09-22 00:00:00,6.2,54,openmeteo
2024-09-22 01:00:00,9.0,53,openmeteo
2024-09-22 02:00:00,6.9,43,openmeteo
2024-09-22 03:00:00,6.4,38,openmeteo
2024-09-22 04:00:00,7.1,45,openmeteo
2024-09-22 05:00:00,8.9,43,openmeteo
2024-09-22 06:00:00,9.5,37,openmeteo
2024-09-22 07:00:00,9.0,37,openmeteo
2024-09-22 08:00:00,8.1,32,openmeteo
2024-09-22 09:00:00,10.0,13,openmeteo
2024-09-22 10:00:00,13.6,11,openmeteo
2024-09-22 11:00:00,15.7,11,openmeteo
2024-09-22 12:00:00,15.9,13,openmeteo
2024-09-22 13:00:00,15.9,13,openmeteo
2024-09-22 14:00:00,16.8,9,openmeteo
2024-09-22 15:00:00,22.0,11,openmeteo
2024-09-22 16:00:00,24.6,18,openmeteo
2024-09-22 17:00:00,24.3,24,openmeteo
2024-09-22 18:00:00,23.8,18,openmeteo
2024-09-22 19:00:00,23.0,20,openmeteo
2024-09-22 20:00:00,21.6,26,openmeteo
2024-09-22 21:00:00,20.8,28,openmeteo
2024-09-22 22:00:00,20.6,29,openmeteo
2024-09-22 23:00:00,17.7,12,openmeteo
2024-09-23 00:00:00,15.0,349,openmeteo
2024-09-23 01:00:00,17.0,355,openmeteo
2024-09-23 02:00:00,9.7,45,openmeteo
2024-09-23 03:00:00,9.8,84,openmeteo
2024-09-23 04:00:00,11.8,113,openmeteo
2024-09-23 05:00:00,15.0,132,openmeteo
2024-09-23 06:00:00,18.3,122,openmeteo
2024-09-23 07:00:00,13.4,114,openmeteo
2024-09-23 08:00:00,8.0,108,openmeteo
2024-09-23 09:00:00,2.9,83,openmeteo
2024-09-23 10:00:00,2.9,353,openmeteo
2024-09-23 11:00:00,5.5,328,openmeteo
2024-09-23 12:00:00,7.8,326,openmeteo
2024-09-23 13:00:00,12.2,341,openmeteo
2024-09-23 14:00:00,13.0,336,openmeteo
2024-09-23 15:00:00,14.0,331,openmeteo
2024-09-23 16:00:00,14.8,315,openmeteo
2024-09-23 17:00:00,17.6,305,openmeteo
2024-09-23 18:00:00,20.3,303,openmeteo
2024-09-23 19:00:00,20.4,302,openmeteo
2024-09-23 20:00:00,20.7,305,openmeteo
2024-09-23 21:00:00,19.2,308,openmeteo
2024-09-23 22:00:00,18.6,311,openmeteo
2024-09-23 23:00:00,19.3,315,openmeteo
2024-09-24 00:00:00,18.8,317,openmeteo
2024-09-24 01:00:00,16.6,333,openmeteo
2024-09-24 02:00:00,15.0,343,openmeteo
2024-09-24 03:00:00,14.1,4,openmeteo
2024-09-24 04:00:00,8.8,19,openmeteo
2024-09-24 05:00:00,2.8,50,openmeteo
2024-09-24 06:00:00,2.2,171,openmeteo
2024-09-24 07:00:00,5.2,245,openmeteo
2024-09-24 08:00:00,9.7,268,openmeteo
2024-09-24 09:00:00,15.1,288,openmeteo
2024-09-24 10:00:00,19.8,307,openmeteo
2024-09-24 11:00:00,24.6,325,openmeteo
2024-09-24 12:00:00,25.9,333,openmeteo
2024-09-24 13:00:00,24.2,337,openmeteo
2024-09-24 14:00:00,26.5,338,openmeteo
2024-09-24 15:00:00,24.8,336,openmeteo
2024-09-24 16:00:00,23.2,330,openmeteo
2024-09-24 17:00:00,22.1,323,openmeteo
2024-09-24 18:00:00,21.7,318,openmeteo
2024-09-24 19:00:00,20.9,312,openmeteo
2024-09-24 20:00:00,19.4,310,openmeteo
2024-09-24 21:00:00,18.6,311,openmeteo
2024-09-24 22:00:00,18.3,313,openmeteo
2024-09-24 23:00:00,17.1,314,openmeteo
2024-09-25 00:00:00,17.5,328,openmeteo
2024-09-25 01:00:00,17.3,346,openmeteo
2024-09-25 02:00:00,18.6,351,openmeteo
2024-09-25 03:00:00,16.7,354,openmeteo
2024-09-25 04:00:00,12.9,354,openmeteo
2024-09-25 05:00:00,6.8,342,openmeteo
2024-09-25 06:00:00,7.7,298,openmeteo
2024-09-25 07:00:00,13.8,287,openmeteo
2024-09-25 08:00:00,18.4,288,openmeteo
2024-09-25 09:00:00,20.9,297,openmeteo
2024-09-25 10:00:00,21.3,302,openmeteo
2024-09-25 11:00:00,21.5,306,openmeteo
2024-09-25 12:00:00,21.4,308,openmeteo
2024-09-25 13:00:00,17.2,308,openmeteo
2024-09-25 14:00:00,15.8,306,openmeteo
2024-09-25 15:00:00,15.4,305,openmeteo
2024-09-25 16:00:00,16.4,309,openmeteo
2024-09-25 17:00:00,15.9,313,openmeteo
2024-09-25 18:00:00,15.0,318,openmeteo
2024-09-25 19:00:00,16.8,321,openmeteo
2024-09-25 20:00:00,16.2,321,openmeteo
2024-09-25 21:00:00,14.5,314,openmeteo
2024-09-25 22:00:00,14.0,300,openmeteo
2024-09-25 23:00:00,12.7,299,openmeteo
2024-09-26 00:00:00,10.2,304,openmeteo
2024-09-26 01:00:00,11.1,318,openmeteo
2024-09-26 02:00:00,9.8,319,openmeteo
2024-09-26 03:00:00,3.6,351,openmeteo
2024-09-26 04:00:00,3.0,142,openmeteo
2024-09-26 05:00:00,7.2,181,openmeteo
2024-09-26 06:00:00,9.6,208,openmeteo
2024-09-26 07:00:00,11.9,239,openmeteo
2024-09-26 08:00:00,14.9,251,openmeteo
2024-09-26 09:00:00,16.1,264,openmeteo
2024-09-26 10:00:00,18.7,293,openmeteo
2024-09-26 11:00:00,22.8,309,openmeteo
2024-09-26 12:00:00,23.9,314,openmeteo
2024-09-26 13:00:00,23.6,322,openmeteo
2024-09-26 14:00:00,23.9,323,openmeteo
2024-09-26 15:00:00,23.2,322,openmeteo
2024-09-26 16:00:00,22.4,322,openmeteo
2024-09-26 17:00:00,22.1,325,openmeteo
2024-09-26 18:00:00,20.9,326,openmeteo
2024-09-26 19:00:00,20.0,326,openmeteo
2024-09-26 20:00:00,19.5,320,openmeteo
2024-09-26 21:00:00,18.6,313,openmeteo
2024-09-26 22:00:00,17.7,311,openmeteo
2024-09-26 23:00:00,16.1,309,openmeteo
2024-09-27 00:00:00,14.9,312,openmeteo
2024-09-27 01:00:00,14.8,331,openmeteo
2024-09-27 02:00:00,13.6,332,openmeteo
2024-09-27 03:00:00,11.6,336,openmeteo
2024-09-27 04:00:00,9.3,350,openmeteo
2024-09-27 05:00:00,8.1,348,openmeteo
2024-09-27 06:00:00,6.9,337,openmeteo
2024-09-27 07:00:00,7.1,322,openmeteo
2024-09-27 08:00:00,7.5,320,openmeteo
2024-09-27 09:00:00,8.8,325,openmeteo
2024-09-27 10:00:00,11.2,325,openmeteo
2024-09-27 11:00:00,14.0,327,openmeteo
2024-09-27 12:00:00,16.2,329,openmeteo
2024-09-27 13:00:00,18.1,330,openmeteo
2024-09-27 14:00:00,18.2,328,openmeteo
2024-09-27 15:00:00,17.8,336,openmeteo
2024-09-27 16:00:00,17.5,340,openmeteo
2024-09-27 17:00:00,14.6,341,openmeteo
2024-09-27 18:00:00,12.6,338,openmeteo
2024-09-27 19:00:00,11.5,331,openmeteo
2024-09-27 20:00:00,11.3,324,openmeteo
2024-09-27 21:00:00,13.0,319,openmeteo
2024-09-27 22:00:00,13.9,318,openmeteo
2024-09-27 23:00:00,12.2,317,openmeteo
2024-09-28 00:00:00,10.0,324,openmeteo
2024-09-28 01:00:00,10.3,331,openmeteo
2024-09-28 02:00:00,8.7,333,openmeteo
2024-09-28 03:00:00,7.4,331,openmeteo
2024-09-28 04:00:00,4.9,2,openmeteo
2024-09-28 05:00:00,3.6,9,openmeteo
2024-09-28 06:00:00,3.8,3,openmeteo
2024-09-28 07:00:00,3.8,11,openmeteo
2024-09-28 08:00:00,4.2,348,openmeteo
2024-09-28 09:00:00,6.8,342,openmeteo
2024-09-28 10:00:00,8.2,350,openmeteo
2024-09-28 11:00:00,10.4,343,openmeteo
2024-09-28 12:00:00,13.7,347,openmeteo
2024-09-28 13:00:00,15.4,346,openmeteo
2024-09-28 14:00:00,16.2,346,openmeteo
2024-09-28 15:00:00,14.0,353,openmeteo
2024-09-28 16:00:00,12.0,351,openmeteo
2024-09-28 17:00:00,12.6,341,openmeteo
2024-09-28 18:00:00,11.8,341,openmeteo
2024-09-28 19:00:00,11.0,337,openmeteo
2024-09-28 20:00:00,10.3,327,openmeteo
2024-09-28 21:00:00,10.1,319,openmeteo
2024-09-28 22:00:00,10.3,327,openmeteo
2024-09-28 23:00:00,10.6,345,openmeteo
2024-09-29 00:00:00,10.6,2,openmeteo
2024-09-29 01:00:00,9.0,12,openmeteo
2024-09-29 02:00:00,7.1,47,openmeteo
2024-09-29 03:00:00,10.8,101,openmeteo
2024-09-29 04:00:00,13.8,129,openmeteo
2024-09-29 05:00:00,15.9,142,openmeteo
2024-09-29 06:00:00,8.8,136,openmeteo
2024-09-29 07:00:00,9.4,102,openmeteo
2024-09-29 08:00:00,7.2,53,openmeteo
2024-09-29 09:00:00,9.4,3,openmeteo
2024-09-29 10:00:00,12.4,341,openmeteo
2024-09-29 11:00:00,16.1,340,openmeteo
2024-09-29 12:00:00,19.7,337,openmeteo
2024-09-29 13:00:00,22.0,349,openmeteo
2024-09-29 14:00:00,25.0,0,openmeteo
2024-09-29 15:00:00,22.9,11,openmeteo
2024-09-29 16:00:00,23.8,20,openmeteo
2024-09-29 17:00:00,22.1,28,openmeteo
2024-09-29 18:00:00,21.4,38,openmeteo
2024-09-29 19:00:00,19.7,46,openmeteo
2024-09-29 20:00:00,17.0,50,openmeteo
2024-09-29 21:00:00,15.4,52,openmeteo
2024-09-29 22:00:00,14.2,54,openmeteo
2024-09-29 23:00:00,14.2,54,openmeteo
2024-09-30 00:00:00,13.0,63,openmeteo
2024-09-30 01:00:00,18.0,159,openmeteo
2024-09-30 02:00:00,21.5,175,openmeteo
2024-09-30 03:00:00,23.8,177,openmeteo
2024-09-30 04:00:00,25.1,173,openmeteo
2024-09-30 05:00:00,26.1,165,openmeteo
2024-09-30 06:00:00,26.2,170,openmeteo
2024-09-30 07:00:00,24.9,178,openmeteo
2024-09-30 08:00:00,22.3,180,openmeteo
2024-09-30 09:00:00,17.5,182,openmeteo
2024-09-30 10:00:00,12.2,188,openmeteo
2024-09-30 11:00:00,5.4,201,openmeteo
2024-09-30 12:00:00,7.1,350,openmeteo
2024-09-30 13:00:00,12.5,28,openmeteo
2024-09-30 14:00:00,20.1,54,openmeteo
2024-09-30 15:00:00,16.1,56,openmeteo
2024-09-30 16:00:00,21.5,54,openmeteo
2024-09-30 17:00:00,21.4,68,openmeteo
2024-09-30 18:00:00,28.6,79,openmeteo
2024-09-30 19:00:00,27.0,99,openmeteo
2024-09-30 20:00:00,22.4,107,openmeteo
2024-09-30 21:00:00,20.3,105,openmeteo
2024-09-30 22:00:00,19.2,110,openmeteo
2024-09-30 23:00:00,18.0,123,openmeteo
2024-10-01 00:00:00,14.5,138,openmeteo
2024-10-01 01:00:00,12.5,159,openmeteo
2024-10-01 02:00:00,13.3,164,openmeteo
2024-10-01 03:00:00,14.6,164,openmeteo
2024-10-01 04:00:00,16.2,159,openmeteo
2024-10-01 05:00:00,16.0,155,openmeteo
2024-10-01 06:00:00,13.3,155,openmeteo
2024-10-01 07:00:00,9.1,162,openmeteo
2024-10-01 08:00:00,3.2,196,openmeteo
2024-10-01 09:00:00,6.5,321,openmeteo
2024-10-01 10:00:00,9.5,338,openmeteo
2024-10-01 11:00:00,13.2,355,openmeteo
2024-10-01 12:00:00,17.3,360,openmeteo
2024-10-01 13:00:00,18.0,357,openmeteo
2024-10-01 14:00:00,21.2,354,openmeteo
2024-10-01 15:00:00,24.0,358,openmeteo
2024-10-01 16:00:00,22.5,3,openmeteo
2024-10-01 17:00:00,25.3,5,openmeteo
2024-10-01 18:00:00,21.7,22,openmeteo
2024-10-01 19:00:00,18.5,34,openmeteo
2024-10-01 20:00:00,17.1,42,openmeteo
2024-10-01 21:00:00,14.8,56,openmeteo
2024-10-01 22:00:00,12.8,74,openmeteo
2024-10-01 23:00:00,12.4,87,openmeteo
2024-10-02 00:00:00,13.7,88,openmeteo
2024-10-02 01:00:00,16.1,84,openmeteo
2024-10-02 02:00:00,17.3,94,openmeteo
2024-10-02 03:00:00,19.3,102,openmeteo
2024-10-02 04:00:00,20.6,102,openmeteo
2024-10-02 05:00:00,22.0,99,openmeteo
2024-10-02 06:00:00,20.6,100,openmeteo
2024-10-02 07:00:00,16.2,91,openmeteo
2024-10-02 08:00:00,13.1,81,openmeteo
2024-10-02 09:00:00,10.1,70,openmeteo
2024-10-02 10:00:00,10.3,40,openmeteo
2024-10-02 11:00:00,13.0,26,openmeteo
2024-10-02 12:00:00,13.6,30,openmeteo
2024-10-02 13:00:00,14.8,10,openmeteo
2024-10-02 14:00:00,20.8,356,openmeteo
2024-10-02 15:00:00,19.7,352,openmeteo
2024-10-02 16:00:00,20.9,347,openmeteo
2024-10-02 17:00:00,20.8,354,openmeteo
2024-10-02 18:00:00,22.0,357,openmeteo
2024-10-02 19:00:00,19.3,360,openmeteo
2024-10-02 20:00:00,19.0,355,openmeteo
2024-10-02 21:00:00,17.0,350,openmeteo
2024-10-02 22:00:00,14.0,348,openmeteo
2024-10-02 23:00:00,11.2,358,openmeteo
2024-10-03 00:00:00,9.1,17,openmeteo
2024-10-03 01:00:00,7.8,44,openmeteo
2024-10-03 02:00:00,5.4,82,openmeteo
2024-10-03 03:00:00,5.6,107,openmeteo
2024-10-03 04:00:00,7.0,119,openmeteo
2024-10-03 05:00:00,8.5,138,openmeteo
2024-10-03 06:00:00,9.9,164,openmeteo
2024-10-03 07:00:00,8.2,189,openmeteo
2024-10-03 08:00:00,9.4,232,openmeteo
2024-10-03 09:00:00,10.2,253,openmeteo
2024-10-03 10:00:00,11.4,297,openmeteo
2024-10-03 11:00:00,15.0,316,openmeteo
2024-10-03 12:00:00,19.5,324,openmeteo
2024-10-03 13:00:00,21.8,325,openmeteo
2024-10-03 14:00:00,23.1,326,openmeteo
2024-10-03 15:00:00,20.4,331,openmeteo
2024-10-03 16:00:00,18.2,332,openmeteo
2024-10-03 17:00:00,17.2,330,openmeteo
2024-10-03 18:00:00,17.2,326,openmeteo
2024-10-03 19:00:00,15.4,318,openmeteo
2024-10-03 20:00:00,13.5,315,openmeteo
2024-10-03 21:00:00,12.3,300,openmeteo
2024-10-03 22:00:00,13.9,293,openmeteo
2024-10-03 23:00:00,14.9,288,openmeteo
2024-10-04 00:00:00,16.1,281,openmeteo
2024-10-04 01:00:00,14.9,270,openmeteo
2024-10-04 02:00:00,17.5,268,openmeteo
2024-10-04 03:00:00,19.5,272,openmeteo
2024-10-04 04:00:00,20.7,273,openmeteo
2024-10-04 05:00:00,20.9,271,openmeteo
2024-10-04 06:00:00,21.5,266,openmeteo
2024-10-04 07:00:00,23.2,269,openmeteo
2024-10-04 08:00:00,27.1,279,openmeteo
2024-10-04 09:00:00,28.3,289,openmeteo
2024-10-04 10:00:00,28.5,297,openmeteo
2024-10-04 11:00:00,29.4,305,openmeteo
2024-10-04 12:00:00,28.6,310,openmeteo
2024-10-04 13:00:00,25.7,320,openmeteo
2024-10-04 14:00:00,26.0,319,openmeteo
2024-10-04 15:00:00,28.0,314,openmeteo
2024-10-04 16:00:00,28.0,314,openmeteo
2024-10-04 17:00:00,27.3,313,openmeteo
2024-10-04 18:00:00,28.3,309,openmeteo
2024-10-04 19:00:00,29.2,305,openmeteo
2024-10-04 20:00:00,30.3,302,openmeteo
2024-10-04 21:00:00,33.4,301,openmeteo
2024-10-04 22:00:00,33.6,301,openmeteo
2024-10-04 23:00:00,33.0,303,openmeteo
2024-10-05 00:00:00,31.5,304,openmeteo
2024-10-05 01:00:00,28.1,310,openmeteo
2024-10-05 02:00:00,26.0,303,openmeteo
2024-10-05 03:00:00,24.1,294,openmeteo
2024-10-05 04:00:00,25.5,300,openmeteo
2024-10-05 05:00:00,24.1,301,openmeteo
2024-10-05 06:00:00,23.5,303,openmeteo
2024-10-05 07:00:00,22.6,305,openmeteo
2024-10-05 08:00:00,22.1,306,openmeteo
2024-10-05 09:00:00,21.7,308,openmeteo
2024-10-05 10:00:00,22.8,308,openmeteo
2024-10-05 11:00:00,24.1,306,openmeteo
2024-10-05 12:00:00,25.3,308,openmeteo
2024-10-05 13:00:00,21.5,306,openmeteo
2024-10-05 14:00:00,21.6,302,openmeteo
2024-10-05 15:00:00,20.4,298,openmeteo
2024-10-05 16:00:00,18.5,300,openmeteo
2024-10-05 17:00:00,16.8,303,openmeteo
2024-10-05 18:00:00,16.4,302,openmeteo
2024-10-05 19:00:00,15.3,304,openmeteo
2024-10-05 20:00:00,14.8,307,openmeteo
2024-10-05 21:00:00,14.6,304,openmeteo
2024-10-05 22:00:00,14.2,303,openmeteo
2024-10-05 23:00:00,13.4,301,openmeteo
2024-10-06 00:00:00,12.3,301,openmeteo
2024-10-06 01:00:00,10.4,304,openmeteo
2024-10-06 02:00:00,10.1,310,openmeteo
2024-10-06 03:00:00,8.2,319,openmeteo
2024-10-06 04:00:00,5.6,329,openmeteo
2024-10-06 05:00:00,3.8,360,openmeteo
2024-10-06 06:00:00,2.9,60,openmeteo
2024-10-06 07:00:00,0.9,360,openmeteo
2024-10-06 08:00:00,3.6,300,openmeteo
2024-10-06 09:00:00,5.7,323,openmeteo
2024-10-06 10:00:00,8.1,335,openmeteo
2024-10-06 11:00:00,11.5,329,openmeteo
2024-10-06 12:00:00,14.9,328,openmeteo
2024-10-06 13:00:00,14.8,326,openmeteo
2024-10-06 14:00:00,15.2,334,openmeteo
2024-10-06 15:00:00,14.8,342,openmeteo
2024-10-06 16:00:00,13.6,338,openmeteo
2024-10-06 17:00:00,11.7,349,openmeteo
2024-10-06 18:00:00,13.6,6,openmeteo
2024-10-06 19:00:00,13.9,4,openmeteo
2024-10-06 20:00:00,13.7,356,openmeteo
2024-10-06 21:00:00,13.1,16,openmeteo
2024-10-06 22:00:00,10.6,26,openmeteo
2024-10-06 23:00:00,10.4,44,openmeteo
2024-10-07 00:00:00,10.8,72,openmeteo
2024-10-07 01:00:00,12.9,102,openmeteo
2024-10-07 02:00:00,1.9,146,openmeteo
2024-10-07 03:00:00,0.2,270,openmeteo
2024-10-07 04:00:00,7.6,98,openmeteo
2024-10-07 05:00:00,13.1,99,openmeteo
2024-10-07 06:00:00,15.1,98,openmeteo
2024-10-07 07:00:00,14.6,91,openmeteo
2024-10-07 08:00:00,10.3,74,openmeteo
2024-10-07 09:00:00,10.7,36,openmeteo
2024-10-07 10:00:00,9.9,5,openmeteo
2024-10-07 11:00:00,13.4,340,openmeteo
2024-10-07 12:00:00,20.7,358,openmeteo
2024-10-07 13:00:00,19.0,5,openmeteo
2024-10-07 14:00:00,21.2,20,openmeteo
2024-10-07 15:00:00,20.0,31,openmeteo
2024-10-07 16:00:00,29.1,50,openmeteo
2024-10-07 17:00:00,29.1,55,openmeteo
2024-10-07 18:00:00,26.8,58,openmeteo
2024-10-07 19:00:00,27.8,68,openmeteo
2024-10-07 20:00:00,26.1,76,openmeteo
2024-10-07 21:00:00,24.9,80,openmeteo
2024-10-07 22:00:00,22.9,79,openmeteo
2024-10-07 23:00:00,20.9,86,openmeteo
2024-10-08 00:00:00,18.6,100,openmeteo
2024-10-08 01:00:00,19.4,106,openmeteo
2024-10-08 02:00:00,16.5,130,openmeteo
2024-10-08 03:00:00,13.2,143,openmeteo
2024-10-08 04:00:00,9.8,145,openmeteo
2024-10-08 05:00:00,6.5,134,openmeteo
2024-10-08 06:00:00,5.4,69,openmeteo
2024-10-08 07:00:00,6.5,30,openmeteo
2024-10-08 08:00:00,9.6,4,openmeteo
2024-10-08 09:00:00,12.4,360,openmeteo
2024-10-08 10:00:00,15.6,353,openmeteo
2024-10-08 11:00:00,18.9,345,openmeteo
2024-10-08 12:00:00,22.2,349,openmeteo
2024-10-08 13:00:00,22.2,5,openmeteo
2024-10-08 14:00:00,21.8,7,openmeteo
2024-10-08 15:00:00,22.0,13,openmeteo
2024-10-08 16:00:00,24.0,15,openmeteo
2024-10-08 17:00:00,23.4,14,openmeteo
2024-10-08 18:00:00,22.7,8,openmeteo
2024-10-08 19:00:00,21.7,4,openmeteo
2024-10-08 20:00:00,22.3,360,openmeteo
2024-10-08 21:00:00,20.7,3,openmeteo
2024-10-08 22:00:00,19.5,14,openmeteo
2024-10-08 23:00:00,17.0,30,openmeteo
2024-10-09 00:00:00,17.4,39,openmeteo
2024-10-09 01:00:00,17.6,68,openmeteo
2024-10-09 02:00:00,19.5,94,openmeteo
2024-10-09 03:00:00,21.6,111,openmeteo
2024-10-09 04:00:00,18.7,101,openmeteo
2024-10-09 05:00:00,21.1,119,openmeteo
2024-10-09 06:00:00,16.7,124,openmeteo
2024-10-09 07:00:00,12.3,129,openmeteo
2024-10-09 08:00:00,7.3,123,openmeteo
2024-10-09 09:00:00,4.1,45,openmeteo
2024-10-09 10:00:00,9.6,356,openmeteo
2024-10-09 11:00:00,15.3,345,openmeteo
2024-10-09 12:00:00,17.5,348,openmeteo
2024-10-09 13:00:00,20.2,351,openmeteo
2024-10-09 14:00:00,18.0,357,openmeteo
2024-10-09 15:00:00,17.8,1,openmeteo
2024-10-09 16:00:00,17.7,6,openmeteo
2024-10-09 17:00:00,16.1,4,openmeteo
2024-10-09 18:00:00,15.0,356,openmeteo
2024-10-09 19:00:00,15.2,341,openmeteo
2024-10-09 20:00:00,13.1,337,openmeteo
2024-10-09 21:00:00,11.4,336,openmeteo
2024-10-09 22:00:00,10.0,354,openmeteo
2024-10-09 23:00:00,12.3,30,openmeteo
2024-10-10 00:00:00,13.2,45,openmeteo
2024-10-10 01:00:00,11.2,40,openmeteo
2024-10-10 02:00:00,9.8,49,openmeteo
2024-10-10 03:00:00,9.0,67,openmeteo
2024-10-10 04:00:00,7.9,91,openmeteo
2024-10-10 05:00:00,7.5,117,openmeteo
2024-10-10 06:00:00,7.1,131,openmeteo
2024-10-10 07:00:00,2.6,141,openmeteo
2024-10-10 08:00:00,4.8,312,openmeteo
2024-10-10 09:00:00,9.2,320,openmeteo
2024-10-10 10:00:00,11.9,321,openmeteo
2024-10-10 11:00:00,12.6,318,openmeteo
2024-10-10 12:00:00,13.9,324,openmeteo
2024-10-10 13:00:00,17.1,320,openmeteo
2024-10-10 14:00:00,16.8,328,openmeteo
2024-10-10 15:00:00,14.6,336,openmeteo
2024-10-10 16:00:00,15.2,343,openmeteo
2024-10-10 17:00:00,17.0,350,openmeteo
2024-10-10 18:00:00,18.9,348,openmeteo
2024-10-10 19:00:00,20.6,351,openmeteo
2024-10-10 20:00:00,21.0,350,openmeteo
2024-10-10 21:00:00,17.8,352,openmeteo
2024-10-10 22:00:00,16.2,360,openmeteo
2024-10-10 23:00:00,12.2,28,openmeteo
2024-10-11 00:00:00,11.1,58,openmeteo
2024-10-11 01:00:00,12.3,52,openmeteo
2024-10-11 02:00:00,13.2,52,openmeteo
2024-10-11 03:00:00,14.0,52,openmeteo
2024-10-11 04:00:00,11.4,59,openmeteo
2024-10-11 05:00:00,10.6,67,openmeteo
2024-10-11 06:00:00,11.8,69,openmeteo
2024-10-11 07:00:00,10.2,58,openmeteo
2024-10-11 08:00:00,10.2,28,openmeteo
2024-10-11 09:00:00,12.0,18,openmeteo
2024-10-11 10:00:00,12.5,21,openmeteo
2024-10-11 11:00:00,13.3,18,openmeteo
2024-10-11 12:00:00,13.8,7,openmeteo
2024-10-11 13:00:00,16.3,5,openmeteo
2024-10-11 14:00:00,12.8,22,openmeteo
2024-10-11 15:00:00,12.2,24,openmeteo
2024-10-11 16:00:00,13.7,1,openmeteo
2024-10-11 17:00:00,18.6,333,openmeteo
2024-10-11 18:00:00,16.8,343,openmeteo
2024-10-11 19:00:00,15.2,347,openmeteo
2024-10-11 20:00:00,14.1,353,openmeteo
2024-10-11 21:00:00,10.5,6,openmeteo
2024-10-11 22:00:00,9.4,24,openmeteo
2024-10-11 23:00:00,7.9,24,openmeteo
2024-10-12 00:00:00,6.1,60,openmeteo
2024-10-12 01:00:00,10.2,82,openmeteo
2024-10-12 02:00:00,12.8,88,openmeteo
2024-10-12 03:00:00,14.5,84,openmeteo
2024-10-12 04:00:00,13.1,82,openmeteo
2024-10-12 05:00:00,9.2,83,openmeteo
2024-10-12 06:00:00,7.6,78,openmeteo
2024-10-12 07:00:00,9.2,79,openmeteo
2024-10-12 08:00:00,9.5,68,openmeteo
2024-10-12 09:00:00,9.2,48,openmeteo
2024-10-12 10:00:00,9.2,17,openmeteo
2024-10-12 11:00:00,11.1,338,openmeteo
2024-10-12 12:00:00,13.9,335,openmeteo
2024-10-12 13:00:00,13.7,346,openmeteo
2024-10-12 14:00:00,11.8,349,openmeteo
2024-10-12 15:00:00,9.7,4,openmeteo
2024-10-12 16:00:00,11.2,26,openmeteo
2024-10-12 17:00:00,10.0,36,openmeteo
2024-10-12 18:00:00,9.5,58,openmeteo
2024-10-12 19:00:00,9.1,75,openmeteo
2024-10-12 20:00:00,10.3,91,openmeteo
2024-10-12 21:00:00,10.4,91,openmeteo
2024-10-12 22:00:00,10.6,93,openmeteo
2024-10-12 23:00:00,11.5,92,openmeteo
2024-10-13 00:00:00,14.3,105,openmeteo
2024-10-13 01:00:00,11.9,105,openmeteo
2024-10-13 02:00:00,9.9,99,openmeteo
2024-10-13 03:00:00,6.4,98,openmeteo
2024-10-13 04:00:00,3.5,81,openmeteo
2024-10-13 05:00:00,3.8,45,openmeteo
2024-10-13 06:00:00,2.8,18,openmeteo
2024-10-13 07:00:00,2.6,335,openmeteo
2024-10-13 08:00:00,2.9,266,openmeteo
2024-10-13 09:00:00,3.8,267,openmeteo
2024-10-13 10:00:00,4.9,266,openmeteo
2024-10-13 11:00:00,7.0,320,openmeteo
2024-10-13 12:00:00,11.8,341,openmeteo
2024-10-13 13:00:00,14.0,345,openmeteo
2024-10-13 14:00:00,14.1,350,openmeteo
2024-10-13 15:00:00,15.5,357,openmeteo
2024-10-13 16:00:00,16.6,359,openmeteo
2024-10-13 17:00:00,14.6,1,openmeteo
2024-10-13 18:00:00,12.4,13,openmeteo
2024-10-13 19:00:00,10.0,14,openmeteo
2024-10-13 20:00:00,8.7,14,openmeteo
2024-10-13 21:00:00,8.3,33,openmeteo
2024-10-13 22:00:00,9.8,38,openmeteo
2024-10-13 23:00:00,10.5,37,openmeteo
2024-10-14 00:00:00,9.1,32,openmeteo
2024-10-14 01:00:00,8.4,16,openmeteo
2024-10-14 02:00:00,10.2,18,openmeteo
2024-10-14 03:00:00,13.0,31,openmeteo
2024-10-14 04:00:00,16.9,50,openmeteo
2024-10-14 05:00:00,18.7,69,openmeteo
2024-10-14 06:00:00,14.6,88,openmeteo
2024-10-14 07:00:00,11.0,104,openmeteo
2024-10-14 08:00:00,5.7,108,openmeteo
2024-10-14 09:00:00,3.5,69,openmeteo
2024-10-14 10:00:00,7.3,40,openmeteo
2024-10-14 11:00:00,11.9,34,openmeteo
2024-10-14 12:00:00,13.8,17,openmeteo
2024-10-14 13:00:00,18.7,11,openmeteo
2024-10-14 14:00:00,20.6,6,openmeteo
2024-10-14 15:00:00,19.5,5,openmeteo
2024-10-14 16:00:00,20.8,4,openmeteo
2024-10-14 17:00:00,21.9,19,openmeteo
2024-10-14 18:00:00,21.8,21,openmeteo
2024-10-14 19:00:00,23.1,21,openmeteo
2024-10-14 20:00:00,23.4,14,openmeteo
2024-10-14 21:00:00,24.9,19,openmeteo
2024-10-14 22:00:00,26.4,27,openmeteo
2024-10-14 23:00:00,27.7,30,openmeteo
2024-10-15 00:00:00,28.5,40,openmeteo
2024-10-15 01:00:00,31.2,54,openmeteo
2024-10-15 02:00:00,30.4,66,openmeteo
2024-10-15 03:00:00,25.5,76,openmeteo
2024-10-15 04:00:00,22.4,98,openmeteo
2024-10-15 05:00:00,21.6,106,openmeteo
2024-10-15 06:00:00,22.7,103,openmeteo
2024-10-15 07:00:00,19.9,96,openmeteo
2024-10-15 08:00:00,18.2,94,openmeteo
2024-10-15 09:00:00,16.3,84,openmeteo
2024-10-15 10:00:00,14.7,63,openmeteo
2024-10-15 11:00:00,18.8,36,openmeteo
2024-10-15 12:00:00,24.3,32,openmeteo
2024-10-15 13:00:00,21.3,30,openmeteo
2024-10-15 14:00:00,22.6,27,openmeteo
2024-10-15 15:00:00,22.9,24,openmeteo
2024-10-15 16:00:00,22.6,29,openmeteo
2024-10-15 17:00:00,22.2,29,openmeteo
2024-10-15 18:00:00,22.6,36,openmeteo
2024-10-15 19:00:00,24.0,58,openmeteo
2024-10-15 20:00:00,21.7,66,openmeteo
2024-10-15 21:00:00,18.8,60,openmeteo
2024-10-15 22:00:00,18.0,52,openmeteo
2024-10-15 23:00:00,19.5,45,openmeteo
2024-10-16 00:00:00,22.1,49,openmeteo
2024-10-16 01:00:00,27.6,55,openmeteo
2024-10-16 02:00:00,28.5,61,openmeteo
2024-10-16 03:00:00,27.9,74,openmeteo
2024-10-16 04:00:00,25.5,81,openmeteo
2024-10-16 05:00:00,24.0,82,openmeteo
2024-10-16 06:00:00,22.6,82,openmeteo
2024-10-16 07:00:00,20.7,79,openmeteo
2024-10-16 08:00:00,19.2,73,openmeteo
2024-10-16 09:00:00,18.3,56,openmeteo
2024-10-16 10:00:00,20.2,36,openmeteo
2024-10-16 11:00:00,24.4,32,openmeteo
2024-10-16 12:00:00,25.9,25,openmeteo
2024-10-16 13:00:00,26.4,16,openmeteo
2024-10-16 14:00:00,27.1,13,openmeteo
2024-10-16 15:00:00,27.6,8,openmeteo
2024-10-16 16:00:00,28.1,6,openmeteo
2024-10-16 17:00:00,27.8,8,openmeteo
2024-10-16 18:00:00,26.6,11,openmeteo
2024-10-16 19:00:00,24.2,16,openmeteo
2024-10-16 20:00:00,22.3,25,openmeteo
2024-10-16 21:00:00,22.0,45,openmeteo
2024-10-16 22:00:00,23.6,56,openmeteo
2024-10-16 23:00:00,24.6,65,openmeteo
2024-10-17 00:00:00,23.4,90,openmeteo
2024-10-17 01:00:00,20.5,87,openmeteo
2024-10-17 02:00:00,16.1,96,openmeteo
2024-10-17 03:00:00,12.6,124,openmeteo
2024-10-17 04:00:00,11.7,151,openmeteo
2024-10-17 05:00:00,11.0,152,openmeteo
2024-10-17 06:00:00,11.0,138,openmeteo
2024-10-17 07:00:00,9.9,112,openmeteo
2024-10-17 08:00:00,10.5,85,openmeteo
2024-10-17 09:00:00,11.7,61,openmeteo
2024-10-17 10:00:00,11.5,41,openmeteo
2024-10-17 11:00:00,16.2,14,openmeteo
2024-10-17 12:00:00,19.2,15,openmeteo
2024-10-17 13:00:00,18.8,24,openmeteo
2024-10-17 14:00:00,21.6,17,openmeteo
2024-10-17 15:00:00,18.7,31,openmeteo
2024-10-17 16:00:00,18.2,23,openmeteo
2024-10-17 17:00:00,14.7,23,openmeteo
2024-10-17 18:00:00,15.4,30,openmeteo
2024-10-17 19:00:00,14.0,36,openmeteo
2024-10-17 20:00:00,11.8,39,openmeteo
2024-10-17 21:00:00,9.1,38,openmeteo
2024-10-17 22:00:00,5.7,41,openmeteo
2024-10-17 23:00:00,5.6,48,openmeteo
2024-10-18 00:00:00,3.9,66,openmeteo
2024-10-18 01:00:00,2.3,176,openmeteo
2024-10-18 02:00:00,5.7,288,openmeteo
2024-10-18 03:00:00,8.3,284,openmeteo
2024-10-18 04:00:00,8.0,351,openmeteo
2024-10-18 05:00:00,7.6,8,openmeteo
2024-10-18 06:00:00,3.7,346,openmeteo
2024-10-18 07:00:00,2.7,8,openmeteo
2024-10-18 08:00:00,3.1,36,openmeteo
2024-10-18 09:00:00,4.5,16,openmeteo
2024-10-18 10:00:00,10.3,13,openmeteo
2024-10-18 11:00:00,14.1,21,openmeteo
2024-10-18 12:00:00,13.3,23,openmeteo
2024-10-18 13:00:00,14.5,15,openmeteo
2024-10-18 14:00:00,14.1,23,openmeteo
2024-10-18 15:00:00,11.5,35,openmeteo
2024-10-18 16:00:00,13.6,35,openmeteo
2024-10-18 17:00:00,12.1,41,openmeteo
2024-10-18 18:00:00,11.4,39,openmeteo
2024-10-18 19:00:00,9.5,29,openmeteo
2024-10-18 20:00:00,8.6,20,openmeteo
2024-10-18 21:00:00,8.3,355,openmeteo
2024-10-18 22:00:00,11.1,8,openmeteo
2024-10-18 23:00:00,11.9,38,openmeteo
2024-10-19 00:00:00,10.2,31,openmeteo
2024-10-19 01:00:00,11.3,31,openmeteo
2024-10-19 02:00:00,10.8,36,openmeteo
2024-10-19 03:00:00,11.4,38,openmeteo
2024-10-19 04:00:00,12.6,56,openmeteo
2024-10-19 05:00:00,12.5,72,openmeteo
2024-10-19 06:00:00,11.2,84,openmeteo
2024-10-19 07:00:00,10.6,89,openmeteo
2024-10-19 08:00:00,9.5,88,openmeteo
2024-10-19 09:00:00,7.6,76,openmeteo
2024-10-19 10:00:00,7.1,52,openmeteo
2024-10-19 11:00:00,8.2,15,openmeteo
2024-10-19 12:00:00,9.0,1,openmeteo
2024-10-19 13:00:00,10.8,334,openmeteo
2024-10-19 14:00:00,11.0,339,openmeteo
2024-10-19 15:00:00,14.0,345,openmeteo
2024-10-19 16:00:00,13.7,343,openmeteo
2024-10-19 17:00:00,14.5,349,openmeteo
2024-10-19 18:00:00,13.9,355,openmeteo
2024-10-19 19:00:00,12.8,2,openmeteo
2024-10-19 20:00:00,12.0,7,openmeteo
2024-10-19 21:00:00,10.8,15,openmeteo
2024-10-19 22:00:00,8.6,15,openmeteo
2024-10-19 23:00:00,8.8,358,openmeteo
2024-10-20 00:00:00,11.3,346,openmeteo
2024-10-20 01:00:00,15.6,337,openmeteo
2024-10-20 02:00:00,15.9,342,openmeteo
2024-10-20 03:00:00,13.8,351,openmeteo
2024-10-20 04:00:00,11.9,1,openmeteo
2024-10-20 05:00:00,10.5,6,openmeteo
2024-10-20 06:00:00,9.6,3,openmeteo
2024-10-20 07:00:00,8.7,347,openmeteo
2024-10-20 08:00:00,9.1,326,openmeteo
2024-10-20 09:00:00,9.1,311,openmeteo
2024-10-20 10:00:00,9.5,309,openmeteo
2024-10-20 11:00:00,12.0,317,openmeteo
2024-10-20 12:00:00,14.8,323,openmeteo
2024-10-20 13:00:00,14.9,329,openmeteo
2024-10-20 14:00:00,12.8,329,openmeteo
2024-10-20 15:00:00,12.7,322,openmeteo
2024-10-20 16:00:00,13.2,321,openmeteo
2024-10-20 17:00:00,12.9,320,openmeteo
2024-10-20 18:00:00,13.9,317,openmeteo
2024-10-20 19:00:00,16.2,317,openmeteo
2024-10-20 20:00:00,16.2,315,openmeteo
2024-10-20 21:00:00,14.5,308,openmeteo
2024-10-20 22:00:00,14.7,306,openmeteo
2024-10-20 23:00:00,14.3,305,openmeteo
2024-10-21 00:00:00,13.3,305,openmeteo
2024-10-21 01:00:00,11.2,312,openmeteo
2024-10-21 02:00:00,10.3,305,openmeteo
2024-10-21 03:00:00,8.6,300,openmeteo
2024-10-21 04:00:00,6.7,289,openmeteo
2024-10-21 05:00:00,6.7,289,openmeteo
2024-10-21 06:00:00,7.2,288,openmeteo
2024-10-21 07:00:00,5.3,280,openmeteo
2024-10-21 08:00:00,7.8,274,openmeteo
2024-10-21 09:00:00,15.1,288,openmeteo
2024-10-21 10:00:00,19.5,305,openmeteo
2024-10-21 11:00:00,21.7,312,openmeteo
2024-10-21 12:00:00,21.8,315,openmeteo
2024-10-21 13:00:00,19.1,322,openmeteo
2024-10-21 14:00:00,17.3,318,openmeteo
2024-10-21 15:00:00,16.3,319,openmeteo
2024-10-21 16:00:00,16.3,317,openmeteo
2024-10-21 17:00:00,17.4,311,openmeteo
2024-10-21 18:00:00,19.0,305,openmeteo
2024-10-21 19:00:00,21.4,304,openmeteo
2024-10-21 20:00:00,23.6,312,openmeteo
2024-10-21 21:00:00,24.4,317,openmeteo
2024-10-21 22:00:00,24.1,313,openmeteo
2024-10-21 23:00:00,24.2,313,openmeteo
2024-10-22 00:00:00,24.1,315,openmeteo
2024-10-22 01:00:00,17.5,330,openmeteo
2024-10-22 02:00:00,13.0,332,openmeteo
2024-10-22 03:00:00,11.9,330,openmeteo
2024-10-22 04:00:00,12.2,334,openmeteo
2024-10-22 05:00:00,11.8,333,openmeteo
2024-10-22 06:00:00,10.2,329,openmeteo
2024-10-22 07:00:00,1.5,21,openmeteo
2024-10-22 08:00:00,4.8,138,openmeteo
2024-10-22 09:00:00,2.8,135,openmeteo
2024-10-22 10:00:00,6.9,315,openmeteo
2024-10-22 11:00:00,13.4,313,openmeteo
2024-10-22 12:00:00,17.7,323,openmeteo
2024-10-22 13:00:00,18.8,324,openmeteo
2024-10-22 14:00:00,16.9,330,openmeteo
2024-10-22 15:00:00,19.9,338,openmeteo
2024-10-22 16:00:00,17.7,339,openmeteo
2024-10-22 17:00:00,17.9,348,openmeteo
2024-10-22 18:00:00,16.7,349,openmeteo
2024-10-22 19:00:00,14.2,359,openmeteo
2024-10-22 20:00:00,10.2,10,openmeteo
2024-10-22 21:00:00,9.0,15,openmeteo
2024-10-22 22:00:00,8.9,6,openmeteo
2024-10-22 23:00:00,7.7,359,openmeteo
2024-10-23 00:00:00,3.9,74,openmeteo
2024-10-23 01:00:00,13.9,114,openmeteo
2024-10-23 02:00:00,18.0,136,openmeteo
2024-10-23 03:00:00,21.0,152,openmeteo
2024-10-23 04:00:00,18.4,152,openmeteo
2024-10-23 05:00:00,13.8,154,openmeteo
2024-10-23 06:00:00,11.8,152,openmeteo
2024-10-23 07:00:00,6.1,175,openmeteo
2024-10-23 08:00:00,1.6,297,openmeteo
2024-10-23 09:00:00,9.7,360,openmeteo
2024-10-23 10:00:00,15.6,11,openmeteo
2024-10-23 11:00:00,21.1,14,openmeteo
2024-10-23 12:00:00,26.3,15,openmeteo
2024-10-23 13:00:00,26.4,14,openmeteo
2024-10-23 14:00:00,27.2,23,openmeteo
2024-10-23 15:00:00,24.7,37,openmeteo
2024-10-23 16:00:00,20.5,39,openmeteo
2024-10-23 17:00:00,20.2,44,openmeteo
2024-10-23 18:00:00,19.2,62,openmeteo
2024-10-23 19:00:00,17.3,74,openmeteo
2024-10-23 20:00:00,15.2,77,openmeteo
2024-10-23 21:00:00,20.6,104,openmeteo
2024-10-23 22:00:00,19.4,109,openmeteo
2024-10-23 23:00:00,16.9,112,openmeteo
2024-10-24 00:00:00,18.0,119,openmeteo
2024-10-24 01:00:00,21.1,127,openmeteo
2024-10-24 02:00:00,21.3,143,openmeteo
2024-10-24 03:00:00,19.8,152,openmeteo
2024-10-24 04:00:00,17.8,160,openmeteo
2024-10-24 05:00:00,13.8,167,openmeteo
2024-10-24 06:00:00,10.8,180,openmeteo
2024-10-24 07:00:00,8.3,191,openmeteo
2024-10-24 08:00:00,5.7,252,openmeteo
2024-10-24 09:00:00,8.2,308,openmeteo
2024-10-24 10:00:00,13.6,338,openmeteo
2024-10-24 11:00:00,16.2,343,openmeteo
2024-10-24 12:00:00,19.6,349,openmeteo
2024-10-24 13:00:00,23.8,347,openmeteo
2024-10-24 14:00:00,23.8,352,openmeteo
2024-10-24 15:00:00,24.1,2,openmeteo
2024-10-24 16:00:00,25.9,9,openmeteo
2024-10-24 17:00:00,22.7,11,openmeteo
2024-10-24 18:00:00,19.1,18,openmeteo
2024-10-24 19:00:00,19.1,38,openmeteo
2024-10-24 20:00:00,20.3,68,openmeteo
2024-10-24 21:00:00,20.2,81,openmeteo
2024-10-24 22:00:00,17.8,99,openmeteo
2024-10-24 23:00:00,13.5,109,openmeteo
2024-10-25 00:00:00,7.1,126,openmeteo
2024-10-25 01:00:00,6.0,107,openmeteo
2024-10-25 02:00:00,1.4,320,openmeteo
2024-10-25 03:00:00,2.3,315,openmeteo
2024-10-25 04:00:00,33.5,313,openmeteo
2024-10-25 05:00:00,25.0,317,openmeteo
2024-10-25 06:00:00,16.5,326,openmeteo
2024-10-25 07:00:00,18.0,334,openmeteo
2024-10-25 08:00:00,19.2,333,openmeteo
2024-10-25 09:00:00,20.0,334,openmeteo
2024-10-25 10:00:00,19.2,338,openmeteo
2024-10-25 11:00:00,21.3,346,openmeteo
2024-10-25 12:00:00,22.5,348,openmeteo
2024-10-25 13:00:00,27.7,341,openmeteo
2024-10-25 14:00:00,27.2,343,openmeteo
2024-10-25 15:00:00,27.5,344,openmeteo
2024-10-25 16:00:00,28.0,348,openmeteo
2024-10-25 17:00:00,25.2,348,openmeteo
2024-10-25 18:00:00,24.3,345,openmeteo
2024-10-25 19:00:00,26.3,338,openmeteo
2024-10-25 20:00:00,27.0,338,openmeteo
2024-10-25 21:00:00,27.7,339,openmeteo
2024-10-25 22:00:00,26.6,338,openmeteo
2024-10-25 23:00:00,25.3,339,openmeteo
2024-10-26 00:00:00,23.6,340,openmeteo
2024-10-26 01:00:00,20.2,347,openmeteo
2024-10-26 02:00:00,20.1,345,openmeteo
2024-10-26 03:00:00,19.4,344,openmeteo
2024-10-26 04:00:00,19.3,346,openmeteo
2024-10-26 05:00:00,19.0,347,openmeteo
2024-10-26 06:00:00,19.1,348,openmeteo
2024-10-26 07:00:00,17.8,352,openmeteo
2024-10-26 08:00:00,19.4,347,openmeteo
2024-10-26 09:00:00,21.6,345,openmeteo
2024-10-26 10:00:00,24.2,345,openmeteo
2024-10-26 11:00:00,25.8,346,openmeteo
2024-10-26 12:00:00,24.7,350,openmeteo
2024-10-26 13:00:00,22.8,342,openmeteo
2024-10-26 14:00:00,22.5,338,openmeteo
2024-10-26 15:00:00,24.2,337,openmeteo
2024-10-26 16:00:00,23.8,332,openmeteo
2024-10-26 17:00:00,20.8,327,openmeteo
2024-10-26 18:00:00,21.9,321,openmeteo
2024-10-26 19:00:00,24.6,319,openmeteo
2024-10-26 20:00:00,23.7,321,openmeteo
2024-10-26 21:00:00,24.3,323,openmeteo
2024-10-26 22:00:00,25.2,324,openmeteo
2024-10-26 23:00:00,26.2,326,openmeteo
2024-10-27 00:00:00,27.1,329,openmeteo
2024-10-27 01:00:00,26.3,331,openmeteo
2024-10-27 02:00:00,25.1,334,openmeteo
2024-10-27 03:00:00,22.9,335,openmeteo
2024-10-27 04:00:00,20.5,333,openmeteo
2024-10-27 05:00:00,20.1,329,openmeteo
2024-10-27 06:00:00,22.3,326,openmeteo
2024-10-27 07:00:00,26.1,327,openmeteo
2024-10-27 08:00:00,29.4,330,openmeteo
2024-10-27 09:00:00,30.9,334,openmeteo
2024-10-27 10:00:00,29.5,335,openmeteo
2024-10-27 11:00:00,30.3,337,openmeteo
2024-10-27 12:00:00,30.4,336,openmeteo
2024-10-27 13:00:00,31.6,331,openmeteo
2024-10-27 14:00:00,33.4,331,openmeteo
2024-10-27 15:00:00,32.5,330,openmeteo
2024-10-27 16:00:00,32.0,329,openmeteo
2024-10-27 17:00:00,31.5,328,openmeteo
2024-10-27 18:00:00,30.5,324,openmeteo
2024-10-27 19:00:00,29.9,319,openmeteo
2024-10-27 20:00:00,30.7,316,openmeteo
2024-10-27 21:00:00,31.2,314,openmeteo
2024-10-27 22:00:00,31.4,314,openmeteo
2024-10-27 23:00:00,31.8,314,openmeteo
2024-10-28 00:00:00,32.2,314,openmeteo
2024-10-28 01:00:00,33.6,316,openmeteo
2024-10-28 02:00:00,32.3,315,openmeteo
2024-10-28 03:00:00,31.3,314,openmeteo
2024-10-28 04:00:00,31.6,315,openmeteo
2024-10-28 05:00:00,31.9,316,openmeteo
2024-10-28 06:00:00,32.7,316,openmeteo
2024-10-28 07:00:00,33.9,315,openmeteo
2024-10-28 08:00:00,35.0,315,openmeteo
2024-10-28 09:00:00,34.2,314,openmeteo
2024-10-28 10:00:00,35.0,316,openmeteo
2024-10-28 11:00:00,35.8,318,openmeteo
2024-10-28 12:00:00,35.8,320,openmeteo
2024-10-28 13:00:00,34.2,316,openmeteo
2024-10-28 14:00:00,34.5,317,openmeteo
2024-10-28 15:00:00,35.3,316,openmeteo
2024-10-28 16:00:00,35.5,316,openmeteo
2024-10-28 17:00:00,36.8,316,openmeteo
2024-10-28 18:00:00,38.2,316,openmeteo
2024-10-28 19:00:00,38.7,315,openmeteo
2024-10-28 20:00:00,38.6,314,openmeteo
2024-10-28 21:00:00,39.0,313,openmeteo
2024-10-28 22:00:00,39.5,312,openmeteo
2024-10-28 23:00:00,40.0,312,openmeteo
2024-10-29 00:00:00,39.7,313,openmeteo
2024-10-29 01:00:00,39.0,314,openmeteo
2024-10-29 02:00:00,38.3,313,openmeteo
2024-10-29 03:00:00,38.1,313,openmeteo
2024-10-29 04:00:00,37.9,314,openmeteo
2024-10-29 05:00:00,36.3,314,openmeteo
2024-10-29 06:00:00,34.5,315,openmeteo
2024-10-29 07:00:00,32.8,316,openmeteo
2024-10-29 08:00:00,32.9,317,openmeteo
2024-10-29 09:00:00,33.3,318,openmeteo
2024-10-29 10:00:00,33.8,320,openmeteo
2024-10-29 11:00:00,34.0,321,openmeteo
2024-10-29 12:00:00,33.7,321,openmeteo
2024-10-29 13:00:00,31.4,320,openmeteo
2024-10-29 14:00:00,32.0,318,openmeteo
2024-10-29 15:00:00,32.1,317,openmeteo
2024-10-29 16:00:00,32.1,316,openmeteo
2024-10-29 17:00:00,31.2,313,openmeteo
2024-10-29 18:00:00,31.2,310,openmeteo
2024-10-29 19:00:00,31.5,309,openmeteo
2024-10-29 20:00:00,31.6,309,openmeteo
2024-10-29 21:00:00,32.0,311,openmeteo
2024-10-29 22:00:00,32.1,313,openmeteo
2024-10-29 23:00:00,30.9,314,openmeteo
2024-10-30 00:00:00,30.8,315,openmeteo
2024-10-30 01:00:00,28.4,308,openmeteo
2024-10-30 02:00:00,28.4,308,openmeteo
2024-10-30 03:00:00,29.1,310,openmeteo
2024-10-30 04:00:00,30.7,311,openmeteo
2024-10-30 05:00:00,29.9,313,openmeteo
2024-10-30 06:00:00,29.0,314,openmeteo
2024-10-30 07:00:00,28.4,316,openmeteo
2024-10-30 08:00:00,28.2,318,openmeteo
2024-10-30 09:00:00,27.4,322,openmeteo
2024-10-30 10:00:00,26.9,325,openmeteo
2024-10-30 11:00:00,26.6,326,openmeteo
2024-10-30 12:00:00,26.7,327,openmeteo
2024-10-30 13:00:00,24.2,319,openmeteo
2024-10-30 14:00:00,25.1,320,openmeteo
2024-10-30 15:00:00,24.5,319,openmeteo
2024-10-30 16:00:00,24.1,317,openmeteo
2024-10-30 17:00:00,24.2,315,openmeteo
2024-10-30 18:00:00,22.0,315,openmeteo
2024-10-30 19:00:00,21.0,315,openmeteo
2024-10-30 20:00:00,21.4,316,openmeteo
2024-10-30 21:00:00,20.9,319,openmeteo
2024-10-30 22:00:00,21.2,322,openmeteo
2024-10-30 23:00:00,19.9,326,openmeteo
2024-10-31 00:00:00,18.9,332,openmeteo
2024-10-31 01:00:00,16.9,332,openmeteo
2024-10-31 02:00:00,16.2,334,openmeteo
2024-10-31 03:00:00,15.4,337,openmeteo
2024-10-31 04:00:00,14.5,343,openmeteo
2024-10-31 05:00:00,13.7,351,openmeteo
2024-10-31 06:00:00,12.2,352,openmeteo
2024-10-31 07:00:00,11.0,349,openmeteo
2024-10-31 08:00:00,10.7,344,openmeteo
2024-10-31 09:00:00,12.5,337,openmeteo
2024-10-31 10:00:00,14.9,335,openmeteo
2024-10-31 11:00:00,16.8,335,openmeteo
2024-10-31 12:00:00,16.9,338,openmeteo
2024-10-31 13:00:00,20.6,327,openmeteo
2024-10-31 14:00:00,20.1,324,openmeteo
2024-10-31 15:00:00,19.8,325,openmeteo
2024-10-31 16:00:00,17.2,329,openmeteo
2024-10-31 17:00:00,16.3,331,openmeteo
2024-10-31 18:00:00,15.6,334,openmeteo
2024-10-31 19:00:00,15.2,339,openmeteo
2024-10-31 20:00:00,13.1,344,openmeteo
2024-10-31 21:00:00,10.5,352,openmeteo
2024-10-31 22:00:00,8.3,358,openmeteo
2024-10-31 23:00:00,6.5,354,openmeteo
2024-11-01 00:00:00,5.1,343,openmeteo
2024-11-01 01:00:00,4.0,30,openmeteo
2024-11-01 02:00:00,3.3,61,openmeteo
2024-11-01 03:00:00,1.5,104,openmeteo
2024-11-01 04:00:00,1.5,210,openmeteo
2024-11-01 05:00:00,3.1,263,openmeteo
2024-11-01 06:00:00,6.0,286,openmeteo
2024-11-01 07:00:00,7.0,296,openmeteo
2024-11-01 08:00:00,7.9,311,openmeteo
2024-11-01 09:00:00,9.8,320,openmeteo
2024-11-01 10:00:00,11.1,328,openmeteo
2024-11-01 11:00:00,13.8,333,openmeteo
2024-11-01 12:00:00,16.1,338,openmeteo
2024-11-01 13:00:00,20.0,332,openmeteo
2024-11-01 14:00:00,21.6,338,openmeteo
2024-11-01 15:00:00,22.1,348,openmeteo
2024-11-01 16:00:00,21.6,353,openmeteo
2024-11-01 17:00:00,20.9,0,openmeteo
2024-11-01 18:00:00,18.3,5,openmeteo
2024-11-01 19:00:00,14.5,15,openmeteo
2024-11-01 20:00:00,11.7,20,openmeteo
2024-11-01 21:00:00,9.2,12,openmeteo
2024-11-01 22:00:00,8.0,9,openmeteo
2024-11-01 23:00:00,7.6,7,openmeteo
2024-11-02 00:00:00,7.0,359,openmeteo
2024-11-02 01:00:00,6.9,14,openmeteo
2024-11-02 02:00:00,6.3,5,openmeteo
2024-11-02 03:00:00,5.4,358,openmeteo
2024-11-02 04:00:00,3.7,346,openmeteo
2024-11-02 05:00:00,4.4,302,openmeteo
2024-11-02 06:00:00,6.7,289,openmeteo
2024-11-02 07:00:00,7.6,285,openmeteo
2024-11-02 08:00:00,9.1,292,openmeteo
2024-11-02 09:00:00,12.3,299,openmeteo
2024-11-02 10:00:00,15.4,299,openmeteo
2024-11-02 11:00:00,16.8,303,openmeteo
2024-11-02 12:00:00,18.6,311,openmeteo
2024-11-02 13:00:00,22.5,315,openmeteo
2024-11-02 14:00:00,22.2,320,openmeteo
2024-11-02 15:00:00,20.2,319,openmeteo
2024-11-02 16:00:00,18.8,322,openmeteo
2024-11-02 17:00:00,17.4,321,openmeteo
2024-11-02 18:00:00,17.5,323,openmeteo
2024-11-02 19:00:00,18.6,322,openmeteo
2024-11-02 20:00:00,20.1,323,openmeteo
2024-11-02 21:00:00,19.5,324,openmeteo
2024-11-02 22:00:00,18.8,326,openmeteo
2024-11-02 23:00:00,18.3,325,openmeteo
2024-11-03 00:00:00,16.7,325,openmeteo
2024-11-03 01:00:00,12.9,341,openmeteo
2024-11-03 02:00:00,9.3,347,openmeteo
2024-11-03 03:00:00,6.2,339,openmeteo
2024-11-03 04:00:00,4.9,306,openmeteo
2024-11-03 05:00:00,6.5,284,openmeteo
2024-11-03 06:00:00,8.0,276,openmeteo
2024-11-03 07:00:00,8.8,270,openmeteo
2024-11-03 08:00:00,10.5,274,openmeteo
2024-11-03 09:00:00,12.6,283,openmeteo
2024-11-03 10:00:00,15.2,291,openmeteo
2024-11-03 11:00:00,17.0,297,openmeteo
2024-11-03 12:00:00,18.4,305,openmeteo
2024-11-03 13:00:00,18.9,313,openmeteo
2024-11-03 14:00:00,16.6,319,openmeteo
2024-11-03 15:00:00,14.3,323,openmeteo
2024-11-03 16:00:00,12.3,326,openmeteo
2024-11-03 17:00:00,9.4,329,openmeteo
2024-11-03 18:00:00,6.7,326,openmeteo
2024-11-03 19:00:00,5.4,307,openmeteo
2024-11-03 20:00:00,7.1,291,openmeteo
2024-11-03 21:00:00,10.2,293,openmeteo
2024-11-03 22:00:00,11.5,299,openmeteo
2024-11-03 23:00:00,11.1,302,openmeteo
2024-11-04 00:00:00,9.3,304,openmeteo
2024-11-04 01:00:00,5.4,300,openmeteo
2024-11-04 02:00:00,5.9,301,openmeteo
2024-11-04 03:00:00,5.1,297,openmeteo
2024-11-04 04:00:00,3.8,281,openmeteo
2024-11-04 05:00:00,4.0,262,openmeteo
2024-11-04 06:00:00,4.7,254,openmeteo
2024-11-04 07:00:00,5.2,264,openmeteo
2024-11-04 08:00:00,5.6,277,openmeteo
2024-11-04 09:00:00,6.1,300,openmeteo
2024-11-04 10:00:00,7.0,310,openmeteo
2024-11-04 11:00:00,9.3,316,openmeteo
2024-11-04 12:00:00,11.1,317,openmeteo
2024-11-04 13:00:00,9.9,312,openmeteo
2024-11-04 14:00:00,9.6,311,openmeteo
2024-11-04 15:00:00,7.9,317,openmeteo
2024-11-04 16:00:00,7.5,330,openmeteo
2024-11-04 17:00:00,7.9,343,openmeteo
2024-11-04 18:00:00,7.6,335,openmeteo
2024-11-04 19:00:00,6.7,324,openmeteo
2024-11-04 20:00:00,6.5,309,openmeteo
2024-11-04 21:00:00,6.8,312,openmeteo
2024-11-04 22:00:00,6.9,315,openmeteo
2024-11-04 23:00:00,7.3,324,openmeteo
2024-11-05 00:00:00,7.7,330,openmeteo
2024-11-05 01:00:00,7.0,42,openmeteo
2024-11-05 02:00:00,5.8,68,openmeteo
2024-11-05 03:00:00,3.6,81,openmeteo
2024-11-05 04:00:00,4.2,108,openmeteo
2024-11-05 05:00:00,6.5,124,openmeteo
2024-11-05 06:00:00,8.5,128,openmeteo
2024-11-05 07:00:00,6.6,145,openmeteo
2024-11-05 08:00:00,3.6,183,openmeteo
2024-11-05 09:00:00,3.3,279,openmeteo
2024-11-05 10:00:00,6.6,311,openmeteo
2024-11-05 11:00:00,10.0,330,openmeteo
2024-11-05 12:00:00,12.6,343,openmeteo
2024-11-05 13:00:00,9.8,330,openmeteo
2024-11-05 14:00:00,13.7,344,openmeteo
2024-11-05 15:00:00,12.1,354,openmeteo
2024-11-05 16:00:00,17.3,351,openmeteo
2024-11-05 17:00:00,19.2,350,openmeteo
2024-11-05 18:00:00,19.2,347,openmeteo
2024-11-05 19:00:00,18.1,350,openmeteo
2024-11-05 20:00:00,13.2,353,openmeteo
2024-11-05 21:00:00,10.3,357,openmeteo
2024-11-05 22:00:00,10.6,3,openmeteo
2024-11-05 23:00:00,9.7,360,openmeteo
2024-11-06 00:00:00,11.3,7,openmeteo
2024-11-06 01:00:00,12.6,25,openmeteo
2024-11-06 02:00:00,11.3,29,openmeteo
2024-11-06 03:00:00,8.9,45,openmeteo
2024-11-06 04:00:00,8.0,56,openmeteo
2024-11-06 05:00:00,7.9,43,openmeteo
2024-11-06 06:00:00,7.6,28,openmeteo
2024-11-06 07:00:00,7.0,10,openmeteo
2024-11-06 08:00:00,8.0,6,openmeteo
2024-11-06 09:00:00,9.5,10,openmeteo
2024-11-06 10:00:00,10.9,7,openmeteo
2024-11-06 11:00:00,12.1,359,openmeteo
2024-11-06 12:00:00,14.3,355,openmeteo
2024-11-06 13:00:00,15.9,346,openmeteo
2024-11-06 14:00:00,17.4,347,openmeteo
2024-11-06 15:00:00,17.6,349,openmeteo
2024-11-06 16:00:00,17.2,346,openmeteo
2024-11-06 17:00:00,17.5,346,openmeteo
2024-11-06 18:00:00,17.2,342,openmeteo
2024-11-06 19:00:00,17.3,338,openmeteo
2024-11-06 20:00:00,18.4,337,openmeteo
2024-11-06 21:00:00,17.2,340,openmeteo
2024-11-06 22:00:00,14.9,351,openmeteo
2024-11-06 23:00:00,13.4,354,openmeteo
2024-11-07 00:00:00,12.7,349,openmeteo
2024-11-07 01:00:00,11.3,351,openmeteo
2024-11-07 02:00:00,10.4,340,openmeteo
2024-11-07 03:00:00,10.2,328,openmeteo
2024-11-07 04:00:00,10.0,321,openmeteo
2024-11-07 05:00:00,9.6,317,openmeteo
2024-11-07 06:00:00,9.4,320,openmeteo
2024-11-07 07:00:00,9.0,322,openmeteo
2024-11-07 08:00:00,8.3,327,openmeteo
2024-11-07 09:00:00,9.4,330,openmeteo
2024-11-07 10:00:00,11.0,330,openmeteo
2024-11-07 11:00:00,12.4,336,openmeteo
2024-11-07 12:00:00,13.1,339,openmeteo
2024-11-07 13:00:00,14.4,334,openmeteo
2024-11-07 14:00:00,14.6,330,openmeteo
2024-11-07 15:00:00,14.6,326,openmeteo
2024-11-07 16:00:00,14.5,323,openmeteo
2024-11-07 17:00:00,13.7,321,openmeteo
2024-11-07 18:00:00,14.6,320,openmeteo
2024-11-07 19:00:00,15.1,320,openmeteo
2024-11-07 20:00:00,14.7,317,openmeteo
2024-11-07 21:00:00,14.3,311,openmeteo
2024-11-07 22:00:00,15.9,307,openmeteo
2024-11-07 23:00:00,16.6,307,openmeteo
2024-11-08 00:00:00,15.6,308,openmeteo
2024-11-08 01:00:00,16.2,308,openmeteo
2024-11-08 02:00:00,15.5,313,openmeteo
2024-11-08 03:00:00,13.6,312,openmeteo
2024-11-08 04:00:00,11.6,307,openmeteo
2024-11-08 05:00:00,10.2,306,openmeteo
2024-11-08 06:00:00,9.4,300,openmeteo
2024-11-08 07:00:00,8.9,298,openmeteo
2024-11-08 08:00:00,8.9,299,openmeteo
2024-11-08 09:00:00,8.8,303,openmeteo
2024-11-08 10:00:00,9.9,307,openmeteo
2024-11-08 11:00:00,12.2,308,openmeteo
2024-11-08 12:00:00,13.1,308,openmeteo
2024-11-08 13:00:00,13.6,306,openmeteo
2024-11-08 14:00:00,15.6,306,openmeteo
2024-11-08 15:00:00,16.3,313,openmeteo
2024-11-08 16:00:00,14.5,321,openmeteo
2024-11-08 17:00:00,12.0,324,openmeteo
2024-11-08 18:00:00,10.2,319,openmeteo
2024-11-08 19:00:00,10.9,315,openmeteo
2024-11-08 20:00:00,11.5,315,openmeteo
2024-11-08 21:00:00,11.0,312,openmeteo
2024-11-08 22:00:00,9.9,307,openmeteo
2024-11-08 23:00:00,9.2,293,openmeteo
2024-11-09 00:00:00,9.6,278,openmeteo
2024-11-09 01:00:00,10.3,293,openmeteo
2024-11-09 02:00:00,9.3,288,openmeteo
2024-11-09 03:00:00,8.1,282,openmeteo
2024-11-09 04:00:00,7.8,275,openmeteo
2024-11-09 05:00:00,7.9,274,openmeteo
2024-11-09 06:00:00,7.4,271,openmeteo
2024-11-09 07:00:00,7.4,269,openmeteo
2024-11-09 08:00:00,8.3,275,openmeteo
2024-11-09 09:00:00,8.8,289,openmeteo
2024-11-09 10:00:00,9.0,307,openmeteo
2024-11-09 11:00:00,9.4,325,openmeteo
2024-11-09 12:00:00,10.0,343,openmeteo
2024-11-09 13:00:00,10.0,346,openmeteo
2024-11-09 14:00:00,6.7,346,openmeteo
2024-11-09 15:00:00,5.4,358,openmeteo
2024-11-09 16:00:00,4.4,7,openmeteo
2024-11-09 17:00:00,3.5,12,openmeteo
2024-11-09 18:00:00,4.1,337,openmeteo
2024-11-09 19:00:00,5.0,322,openmeteo
2024-11-09 20:00:00,3.2,341,openmeteo
2024-11-09 21:00:00,3.6,327,openmeteo
2024-11-09 22:00:00,4.6,334,openmeteo
2024-11-09 23:00:00,4.1,331,openmeteo
2024-11-10 00:00:00,3.3,324,openmeteo
2024-11-10 01:00:00,4.6,13,openmeteo
2024-11-10 02:00:00,3.2,27,openmeteo
2024-11-10 03:00:00,2.2,42,openmeteo
2024-11-10 04:00:00,1.1,99,openmeteo
2024-11-10 05:00:00,2.3,151,openmeteo
2024-11-10 06:00:00,4.0,175,openmeteo
2024-11-10 07:00:00,5.1,203,openmeteo
2024-11-10 08:00:00,4.9,234,openmeteo
2024-11-10 09:00:00,4.3,268,openmeteo
2024-11-10 10:00:00,4.9,298,openmeteo
2024-11-10 11:00:00,6.9,315,openmeteo
2024-11-10 12:00:00,9.3,316,openmeteo
2024-11-10 13:00:00,10.0,321,openmeteo
2024-11-10 14:00:00,9.7,332,openmeteo
2024-11-10 15:00:00,10.5,341,openmeteo
2024-11-10 16:00:00,9.4,352,openmeteo
2024-11-10 17:00:00,7.9,3,openmeteo
2024-11-10 18:00:00,6.5,354,openmeteo
2024-11-10 19:00:00,6.6,339,openmeteo
2024-11-10 20:00:00,8.1,321,openmeteo
2024-11-10 21:00:00,8.0,306,openmeteo
2024-11-10 22:00:00,7.5,310,openmeteo
2024-11-10 23:00:00,5.4,346,openmeteo
2024-11-11 00:00:00,4.5,2,openmeteo
2024-11-11 01:00:00,5.2,27,openmeteo
2024-11-11 02:00:00,4.2,31,openmeteo
2024-11-11 03:00:00,3.3,22,openmeteo
2024-11-11 04:00:00,3.0,25,openmeteo
2024-11-11 05:00:00,1.9,34,openmeteo
2024-11-11 06:00:00,1.1,351,openmeteo
2024-11-11 07:00:00,2.2,318,openmeteo
2024-11-11 08:00:00,3.3,315,openmeteo
2024-11-11 09:00:00,4.8,318,openmeteo
2024-11-11 10:00:00,6.7,329,openmeteo
2024-11-11 11:00:00,7.9,336,openmeteo
2024-11-11 12:00:00,8.3,330,openmeteo
2024-11-11 13:00:00,7.6,317,openmeteo
2024-11-11 14:00:00,7.3,329,openmeteo
2024-11-11 15:00:00,8.9,336,openmeteo
2024-11-11 16:00:00,8.0,340,openmeteo
2024-11-11 17:00:00,6.2,339,openmeteo
2024-11-11 18:00:00,6.1,330,openmeteo
2024-11-11 19:00:00,4.5,320,openmeteo
2024-11-11 20:00:00,4.2,301,openmeteo
2024-11-11 21:00:00,4.6,291,openmeteo
2024-11-11 22:00:00,5.7,288,openmeteo
2024-11-11 23:00:00,7.7,300,openmeteo
2024-11-12 00:00:00,7.3,303,openmeteo
2024-11-12 01:00:00,4.5,313,openmeteo
2024-11-12 02:00:00,4.6,321,openmeteo
2024-11-12 03:00:00,5.3,325,openmeteo
2024-11-12 04:00:00,6.8,335,openmeteo
2024-11-12 05:00:00,7.5,345,openmeteo
2024-11-12 06:00:00,6.3,355,openmeteo
2024-11-12 07:00:00,4.5,358,openmeteo
2024-11-12 08:00:00,3.6,342,openmeteo
2024-11-12 09:00:00,5.2,326,openmeteo
2024-11-12 10:00:00,7.9,330,openmeteo
2024-11-12 11:00:00,9.9,331,openmeteo
2024-11-12 12:00:00,11.9,328,openmeteo
2024-11-12 13:00:00,13.5,335,openmeteo
2024-11-12 14:00:00,14.3,332,openmeteo
2024-11-12 15:00:00,15.1,332,openmeteo
2024-11-12 16:00:00,14.6,338,openmeteo
2024-11-12 17:00:00,13.7,341,openmeteo
2024-11-12 18:00:00,13.4,336,openmeteo
2024-11-12 19:00:00,13.5,331,openmeteo
2024-11-12 20:00:00,13.2,330,openmeteo
2024-11-12 21:00:00,11.5,333,openmeteo
2024-11-12 22:00:00,9.4,328,openmeteo
2024-11-12 23:00:00,8.5,318,openmeteo
2024-11-13 00:00:00,9.1,304,openmeteo
2024-11-13 01:00:00,6.8,310,openmeteo
2024-11-13 02:00:00,6.8,287,openmeteo
2024-11-13 03:00:00,8.5,291,openmeteo
2024-11-13 04:00:00,8.2,278,openmeteo
2024-11-13 05:00:00,10.1,270,openmeteo
2024-11-13 06:00:00,11.9,252,openmeteo
2024-11-13 07:00:00,14.2,244,openmeteo
2024-11-13 08:00:00,14.3,245,openmeteo
2024-11-13 09:00:00,12.8,275,openmeteo
2024-11-13 10:00:00,17.7,313,openmeteo
2024-11-13 11:00:00,20.8,320,openmeteo
2024-11-13 12:00:00,22.2,323,openmeteo
2024-11-13 13:00:00,21.5,326,openmeteo
2024-11-13 14:00:00,21.8,326,openmeteo
2024-11-13 15:00:00,22.7,325,openmeteo
2024-11-13 16:00:00,22.2,322,openmeteo
2024-11-13 17:00:00,22.1,320,openmeteo
2024-11-13 18:00:00,21.9,316,openmeteo
2024-11-13 19:00:00,21.4,314,openmeteo
2024-11-13 20:00:00,21.9,314,openmeteo
2024-11-13 21:00:00,21.7,313,openmeteo
2024-11-13 22:00:00,22.8,311,openmeteo
2024-11-13 23:00:00,25.3,310,openmeteo
2024-11-14 00:00:00,26.8,311,openmeteo
2024-11-14 01:00:00,26.8,318,openmeteo
2024-11-14 02:00:00,28.0,320,openmeteo
2024-11-14 03:00:00,29.4,322,openmeteo
2024-11-14 04:00:00,28.4,324,openmeteo
2024-11-14 05:00:00,26.7,326,openmeteo
2024-11-14 06:00:00,24.0,326,openmeteo
2024-11-14 07:00:00,23.4,325,openmeteo
2024-11-14 08:00:00,23.6,325,openmeteo
2024-11-14 09:00:00,23.4,324,openmeteo
2024-11-14 10:00:00,23.3,324,openmeteo
2024-11-14 11:00:00,24.0,326,openmeteo
2024-11-14 12:00:00,24.3,325,openmeteo
2024-11-14 13:00:00,26.1,324,openmeteo
2024-11-14 14:00:00,28.6,326,openmeteo
2024-11-14 15:00:00,30.2,330,openmeteo
2024-11-14 16:00:00,29.2,331,openmeteo
2024-11-14 17:00:00,28.7,331,openmeteo
2024-11-14 18:00:00,29.4,330,openmeteo
2024-11-14 19:00:00,29.6,330,openmeteo
2024-11-14 20:00:00,28.8,331,openmeteo
2024-11-14 21:00:00,28.7,328,openmeteo
2024-11-14 22:00:00,28.0,327,openmeteo
2024-11-14 23:00:00,26.9,325,openmeteo
2024-11-15 00:00:00,26.8,324,openmeteo
2024-11-15 01:00:00,24.5,322,openmeteo
2024-11-15 02:00:00,24.7,323,openmeteo
2024-11-15 03:00:00,24.9,324,openmeteo
2024-11-15 04:00:00,25.3,326,openmeteo
2024-11-15 05:00:00,24.0,326,openmeteo
2024-11-15 06:00:00,23.1,325,openmeteo
2024-11-15 07:00:00,22.7,322,openmeteo
2024-11-15 08:00:00,22.5,319,openmeteo
2024-11-15 09:00:00,22.1,319,openmeteo
2024-11-15 10:00:00,22.6,320,openmeteo
2024-11-15 11:00:00,23.7,324,openmeteo
2024-11-15 12:00:00,24.6,327,openmeteo
2024-11-15 13:00:00,24.9,329,openmeteo
2024-11-15 14:00:00,26.7,330,openmeteo
2024-11-15 15:00:00,26.4,331,openmeteo
2024-11-15 16:00:00,25.9,330,openmeteo
2024-11-15 17:00:00,25.3,327,openmeteo
2024-11-15 18:00:00,24.6,326,openmeteo
2024-11-15 19:00:00,23.1,323,openmeteo
2024-11-15 20:00:00,22.9,321,openmeteo
2024-11-15 21:00:00,23.3,320,openmeteo
2024-11-15 22:00:00,23.8,320,openmeteo
2024-11-15 23:00:00,23.2,318,openmeteo
2024-11-16 00:00:00,22.4,315,openmeteo
2024-11-16 01:00:00,21.3,317,openmeteo
2024-11-16 02:00:00,20.6,316,openmeteo
2024-11-16 03:00:00,20.1,314,openmeteo
2024-11-16 04:00:00,19.9,311,openmeteo
2024-11-16 05:00:00,19.0,308,openmeteo
2024-11-16 06:00:00,18.8,300,openmeteo
2024-11-16 07:00:00,20.3,296,openmeteo
2024-11-16 08:00:00,22.1,296,openmeteo
2024-11-16 09:00:00,24.1,297,openmeteo
2024-11-16 10:00:00,25.8,300,openmeteo
2024-11-16 11:00:00,26.5,303,openmeteo
2024-11-16 12:00:00,27.4,305,openmeteo
2024-11-16 13:00:00,26.7,305,openmeteo
2024-11-16 14:00:00,27.5,308,openmeteo
2024-11-16 15:00:00,28.2,311,openmeteo
2024-11-16 16:00:00,28.7,311,openmeteo
2024-11-16 17:00:00,28.9,313,openmeteo
2024-11-16 18:00:00,28.7,313,openmeteo
2024-11-16 19:00:00,28.5,314,openmeteo
2024-11-16 20:00:00,28.2,313,openmeteo
2024-11-16 21:00:00,27.3,310,openmeteo
2024-11-16 22:00:00,26.2,307,openmeteo
2024-11-16 23:00:00,25.6,303,openmeteo
2024-11-17 00:00:00,25.1,299,openmeteo
2024-11-17 01:00:00,23.5,307,openmeteo
2024-11-17 02:00:00,23.1,304,openmeteo
2024-11-17 03:00:00,23.2,300,openmeteo
2024-11-17 04:00:00,24.1,296,openmeteo
2024-11-17 05:00:00,24.8,297,openmeteo
2024-11-17 06:00:00,26.1,300,openmeteo
2024-11-17 07:00:00,27.4,301,openmeteo
2024-11-17 08:00:00,28.3,304,openmeteo
2024-11-17 09:00:00,29.7,308,openmeteo
2024-11-17 10:00:00,30.2,309,openmeteo
2024-11-17 11:00:00,29.8,310,openmeteo
2024-11-17 12:00:00,29.3,313,openmeteo
2024-11-17 13:00:00,28.5,318,openmeteo
2024-11-17 14:00:00,27.4,317,openmeteo
2024-11-17 15:00:00,25.9,319,openmeteo
2024-11-17 16:00:00,23.4,324,openmeteo
2024-11-17 17:00:00,21.3,332,openmeteo
2024-11-17 18:00:00,20.0,337,openmeteo
2024-11-17 19:00:00,19.3,339,openmeteo
2024-11-17 20:00:00,19.0,338,openmeteo
2024-11-17 21:00:00,17.8,338,openmeteo
2024-11-17 22:00:00,15.9,338,openmeteo
2024-11-17 23:00:00,13.9,340,openmeteo
2024-11-18 00:00:00,12.1,342,openmeteo
2024-11-18 01:00:00,11.1,348,openmeteo
2024-11-18 02:00:00,9.0,348,openmeteo
2024-11-18 03:00:00,7.2,347,openmeteo
2024-11-18 04:00:00,6.9,329,openmeteo
2024-11-18 05:00:00,9.9,291,openmeteo
2024-11-18 06:00:00,16.7,270,openmeteo
2024-11-18 07:00:00,21.4,271,openmeteo
2024-11-18 08:00:00,20.3,281,openmeteo
2024-11-18 09:00:00,18.6,286,openmeteo
2024-11-18 10:00:00,17.5,294,openmeteo
2024-11-18 11:00:00,17.5,302,openmeteo
2024-11-18 12:00:00,16.6,309,openmeteo
2024-11-18 13:00:00,17.0,311,openmeteo
2024-11-18 14:00:00,15.5,315,openmeteo
2024-11-18 15:00:00,14.3,324,openmeteo
2024-11-18 16:00:00,13.4,336,openmeteo
2024-11-18 17:00:00,12.6,343,openmeteo
2024-11-18 18:00:00,11.3,343,openmeteo
2024-11-18 19:00:00,10.1,350,openmeteo
2024-11-18 20:00:00,9.4,349,openmeteo
2024-11-18 21:00:00,7.1,351,openmeteo
2024-11-18 22:00:00,4.3,360,openmeteo
2024-11-18 23:00:00,3.6,354,openmeteo
2024-11-19 00:00:00,3.8,11,openmeteo
2024-11-19 01:00:00,3.8,73,openmeteo
2024-11-19 02:00:00,3.4,72,openmeteo
2024-11-19 03:00:00,4.2,72,openmeteo
2024-11-19 04:00:00,8.3,120,openmeteo
2024-11-19 05:00:00,13.2,143,openmeteo
2024-11-19 06:00:00,12.2,160,openmeteo
2024-11-19 07:00:00,7.2,176,openmeteo
2024-11-19 08:00:00,2.7,184,openmeteo
2024-11-19 09:00:00,0.5,315,openmeteo
2024-11-19 10:00:00,3.6,360,openmeteo
2024-11-19 11:00:00,6.3,15,openmeteo
2024-11-19 12:00:00,6.9,9,openmeteo
2024-11-19 13:00:00,7.9,347,openmeteo
2024-11-19 14:00:00,11.9,350,openmeteo
2024-11-19 15:00:00,12.1,354,openmeteo
2024-11-19 16:00:00,15.3,344,openmeteo
2024-11-19 17:00:00,13.4,353,openmeteo
2024-11-19 18:00:00,13.8,345,openmeteo
2024-11-19 19:00:00,12.9,347,openmeteo
2024-11-19 20:00:00,10.6,358,openmeteo
2024-11-19 21:00:00,11.0,357,openmeteo
2024-11-19 22:00:00,8.7,8,openmeteo
2024-11-19 23:00:00,5.5,23,openmeteo
2024-11-20 00:00:00,5.5,44,openmeteo
2024-11-20 01:00:00,6.0,46,openmeteo
2024-11-20 02:00:00,5.4,50,openmeteo
2024-11-20 03:00:00,4.5,56,openmeteo
2024-11-20 04:00:00,3.7,79,openmeteo
2024-11-20 05:00:00,5.4,132,openmeteo
2024-11-20 06:00:00,9.6,160,openmeteo
2024-11-20 07:00:00,9.2,168,openmeteo
2024-11-20 08:00:00,4.6,171,openmeteo
2024-11-20 09:00:00,0.6,214,openmeteo
2024-11-20 10:00:00,2.8,320,openmeteo
2024-11-20 11:00:00,5.6,320,openmeteo
2024-11-20 12:00:00,8.1,321,openmeteo
2024-11-20 13:00:00,11.9,342,openmeteo
2024-11-20 14:00:00,11.9,345,openmeteo
2024-11-20 15:00:00,12.7,354,openmeteo
2024-11-20 16:00:00,10.3,357,openmeteo
2024-11-20 17:00:00,10.8,3,openmeteo
2024-11-20 18:00:00,9.0,5,openmeteo
2024-11-20 19:00:00,7.1,15,openmeteo
2024-11-20 20:00:00,5.4,21,openmeteo
2024-11-20 21:00:00,5.5,17,openmeteo
2024-11-20 22:00:00,5.9,20,openmeteo
2024-11-20 23:00:00,4.6,31,openmeteo
2024-11-21 00:00:00,3.8,49,openmeteo
2024-11-21 01:00:00,3.6,72,openmeteo
2024-11-21 02:00:00,2.8,105,openmeteo
2024-11-21 03:00:00,4.5,143,openmeteo
2024-11-21 04:00:00,7.9,159,openmeteo
2024-11-21 05:00:00,11.7,167,openmeteo
2024-11-21 06:00:00,11.6,174,openmeteo
2024-11-21 07:00:00,8.2,188,openmeteo
2024-11-21 08:00:00,5.2,214,openmeteo
2024-11-21 09:00:00,4.0,252,openmeteo
2024-11-21 10:00:00,4.6,288,openmeteo
2024-11-21 11:00:00,4.9,306,openmeteo
2024-11-21 12:00:00,6.1,317,openmeteo
2024-11-21 13:00:00,9.0,327,openmeteo
2024-11-21 14:00:00,10.9,336,openmeteo
2024-11-21 15:00:00,10.8,339,openmeteo
2024-11-21 16:00:00,9.8,337,openmeteo
2024-11-21 17:00:00,13.5,335,openmeteo
2024-11-21 18:00:00,16.7,335,openmeteo
2024-11-21 19:00:00,16.5,336,openmeteo
2024-11-21 20:00:00,16.0,337,openmeteo
2024-11-21 21:00:00,15.9,333,openmeteo
2024-11-21 22:00:00,14.2,328,openmeteo
2024-11-21 23:00:00,13.2,321,openmeteo
2024-11-22 00:00:00,13.1,317,openmeteo
2024-11-22 01:00:00,10.8,334,openmeteo
2024-11-22 02:00:00,9.2,325,openmeteo
2024-11-22 03:00:00,7.3,312,openmeteo
2024-11-22 04:00:00,6.3,290,openmeteo
2024-11-22 05:00:00,7.3,281,openmeteo
2024-11-22 06:00:00,8.8,281,openmeteo
2024-11-22 07:00:00,10.8,281,openmeteo
2024-11-22 08:00:00,13.3,283,openmeteo
2024-11-22 09:00:00,14.7,290,openmeteo
2024-11-22 10:00:00,17.7,311,openmeteo
2024-11-22 11:00:00,22.7,322,openmeteo
2024-11-22 12:00:00,25.4,324,openmeteo
2024-11-22 13:00:00,24.4,325,openmeteo
2024-11-22 14:00:00,25.2,330,openmeteo
2024-11-22 15:00:00,24.7,331,openmeteo
2024-11-22 16:00:00,23.6,331,openmeteo
2024-11-22 17:00:00,22.7,331,openmeteo
2024-11-22 18:00:00,21.7,332,openmeteo
2024-11-22 19:00:00,20.4,334,openmeteo
2024-11-22 20:00:00,18.4,332,openmeteo
2024-11-22 21:00:00,17.4,328,openmeteo
2024-11-22 22:00:00,17.6,325,openmeteo
2024-11-22 23:00:00,18.1,327,openmeteo
2024-11-23 00:00:00,18.6,328,openmeteo
2024-11-23 01:00:00,17.0,336,openmeteo
2024-11-23 02:00:00,16.5,338,openmeteo
2024-11-23 03:00:00,16.8,343,openmeteo
2024-11-23 04:00:00,17.6,346,openmeteo
2024-11-23 05:00:00,18.9,345,openmeteo
2024-11-23 06:00:00,19.3,342,openmeteo
2024-11-23 07:00:00,20.3,340,openmeteo
2024-11-23 08:00:00,21.3,338,openmeteo
2024-11-23 09:00:00,23.3,335,openmeteo
2024-11-23 10:00:00,26.1,329,openmeteo
2024-11-23 11:00:00,28.0,329,openmeteo
2024-11-23 12:00:00,28.4,331,openmeteo
2024-11-23 13:00:00,26.5,329,openmeteo
2024-11-23 14:00:00,24.8,326,openmeteo
2024-11-23 15:00:00,24.0,323,openmeteo
2024-11-23 16:00:00,23.1,323,openmeteo
2024-11-23 17:00:00,22.5,321,openmeteo
2024-11-23 18:00:00,22.3,322,openmeteo
2024-11-23 19:00:00,21.3,317,openmeteo
2024-11-23 20:00:00,22.4,315,openmeteo
2024-11-23 21:00:00,24.8,313,openmeteo
2024-11-23 22:00:00,26.4,312,openmeteo
2024-11-23 23:00:00,26.3,315,openmeteo
2024-11-24 00:00:00,28.5,319,openmeteo
2024-11-24 01:00:00,25.3,320,openmeteo
2024-11-24 02:00:00,23.4,316,openmeteo
2024-11-24 03:00:00,22.9,318,openmeteo
2024-11-24 04:00:00,21.1,314,openmeteo
2024-11-24 05:00:00,19.9,308,openmeteo
2024-11-24 06:00:00,19.6,304,openmeteo
2024-11-24 07:00:00,19.8,305,openmeteo
2024-11-24 08:00:00,19.9,305,openmeteo
2024-11-24 09:00:00,20.5,308,openmeteo
2024-11-24 10:00:00,20.9,312,openmeteo
2024-11-24 11:00:00,21.4,318,openmeteo
2024-11-24 12:00:00,21.9,324,openmeteo
2024-11-24 13:00:00,21.2,327,openmeteo
2024-11-24 14:00:00,20.5,328,openmeteo
2024-11-24 15:00:00,19.4,329,openmeteo
2024-11-24 16:00:00,18.0,332,openmeteo
2024-11-24 17:00:00,15.6,336,openmeteo
2024-11-24 18:00:00,11.9,330,openmeteo
2024-11-24 19:00:00,8.9,320,openmeteo
2024-11-24 20:00:00,7.6,317,openmeteo
2024-11-24 21:00:00,7.8,326,openmeteo
2024-11-24 22:00:00,5.6,331,openmeteo
2024-11-24 23:00:00,2.3,288,openmeteo
2024-11-25 00:00:00,2.9,270,openmeteo
2024-11-25 01:00:00,2.9,338,openmeteo
2024-11-25 02:00:00,4.6,329,openmeteo
2024-11-25 03:00:00,6.3,357,openmeteo
2024-11-25 04:00:00,9.1,7,openmeteo
2024-11-25 05:00:00,5.4,4,openmeteo
2024-11-25 06:00:00,3.2,34,openmeteo
2024-11-25 07:00:00,1.4,113,openmeteo
2024-11-25 08:00:00,0.6,72,openmeteo
2024-11-25 09:00:00,0.3,315,openmeteo
2024-11-25 10:00:00,3.8,315,openmeteo
2024-11-25 11:00:00,6.9,353,openmeteo
2024-11-25 12:00:00,9.1,14,openmeteo
2024-11-25 13:00:00,11.0,6,openmeteo
2024-11-25 14:00:00,11.4,16,openmeteo
2024-11-25 15:00:00,10.3,27,openmeteo
2024-11-25 16:00:00,9.3,32,openmeteo
2024-11-25 17:00:00,9.6,43,openmeteo
2024-11-25 18:00:00,10.2,46,openmeteo
2024-11-25 19:00:00,9.6,49,openmeteo
2024-11-25 20:00:00,11.8,77,openmeteo
2024-11-25 21:00:00,11.7,90,openmeteo
2024-11-25 22:00:00,10.2,97,openmeteo
2024-11-25 23:00:00,8.4,101,openmeteo
2024-11-26 00:00:00,6.3,114,openmeteo
2024-11-26 01:00:00,3.1,144,openmeteo
2024-11-26 02:00:00,3.3,135,openmeteo
2024-11-26 03:00:00,6.5,120,openmeteo
2024-11-26 04:00:00,10.1,133,openmeteo
2024-11-26 05:00:00,10.0,141,openmeteo
2024-11-26 06:00:00,7.8,136,openmeteo
2024-11-26 07:00:00,8.3,120,openmeteo
2024-11-26 08:00:00,7.0,108,openmeteo
2024-11-26 09:00:00,4.9,90,openmeteo
2024-11-26 10:00:00,4.8,37,openmeteo
2024-11-26 11:00:00,6.9,23,openmeteo
2024-11-26 12:00:00,8.1,18,openmeteo
2024-11-26 13:00:00,10.0,15,openmeteo
2024-11-26 14:00:00,11.1,16,openmeteo
2024-11-26 15:00:00,12.0,28,openmeteo
2024-11-26 16:00:00,12.6,38,openmeteo
2024-11-26 17:00:00,13.2,43,openmeteo
2024-11-26 18:00:00,12.4,57,openmeteo
2024-11-26 19:00:00,12.3,75,openmeteo
2024-11-26 20:00:00,11.7,85,openmeteo
2024-11-26 21:00:00,11.3,91,openmeteo
2024-11-26 22:00:00,11.2,128,openmeteo
2024-11-26 23:00:00,11.4,153,openmeteo
2024-11-27 00:00:00,10.4,165,openmeteo
2024-11-27 01:00:00,9.2,174,openmeteo
2024-11-27 02:00:00,10.7,168,openmeteo
2024-11-27 03:00:00,10.6,171,openmeteo
2024-11-27 04:00:00,11.0,178,openmeteo
2024-11-27 05:00:00,10.5,185,openmeteo
2024-11-27 06:00:00,8.7,197,openmeteo
2024-11-27 07:00:00,7.6,218,openmeteo
2024-11-27 08:00:00,7.5,243,openmeteo
2024-11-27 09:00:00,7.3,261,openmeteo
2024-11-27 10:00:00,6.1,275,openmeteo
2024-11-27 11:00:00,5.9,325,openmeteo
2024-11-27 12:00:00,8.8,360,openmeteo
2024-11-27 13:00:00,9.9,359,openmeteo
2024-11-27 14:00:00,15.2,11,openmeteo
2024-11-27 15:00:00,14.4,12,openmeteo
2024-11-27 16:00:00,16.5,10,openmeteo
2024-11-27 17:00:00,14.8,10,openmeteo
2024-11-27 18:00:00,14.1,7,openmeteo
2024-11-27 19:00:00,12.1,11,openmeteo
2024-11-27 20:00:00,9.6,21,openmeteo
2024-11-27 21:00:00,6.2,33,openmeteo
2024-11-27 22:00:00,5.3,55,openmeteo
2024-11-27 23:00:00,4.6,99,openmeteo
2024-11-28 00:00:00,6.7,149,openmeteo
2024-11-28 01:00:00,6.7,149,openmeteo
2024-11-28 02:00:00,8.7,162,openmeteo
2024-11-28 03:00:00,11.1,166,openmeteo
2024-11-28 04:00:00,12.2,172,openmeteo
2024-11-28 05:00:00,7.7,245,openmeteo
2024-11-28 06:00:00,24.1,334,openmeteo
2024-11-28 07:00:00,19.2,334,openmeteo
2024-11-28 08:00:00,23.9,336,openmeteo
2024-11-28 09:00:00,24.9,339,openmeteo
2024-11-28 10:00:00,22.8,335,openmeteo
2024-11-28 11:00:00,25.4,334,openmeteo
2024-11-28 12:00:00,28.3,333,openmeteo
2024-11-28 13:00:00,30.1,331,openmeteo
2024-11-28 14:00:00,31.8,333,openmeteo
2024-11-28 15:00:00,33.6,328,openmeteo
2024-11-28 16:00:00,38.5,326,openmeteo
2024-11-28 17:00:00,38.4,325,openmeteo
2024-11-28 18:00:00,34.4,326,openmeteo
2024-11-28 19:00:00,38.7,324,openmeteo
2024-11-28 20:00:00,36.4,321,openmeteo
2024-11-28 21:00:00,35.2,318,openmeteo
2024-11-28 22:00:00,35.4,317,openmeteo
2024-11-28 23:00:00,37.4,319,openmeteo
2024-11-29 00:00:00,36.9,320,openmeteo
2024-11-29 01:00:00,35.6,321,openmeteo
2024-11-29 02:00:00,35.1,321,openmeteo
2024-11-29 03:00:00,34.0,321,openmeteo
2024-11-29 04:00:00,33.4,320,openmeteo
2024-11-29 05:00:00,31.8,319,openmeteo
2024-11-29 06:00:00,30.6,318,openmeteo
2024-11-29 07:00:00,31.3,316,openmeteo
2024-11-29 08:00:00,33.5,315,openmeteo
2024-11-29 09:00:00,34.6,315,openmeteo
2024-11-29 10:00:00,34.7,315,openmeteo
2024-11-29 11:00:00,34.1,315,openmeteo
2024-11-29 12:00:00,34.6,317,openmeteo
2024-11-29 13:00:00,33.1,315,openmeteo
2024-11-29 14:00:00,34.2,314,openmeteo
2024-11-29 15:00:00,34.5,314,openmeteo
2024-11-29 16:00:00,35.1,314,openmeteo
2024-11-29 17:00:00,35.7,313,openmeteo
2024-11-29 18:00:00,35.1,311,openmeteo
2024-11-29 19:00:00,35.1,309,openmeteo
2024-11-29 20:00:00,34.0,307,openmeteo
2024-11-29 21:00:00,33.3,308,openmeteo
2024-11-29 22:00:00,33.6,311,openmeteo
2024-11-29 23:00:00,34.1,314,openmeteo
2024-11-30 00:00:00,34.9,317,openmeteo
2024-11-30 01:00:00,34.2,321,openmeteo
2024-11-30 02:00:00,32.8,320,openmeteo
2024-11-30 03:00:00,32.0,317,openmeteo
2024-11-30 04:00:00,31.7,314,openmeteo
2024-11-30 05:00:00,31.1,312,openmeteo
2024-11-30 06:00:00,29.3,309,openmeteo
2024-11-30 07:00:00,29.9,306,openmeteo
2024-11-30 08:00:00,31.4,305,openmeteo
2024-11-30 09:00:00,33.7,305,openmeteo
2024-11-30 10:00:00,34.0,307,openmeteo
2024-11-30 11:00:00,35.4,309,openmeteo
2024-11-30 12:00:00,36.5,311,openmeteo
2024-11-30 13:00:00,36.9,310,openmeteo
2024-11-30 14:00:00,37.0,311,openmeteo
2024-11-30 15:00:00,36.4,311,openmeteo
2024-11-30 16:00:00,35.9,310,openmeteo
2024-11-30 17:00:00,35.4,308,openmeteo
2024-11-30 18:00:00,35.3,308,openmeteo
2024-11-30 19:00:00,34.4,308,openmeteo
2024-11-30 20:00:00,35.1,308,openmeteo
2024-11-30 21:00:00,36.1,309,openmeteo
2024-11-30 22:00:00,36.2,309,openmeteo
2024-11-30 23:00:00,36.6,310,openmeteo
2024-12-01 00:00:00,39.0,312,openmeteo
2024-12-01 01:00:00,38.2,314,openmeteo
2024-12-01 02:00:00,38.3,314,openmeteo
2024-12-01 03:00:00,37.7,315,openmeteo
2024-12-01 04:00:00,36.2,313,openmeteo
2024-12-01 05:00:00,35.1,311,openmeteo
2024-12-01 06:00:00,34.6,310,openmeteo
2024-12-01 07:00:00,35.6,309,openmeteo
2024-12-01 08:00:00,36.0,308,openmeteo
2024-12-01 09:00:00,37.7,310,openmeteo
2024-12-01 10:00:00,37.0,314,openmeteo
2024-12-01 11:00:00,37.4,317,openmeteo
2024-12-01 12:00:00,35.9,318,openmeteo
2024-12-01 13:00:00,35.8,314,openmeteo
2024-12-01 14:00:00,35.4,314,openmeteo
2024-12-01 15:00:00,34.8,313,openmeteo
2024-12-01 16:00:00,34.7,312,openmeteo
2024-12-01 17:00:00,35.4,312,openmeteo
2024-12-01 18:00:00,36.5,311,openmeteo
2024-12-01 19:00:00,35.8,311,openmeteo
2024-12-01 20:00:00,36.3,312,openmeteo
2024-12-01 21:00:00,36.9,314,openmeteo
2024-12-01 22:00:00,36.3,315,openmeteo
2024-12-01 23:00:00,35.5,315,openmeteo
2024-12-02 00:00:00,34.4,315,openmeteo
2024-12-02 01:00:00,34.0,317,openmeteo
2024-12-02 02:00:00,33.2,317,openmeteo
2024-12-02 03:00:00,33.2,319,openmeteo
2024-12-02 04:00:00,31.4,320,openmeteo
2024-12-02 05:00:00,29.3,318,openmeteo
2024-12-02 06:00:00,28.4,318,openmeteo
2024-12-02 07:00:00,28.2,317,openmeteo
2024-12-02 08:00:00,28.3,319,openmeteo
2024-12-02 09:00:00,27.9,321,openmeteo
2024-12-02 10:00:00,27.7,322,openmeteo
2024-12-02 11:00:00,26.7,322,openmeteo
2024-12-02 12:00:00,26.7,325,openmeteo
2024-12-02 13:00:00,26.9,324,openmeteo
2024-12-02 14:00:00,28.5,327,openmeteo
2024-12-02 15:00:00,29.0,329,openmeteo
2024-12-02 16:00:00,27.9,331,openmeteo
2024-12-02 17:00:00,25.8,329,openmeteo
2024-12-02 18:00:00,23.6,328,openmeteo
2024-12-02 19:00:00,20.9,327,openmeteo
2024-12-02 20:00:00,18.5,324,openmeteo
2024-12-02 21:00:00,18.0,316,openmeteo
2024-12-02 22:00:00,19.7,315,openmeteo
2024-12-02 23:00:00,21.8,317,openmeteo
2024-12-03 00:00:00,23.7,315,openmeteo
2024-12-03 01:00:00,28.2,318,openmeteo
2024-12-03 02:00:00,28.4,316,openmeteo
2024-12-03 03:00:00,27.0,321,openmeteo
2024-12-03 04:00:00,24.2,325,openmeteo
2024-12-03 05:00:00,22.7,328,openmeteo
2024-12-03 06:00:00,19.4,338,openmeteo
2024-12-03 07:00:00,17.6,346,openmeteo
2024-12-03 08:00:00,17.5,341,openmeteo
2024-12-03 09:00:00,16.2,333,openmeteo
2024-12-03 10:00:00,14.4,338,openmeteo
2024-12-03 11:00:00,16.0,330,openmeteo
2024-12-03 12:00:00,19.3,323,openmeteo
2024-12-03 13:00:00,14.1,21,openmeteo
2024-12-03 14:00:00,14.9,15,openmeteo
2024-12-03 15:00:00,16.5,25,openmeteo
2024-12-03 16:00:00,14.8,36,openmeteo
2024-12-03 17:00:00,13.2,47,openmeteo
2024-12-03 18:00:00,14.5,62,openmeteo
2024-12-03 19:00:00,13.4,58,openmeteo
2024-12-03 20:00:00,12.2,37,openmeteo
2024-12-03 21:00:00,12.5,23,openmeteo
2024-12-03 22:00:00,11.3,17,openmeteo
2024-12-03 23:00:00,9.7,359,openmeteo
2024-12-04 00:00:00,9.7,349,openmeteo
2024-12-04 01:00:00,14.8,16,openmeteo
2024-12-04 02:00:00,15.2,11,openmeteo
2024-12-04 03:00:00,14.3,6,openmeteo
2024-12-04 04:00:00,12.5,5,openmeteo
2024-12-04 05:00:00,11.2,3,openmeteo
2024-12-04 06:00:00,10.3,357,openmeteo
2024-12-04 07:00:00,9.3,352,openmeteo
2024-12-04 08:00:00,12.4,347,openmeteo
2024-12-04 09:00:00,12.6,347,openmeteo
2024-12-04 10:00:00,13.8,346,openmeteo
2024-12-04 11:00:00,14.0,348,openmeteo
2024-12-04 12:00:00,13.4,355,openmeteo
2024-12-04 13:00:00,15.1,348,openmeteo
2024-12-04 14:00:00,16.5,346,openmeteo
2024-12-04 15:00:00,18.2,340,openmeteo
2024-12-04 16:00:00,18.2,340,openmeteo
2024-12-04 17:00:00,16.3,341,openmeteo
2024-12-04 18:00:00,14.6,344,openmeteo
2024-12-04 19:00:00,14.1,345,openmeteo
2024-12-04 20:00:00,14.0,340,openmeteo
2024-12-04 21:00:00,13.9,335,openmeteo
2024-12-04 22:00:00,13.7,335,openmeteo
2024-12-04 23:00:00,13.4,336,openmeteo
2024-12-05 00:00:00,12.4,338,openmeteo
2024-12-05 01:00:00,12.8,336,openmeteo
2024-12-05 02:00:00,14.5,338,openmeteo
2024-12-05 03:00:00,16.0,339,openmeteo
2024-12-05 04:00:00,16.3,340,openmeteo
2024-12-05 05:00:00,15.3,342,openmeteo
2024-12-05 06:00:00,13.6,345,openmeteo
2024-12-05 07:00:00,13.9,343,openmeteo
2024-12-05 08:00:00,14.7,343,openmeteo
2024-12-05 09:00:00,15.3,343,openmeteo
2024-12-05 10:00:00,16.0,343,openmeteo
2024-12-05 11:00:00,16.7,343,openmeteo
2024-12-05 12:00:00,17.8,344,openmeteo
2024-12-05 13:00:00,18.0,342,openmeteo
2024-12-05 14:00:00,17.9,341,openmeteo
2024-12-05 15:00:00,16.4,343,openmeteo
2024-12-05 16:00:00,15.3,342,openmeteo
2024-12-05 17:00:00,14.5,340,openmeteo
2024-12-05 18:00:00,14.2,338,openmeteo
2024-12-05 19:00:00,13.9,337,openmeteo
2024-12-05 20:00:00,13.2,336,openmeteo
2024-12-05 21:00:00,14.2,334,openmeteo
2024-12-05 22:00:00,14.7,335,openmeteo
2024-12-05 23:00:00,13.9,333,openmeteo
2024-12-06 00:00:00,13.2,332,openmeteo
2024-12-06 01:00:00,16.2,339,openmeteo
2024-12-06 02:00:00,17.8,342,openmeteo
2024-12-06 03:00:00,16.0,345,openmeteo
2024-12-06 04:00:00,16.5,347,openmeteo
2024-12-06 05:00:00,17.7,350,openmeteo
2024-12-06 06:00:00,16.4,359,openmeteo
2024-12-06 07:00:00,15.8,1,openmeteo
2024-12-06 08:00:00,17.3,357,openmeteo
2024-12-06 09:00:00,20.3,349,openmeteo
2024-12-06 10:00:00,22.4,343,openmeteo
2024-12-06 11:00:00,22.9,341,openmeteo
2024-12-06 12:00:00,21.3,337,openmeteo
2024-12-06 13:00:00,21.1,330,openmeteo
2024-12-06 14:00:00,20.5,325,openmeteo
2024-12-06 15:00:00,18.9,317,openmeteo
2024-12-06 16:00:00,19.5,313,openmeteo
2024-12-06 17:00:00,21.5,313,openmeteo
2024-12-06 18:00:00,21.8,315,openmeteo
2024-12-06 19:00:00,20.9,314,openmeteo
2024-12-06 20:00:00,21.0,313,openmeteo
2024-12-06 21:00:00,22.0,312,openmeteo
2024-12-06 22:00:00,23.1,312,openmeteo
2024-12-06 23:00:00,24.2,316,openmeteo
2024-12-07 00:00:00,24.7,319,openmeteo
2024-12-07 01:00:00,24.2,321,openmeteo
2024-12-07 02:00:00,24.9,319,openmeteo
2024-12-07 03:00:00,26.3,321,openmeteo
2024-12-07 04:00:00,26.8,322,openmeteo
2024-12-07 05:00:00,27.7,322,openmeteo
2024-12-07 06:00:00,28.3,322,openmeteo
2024-12-07 07:00:00,29.1,322,openmeteo
2024-12-07 08:00:00,29.1,324,openmeteo
2024-12-07 09:00:00,28.4,326,openmeteo
2024-12-07 10:00:00,28.8,331,openmeteo
2024-12-07 11:00:00,29.4,332,openmeteo
2024-12-07 12:00:00,30.2,333,openmeteo
2024-12-07 13:00:00,30.4,331,openmeteo
2024-12-07 14:00:00,31.4,332,openmeteo
2024-12-07 15:00:00,32.0,333,openmeteo
2024-12-07 16:00:00,32.1,334,openmeteo
2024-12-07 17:00:00,30.7,335,openmeteo
2024-12-07 18:00:00,28.0,336,openmeteo
2024-12-07 19:00:00,25.9,337,openmeteo
2024-12-07 20:00:00,23.5,336,openmeteo
2024-12-07 21:00:00,21.7,334,openmeteo
2024-12-07 22:00:00,20.1,335,openmeteo
2024-12-07 23:00:00,18.6,337,openmeteo
2024-12-08 00:00:00,18.2,340,openmeteo
2024-12-08 01:00:00,18.9,349,openmeteo
2024-12-08 02:00:00,18.2,358,openmeteo
2024-12-08 03:00:00,16.6,6,openmeteo
2024-12-08 04:00:00,15.7,16,openmeteo
2024-12-08 05:00:00,14.6,21,openmeteo
2024-12-08 06:00:00,13.9,25,openmeteo
2024-12-08 07:00:00,13.8,17,openmeteo
2024-12-08 08:00:00,13.2,34,openmeteo
2024-12-08 09:00:00,15.3,70,openmeteo
2024-12-08 10:00:00,14.7,65,openmeteo
2024-12-08 11:00:00,14.2,36,openmeteo
2024-12-08 12:00:00,16.3,19,openmeteo
2024-12-08 13:00:00,14.3,23,openmeteo
2024-12-08 14:00:00,14.7,6,openmeteo
2024-12-08 15:00:00,14.2,358,openmeteo
2024-12-08 16:00:00,14.2,359,openmeteo
2024-12-08 17:00:00,14.8,6,openmeteo
2024-12-08 18:00:00,14.7,20,openmeteo
2024-12-08 19:00:00,14.5,30,openmeteo
2024-12-08 20:00:00,15.1,39,openmeteo
2024-12-08 21:00:00,14.4,58,openmeteo
2024-12-08 22:00:00,14.6,72,openmeteo
2024-12-08 23:00:00,13.6,79,openmeteo
2024-12-09 00:00:00,11.2,75,openmeteo
2024-12-09 01:00:00,13.2,55,openmeteo
2024-12-09 02:00:00,13.4,51,openmeteo
2024-12-09 03:00:00,13.5,61,openmeteo
2024-12-09 04:00:00,15.6,74,openmeteo
2024-12-09 05:00:00,15.9,75,openmeteo
2024-12-09 06:00:00,15.2,68,openmeteo
2024-12-09 07:00:00,14.3,59,openmeteo
2024-12-09 08:00:00,12.3,56,openmeteo
2024-12-09 09:00:00,11.1,51,openmeteo
2024-12-09 10:00:00,12.0,36,openmeteo
2024-12-09 11:00:00,14.6,21,openmeteo
2024-12-09 12:00:00,16.5,16,openmeteo
2024-12-09 13:00:00,15.6,8,openmeteo
2024-12-09 14:00:00,13.7,359,openmeteo
2024-12-09 15:00:00,13.4,356,openmeteo
2024-12-09 16:00:00,11.5,357,openmeteo
2024-12-09 17:00:00,9.9,350,openmeteo
2024-12-09 18:00:00,8.7,336,openmeteo
2024-12-09 19:00:00,11.4,334,openmeteo
2024-12-09 20:00:00,13.3,332,openmeteo
2024-12-09 21:00:00,13.2,325,openmeteo
2024-12-09 22:00:00,13.6,321,openmeteo
2024-12-09 23:00:00,13.4,318,openmeteo
2024-12-10 00:00:00,14.4,317,openmeteo
2024-12-10 01:00:00,14.3,325,openmeteo
2024-12-10 02:00:00,12.9,323,openmeteo
2024-12-10 03:00:00,12.3,321,openmeteo
2024-12-10 04:00:00,12.8,318,openmeteo
2024-12-10 05:00:00,11.8,313,openmeteo
2024-12-10 06:00:00,11.7,308,openmeteo
2024-12-10 07:00:00,11.6,307,openmeteo
2024-12-10 08:00:00,12.3,305,openmeteo
2024-12-10 09:00:00,12.8,299,openmeteo
2024-12-10 10:00:00,13.0,296,openmeteo
2024-12-10 11:00:00,13.4,299,openmeteo
2024-12-10 12:00:00,13.5,303,openmeteo
2024-12-10 13:00:00,11.4,309,openmeteo
2024-12-10 14:00:00,12.0,310,openmeteo
2024-12-10 15:00:00,13.3,311,openmeteo
2024-12-10 16:00:00,13.5,312,openmeteo
2024-12-10 17:00:00,14.1,314,openmeteo
2024-12-10 18:00:00,13.7,321,openmeteo
2024-12-10 19:00:00,12.5,323,openmeteo
2024-12-10 20:00:00,11.5,325,openmeteo
2024-12-10 21:00:00,12.1,332,openmeteo
2024-12-10 22:00:00,12.7,335,openmeteo
2024-12-10 23:00:00,13.0,336,openmeteo
2024-12-11 00:00:00,14.4,337,openmeteo
2024-12-11 01:00:00,16.9,352,openmeteo
2024-12-11 02:00:00,16.4,358,openmeteo
2024-12-11 03:00:00,15.9,5,openmeteo
2024-12-11 04:00:00,15.1,12,openmeteo
2024-12-11 05:00:00,14.6,22,openmeteo
2024-12-11 06:00:00,14.9,36,openmeteo
2024-12-11 07:00:00,13.4,40,openmeteo
2024-12-11 08:00:00,11.2,41,openmeteo
2024-12-11 09:00:00,9.9,42,openmeteo
2024-12-11 10:00:00,8.6,39,openmeteo
2024-12-11 11:00:00,8.2,15,openmeteo
2024-12-11 12:00:00,11.5,1,openmeteo
2024-12-11 13:00:00,14.0,359,openmeteo
2024-12-11 14:00:00,14.8,354,openmeteo
2024-12-11 15:00:00,16.2,348,openmeteo
2024-12-11 16:00:00,17.1,348,openmeteo
2024-12-11 17:00:00,16.0,2,openmeteo
2024-12-11 18:00:00,14.8,16,openmeteo
2024-12-11 19:00:00,13.9,38,openmeteo
2024-12-11 20:00:00,12.7,46,openmeteo
2024-12-11 21:00:00,12.1,52,openmeteo
2024-12-11 22:00:00,10.8,46,openmeteo
2024-12-11 23:00:00,12.3,38,openmeteo
2024-12-12 00:00:00,13.4,35,openmeteo
2024-12-12 01:00:00,16.2,47,openmeteo
2024-12-12 02:00:00,17.5,58,openmeteo
2024-12-12 03:00:00,17.2,67,openmeteo
2024-12-12 04:00:00,15.5,75,openmeteo
2024-12-12 05:00:00,13.7,88,openmeteo
2024-12-12 06:00:00,12.7,98,openmeteo
2024-12-12 07:00:00,9.0,92,openmeteo
2024-12-12 08:00:00,7.9,90,openmeteo
2024-12-12 09:00:00,6.1,85,openmeteo
2024-12-12 10:00:00,4.3,17,openmeteo
2024-12-12 11:00:00,7.2,360,openmeteo
2024-12-12 12:00:00,11.9,350,openmeteo
2024-12-12 13:00:00,12.0,347,openmeteo
2024-12-12 14:00:00,13.1,348,openmeteo
2024-12-12 15:00:00,13.9,356,openmeteo
2024-12-12 16:00:00,11.2,5,openmeteo
2024-12-12 17:00:00,7.9,20,openmeteo
2024-12-12 18:00:00,4.2,25,openmeteo
2024-12-12 19:00:00,1.9,22,openmeteo
2024-12-12 20:00:00,1.9,326,openmeteo
2024-12-12 21:00:00,2.6,304,openmeteo
2024-12-12 22:00:00,2.0,265,openmeteo
2024-12-12 23:00:00,4.0,238,openmeteo
2024-12-13 00:00:00,6.7,267,openmeteo
2024-12-13 01:00:00,11.8,249,openmeteo
2024-12-13 02:00:00,12.2,250,openmeteo
2024-12-13 03:00:00,12.2,244,openmeteo
2024-12-13 04:00:00,13.6,250,openmeteo
2024-12-13 05:00:00,16.0,247,openmeteo
2024-12-13 06:00:00,18.8,250,openmeteo
2024-12-13 07:00:00,19.3,256,openmeteo
2024-12-13 08:00:00,18.4,260,openmeteo
2024-12-13 09:00:00,17.5,265,openmeteo
2024-12-13 10:00:00,16.2,271,openmeteo
2024-12-13 11:00:00,15.1,282,openmeteo
2024-12-13 12:00:00,14.4,294,openmeteo
2024-12-13 13:00:00,14.2,296,openmeteo
2024-12-13 14:00:00,13.9,290,openmeteo
2024-12-13 15:00:00,14.2,296,openmeteo
2024-12-13 16:00:00,14.9,305,openmeteo
2024-12-13 17:00:00,12.8,301,openmeteo
2024-12-13 18:00:00,11.9,305,openmeteo
2024-12-13 19:00:00,11.6,306,openmeteo
2024-12-13 20:00:00,10.9,292,openmeteo
2024-12-13 21:00:00,11.2,269,openmeteo
2024-12-13 22:00:00,11.9,260,openmeteo
2024-12-13 23:00:00,11.8,251,openmeteo
2024-12-14 00:00:00,11.9,241,openmeteo
2024-12-14 01:00:00,13.0,243,openmeteo
2024-12-14 02:00:00,14.0,234,openmeteo
2024-12-14 03:00:00,13.0,227,openmeteo
2024-12-14 04:00:00,12.1,213,openmeteo
2024-12-14 05:00:00,13.0,184,openmeteo
2024-12-14 06:00:00,11.1,173,openmeteo
2024-12-14 07:00:00,8.6,179,openmeteo
2024-12-14 08:00:00,8.3,214,openmeteo
2024-12-14 09:00:00,9.4,240,openmeteo
2024-12-14 10:00:00,7.9,246,openmeteo
2024-12-14 11:00:00,5.4,284,openmeteo
2024-12-14 12:00:00,8.5,339,openmeteo
2024-12-14 13:00:00,18.6,309,openmeteo
2024-12-14 14:00:00,19.3,309,openmeteo
2024-12-14 15:00:00,18.3,296,openmeteo
2024-12-14 16:00:00,18.6,302,openmeteo
2024-12-14 17:00:00,18.7,301,openmeteo
2024-12-14 18:00:00,19.8,303,openmeteo
2024-12-14 19:00:00,20.2,299,openmeteo
2024-12-14 20:00:00,22.3,297,openmeteo
2024-12-14 21:00:00,23.1,300,openmeteo
2024-12-14 22:00:00,22.4,300,openmeteo
2024-12-14 23:00:00,22.4,302,openmeteo
2024-12-15 00:00:00,25.0,310,openmeteo
2024-12-15 01:00:00,23.8,313,openmeteo
2024-12-15 02:00:00,25.6,315,openmeteo
2024-12-15 03:00:00,29.6,320,openmeteo
2024-12-15 04:00:00,29.8,324,openmeteo
2024-12-15 05:00:00,30.9,323,openmeteo
2024-12-15 06:00:00,28.3,321,openmeteo
2024-12-15 07:00:00,29.4,320,openmeteo
2024-12-15 08:00:00,30.9,321,openmeteo
2024-12-15 09:00:00,31.2,323,openmeteo
2024-12-15 10:00:00,31.3,322,openmeteo
2024-12-15 11:00:00,32.7,322,openmeteo
2024-12-15 12:00:00,32.1,321,openmeteo
2024-12-15 13:00:00,30.8,317,openmeteo
2024-12-15 14:00:00,33.0,316,openmeteo
2024-12-15 15:00:00,35.1,317,openmeteo
2024-12-15 16:00:00,36.4,315,openmeteo
2024-12-15 17:00:00,38.1,314,openmeteo
2024-12-15 18:00:00,37.4,314,openmeteo
2024-12-15 19:00:00,37.0,315,openmeteo
2024-12-15 20:00:00,34.1,316,openmeteo
2024-12-15 21:00:00,31.2,318,openmeteo
2024-12-15 22:00:00,29.5,319,openmeteo
2024-12-15 23:00:00,29.5,319,openmeteo
2024-12-16 00:00:00,30.2,319,openmeteo
2024-12-16 01:00:00,29.6,319,openmeteo
2024-12-16 02:00:00,29.1,322,openmeteo
2024-12-16 03:00:00,27.2,324,openmeteo
2024-12-16 04:00:00,25.2,327,openmeteo
2024-12-16 05:00:00,24.8,329,openmeteo
2024-12-16 06:00:00,23.7,330,openmeteo
2024-12-16 07:00:00,22.7,330,openmeteo
2024-12-16 08:00:00,21.7,332,openmeteo
2024-12-16 09:00:00,20.3,330,openmeteo
2024-12-16 10:00:00,19.9,330,openmeteo
2024-12-16 11:00:00,20.3,330,openmeteo
2024-12-16 12:00:00,20.9,329,openmeteo
2024-12-16 13:00:00,21.4,312,openmeteo
2024-12-16 14:00:00,22.2,313,openmeteo
2024-12-16 15:00:00,19.6,311,openmeteo
2024-12-16 16:00:00,18.4,312,openmeteo
2024-12-16 17:00:00,18.5,304,openmeteo
2024-12-16 18:00:00,24.3,302,openmeteo
2024-12-16 19:00:00,30.0,305,openmeteo
2024-12-16 20:00:00,29.0,308,openmeteo
2024-12-16 21:00:00,28.6,311,openmeteo
2024-12-16 22:00:00,26.6,315,openmeteo
2024-12-16 23:00:00,24.3,325,openmeteo
2024-12-17 00:00:00,20.4,338,openmeteo
2024-12-17 01:00:00,17.3,329,openmeteo
2024-12-17 02:00:00,14.1,347,openmeteo
2024-12-17 03:00:00,11.9,354,openmeteo
2024-12-17 04:00:00,12.0,351,openmeteo
2024-12-17 05:00:00,13.5,344,openmeteo
2024-12-17 06:00:00,14.3,335,openmeteo
2024-12-17 07:00:00,14.5,324,openmeteo
2024-12-17 08:00:00,15.7,317,openmeteo
2024-12-17 09:00:00,18.1,311,openmeteo
2024-12-17 10:00:00,20.1,310,openmeteo
2024-12-17 11:00:00,23.8,305,openmeteo
2024-12-17 12:00:00,23.8,300,openmeteo
2024-12-17 13:00:00,24.6,295,openmeteo
2024-12-17 14:00:00,28.3,297,openmeteo
2024-12-17 15:00:00,30.5,305,openmeteo
2024-12-17 16:00:00,29.5,308,openmeteo
2024-12-17 17:00:00,27.2,302,openmeteo
2024-12-17 18:00:00,29.8,300,openmeteo
2024-12-17 19:00:00,29.4,299,openmeteo
2024-12-17 20:00:00,26.4,301,openmeteo
2024-12-17 21:00:00,18.1,294,openmeteo
2024-12-17 22:00:00,30.1,307,openmeteo
2024-12-17 23:00:00,22.7,306,openmeteo
2024-12-18 00:00:00,25.3,308,openmeteo
2024-12-18 01:00:00,25.2,302,openmeteo
2024-12-18 02:00:00,23.3,303,openmeteo
2024-12-18 03:00:00,28.0,309,openmeteo
2024-12-18 04:00:00,30.3,312,openmeteo
2024-12-18 05:00:00,30.7,316,openmeteo
2024-12-18 06:00:00,31.7,317,openmeteo
2024-12-18 07:00:00,30.6,313,openmeteo
2024-12-18 08:00:00,31.2,309,openmeteo
2024-12-18 09:00:00,31.4,307,openmeteo
2024-12-18 10:00:00,31.0,306,openmeteo
2024-12-18 11:00:00,30.2,307,openmeteo
2024-12-18 12:00:00,31.7,312,openmeteo
2024-12-18 13:00:00,32.1,309,openmeteo
2024-12-18 14:00:00,32.4,313,openmeteo
2024-12-18 15:00:00,32.9,317,openmeteo
2024-12-18 16:00:00,31.3,318,openmeteo
2024-12-18 17:00:00,30.6,316,openmeteo
2024-12-18 18:00:00,30.3,315,openmeteo
2024-12-18 19:00:00,31.2,317,openmeteo
2024-12-18 20:00:00,30.4,316,openmeteo
2024-12-18 21:00:00,31.1,316,openmeteo
2024-12-18 22:00:00,32.3,316,openmeteo
2024-12-18 23:00:00,33.6,317,openmeteo
2024-12-19 00:00:00,33.8,318,openmeteo
2024-12-19 01:00:00,29.9,322,openmeteo
2024-12-19 02:00:00,28.9,322,openmeteo
2024-12-19 03:00:00,28.0,323,openmeteo
2024-12-19 04:00:00,28.8,323,openmeteo
2024-12-19 05:00:00,26.4,322,openmeteo
2024-12-19 06:00:00,25.0,317,openmeteo
2024-12-19 07:00:00,25.1,312,openmeteo
2024-12-19 08:00:00,25.7,308,openmeteo
2024-12-19 09:00:00,27.0,306,openmeteo
2024-12-19 10:00:00,27.8,307,openmeteo
2024-12-19 11:00:00,29.1,310,openmeteo
2024-12-19 12:00:00,29.7,313,openmeteo
2024-12-19 13:00:00,29.4,313,openmeteo
2024-12-19 14:00:00,28.7,313,openmeteo
2024-12-19 15:00:00,28.4,314,openmeteo
2024-12-19 16:00:00,27.9,315,openmeteo
2024-12-19 17:00:00,28.0,315,openmeteo
2024-12-19 18:00:00,28.0,316,openmeteo
2024-12-19 19:00:00,27.2,316,openmeteo
2024-12-19 20:00:00,26.6,317,openmeteo
2024-12-19 21:00:00,25.5,319,openmeteo
2024-12-19 22:00:00,24.6,321,openmeteo
2024-12-19 23:00:00,23.8,321,openmeteo
2024-12-20 00:00:00,24.4,319,openmeteo
2024-12-20 01:00:00,19.7,324,openmeteo
2024-12-20 02:00:00,19.5,326,openmeteo
2024-12-20 03:00:00,19.0,327,openmeteo
2024-12-20 04:00:00,17.8,329,openmeteo
2024-12-20 05:00:00,16.1,328,openmeteo
2024-12-20 06:00:00,14.3,324,openmeteo
2024-12-20 07:00:00,13.4,323,openmeteo
2024-12-20 08:00:00,13.0,325,openmeteo
2024-12-20 09:00:00,13.2,326,openmeteo
2024-12-20 10:00:00,13.4,327,openmeteo
2024-12-20 11:00:00,13.2,325,openmeteo
2024-12-20 12:00:00,13.5,323,openmeteo
2024-12-20 13:00:00,14.8,319,openmeteo
2024-12-20 14:00:00,15.0,316,openmeteo
2024-12-20 15:00:00,14.2,310,openmeteo
2024-12-20 16:00:00,12.9,302,openmeteo
2024-12-20 17:00:00,12.5,297,openmeteo
2024-12-20 18:00:00,10.8,294,openmeteo
2024-12-20 19:00:00,10.2,296,openmeteo
2024-12-20 20:00:00,11.6,300,openmeteo
2024-12-20 21:00:00,12.7,305,openmeteo
2024-12-20 22:00:00,13.5,301,openmeteo
2024-12-20 23:00:00,13.5,295,openmeteo
2024-12-21 00:00:00,9.9,279,openmeteo
2024-12-21 01:00:00,6.1,236,openmeteo
2024-12-21 02:00:00,7.6,243,openmeteo
2024-12-21 03:00:00,11.8,259,openmeteo
2024-12-21 04:00:00,14.6,266,openmeteo
2024-12-21 05:00:00,15.1,269,openmeteo
2024-12-21 06:00:00,15.7,267,openmeteo
2024-12-21 07:00:00,15.4,256,openmeteo
2024-12-21 08:00:00,16.1,252,openmeteo
2024-12-21 09:00:00,15.5,250,openmeteo
2024-12-21 10:00:00,14.7,262,openmeteo
2024-12-21 11:00:00,13.5,270,openmeteo
2024-12-21 12:00:00,12.1,275,openmeteo
2024-12-21 13:00:00,11.8,279,openmeteo
2024-12-21 14:00:00,13.1,279,openmeteo
2024-12-21 15:00:00,17.8,286,openmeteo
2024-12-21 16:00:00,19.4,283,openmeteo
2024-12-21 17:00:00,19.8,282,openmeteo
2024-12-21 18:00:00,18.7,278,openmeteo
2024-12-21 19:00:00,17.8,267,openmeteo
2024-12-21 20:00:00,19.4,262,openmeteo
2024-12-21 21:00:00,23.1,286,openmeteo
2024-12-21 22:00:00,32.1,307,openmeteo
2024-12-21 23:00:00,32.9,312,openmeteo
2024-12-22 00:00:00,34.7,310,openmeteo
2024-12-22 01:00:00,32.4,319,openmeteo
2024-12-22 02:00:00,30.4,324,openmeteo
2024-12-22 03:00:00,33.3,310,openmeteo
2024-12-22 04:00:00,36.0,313,openmeteo
2024-12-22 05:00:00,32.7,315,openmeteo
2024-12-22 06:00:00,34.4,313,openmeteo
2024-12-22 07:00:00,36.0,311,openmeteo
2024-12-22 08:00:00,36.8,303,openmeteo
2024-12-22 09:00:00,37.4,297,openmeteo
2024-12-22 10:00:00,36.6,297,openmeteo
2024-12-22 11:00:00,35.0,299,openmeteo
2024-12-22 12:00:00,32.9,300,openmeteo
2024-12-22 13:00:00,27.8,300,openmeteo
2024-12-22 14:00:00,25.6,298,openmeteo
2024-12-22 15:00:00,25.6,298,openmeteo
2024-12-22 16:00:00,25.7,300,openmeteo
2024-12-22 17:00:00,23.7,303,openmeteo
2024-12-22 18:00:00,23.5,308,openmeteo
2024-12-22 19:00:00,28.3,310,openmeteo
2024-12-22 20:00:00,27.2,311,openmeteo
2024-12-22 21:00:00,29.5,308,openmeteo
2024-12-22 22:00:00,30.4,310,openmeteo
2024-12-22 23:00:00,26.1,309,openmeteo
2024-12-23 00:00:00,25.7,308,openmeteo
2024-12-23 01:00:00,24.7,307,openmeteo
2024-12-23 02:00:00,26.3,299,openmeteo
2024-12-23 03:00:00,23.8,298,openmeteo
2024-12-23 04:00:00,25.5,299,openmeteo
2024-12-23 05:00:00,23.4,296,openmeteo
2024-12-23 06:00:00,22.6,299,openmeteo
2024-12-23 07:00:00,24.9,301,openmeteo
2024-12-23 08:00:00,26.7,302,openmeteo
2024-12-23 09:00:00,30.9,300,openmeteo
2024-12-23 10:00:00,31.1,299,openmeteo
2024-12-23 11:00:00,24.5,301,openmeteo
2024-12-23 12:00:00,21.5,302,openmeteo
2024-12-23 13:00:00,19.2,308,openmeteo
2024-12-23 14:00:00,17.3,308,openmeteo
2024-12-23 15:00:00,15.4,314,openmeteo
2024-12-23 16:00:00,15.2,323,openmeteo
2024-12-23 17:00:00,14.6,322,openmeteo
2024-12-23 18:00:00,14.9,314,openmeteo
2024-12-23 19:00:00,14.0,312,openmeteo
2024-12-23 20:00:00,12.1,323,openmeteo
2024-12-23 21:00:00,10.7,324,openmeteo
2024-12-23 22:00:00,9.3,326,openmeteo
2024-12-23 23:00:00,8.4,320,openmeteo
2024-12-24 00:00:00,7.9,317,openmeteo
2024-12-24 01:00:00,7.8,322,openmeteo
2024-12-24 02:00:00,7.8,312,openmeteo
2024-12-24 03:00:00,9.2,298,openmeteo
2024-12-24 04:00:00,12.1,295,openmeteo
2024-12-24 05:00:00,14.0,292,openmeteo
2024-12-24 06:00:00,13.4,287,openmeteo
2024-12-24 07:00:00,12.6,287,openmeteo
2024-12-24 08:00:00,13.2,287,openmeteo
2024-12-24 09:00:00,13.9,289,openmeteo
2024-12-24 10:00:00,15.2,297,openmeteo
2024-12-24 11:00:00,16.2,308,openmeteo
2024-12-24 12:00:00,15.3,312,openmeteo
2024-12-24 13:00:00,15.4,302,openmeteo
2024-12-24 14:00:00,13.2,320,openmeteo
2024-12-24 15:00:00,13.5,335,openmeteo
2024-12-24 16:00:00,10.9,336,openmeteo
2024-12-24 17:00:00,10.1,329,openmeteo
2024-12-24 18:00:00,10.4,323,openmeteo
2024-12-24 19:00:00,11.2,319,openmeteo
2024-12-24 20:00:00,12.6,316,openmeteo
2024-12-24 21:00:00,15.3,315,openmeteo
2024-12-24 22:00:00,14.4,314,openmeteo
2024-12-24 23:00:00,12.8,312,openmeteo
2024-12-25 00:00:00,14.2,311,openmeteo
2024-12-25 01:00:00,14.8,321,openmeteo
2024-12-25 02:00:00,14.5,322,openmeteo
2024-12-25 03:00:00,13.8,324,openmeteo
2024-12-25 04:00:00,12.3,323,openmeteo
2024-12-25 05:00:00,9.5,324,openmeteo
2024-12-25 06:00:00,8.7,339,openmeteo
2024-12-25 07:00:00,10.0,340,openmeteo
2024-12-25 08:00:00,11.4,337,openmeteo
2024-12-25 09:00:00,14.2,334,openmeteo
2024-12-25 10:00:00,15.0,333,openmeteo
2024-12-25 11:00:00,16.8,332,openmeteo
2024-12-25 12:00:00,16.7,331,openmeteo
2024-12-25 13:00:00,19.6,328,openmeteo
2024-12-25 14:00:00,17.9,324,openmeteo
2024-12-25 15:00:00,18.6,312,openmeteo
2024-12-25 16:00:00,18.0,318,openmeteo
2024-12-25 17:00:00,16.0,324,openmeteo
2024-12-25 18:00:00,17.2,315,openmeteo
2024-12-25 19:00:00,18.0,311,openmeteo
2024-12-25 20:00:00,18.5,310,openmeteo
2024-12-25 21:00:00,18.4,309,openmeteo
2024-12-25 22:00:00,16.2,314,openmeteo
2024-12-25 23:00:00,15.4,317,openmeteo
2024-12-26 00:00:00,14.7,319,openmeteo
2024-12-26 01:00:00,13.5,335,openmeteo
2024-12-26 02:00:00,14.6,331,openmeteo
2024-12-26 03:00:00,15.4,328,openmeteo
2024-12-26 04:00:00,14.8,330,openmeteo
2024-12-26 05:00:00,13.1,328,openmeteo
2024-12-26 06:00:00,12.3,328,openmeteo
2024-12-26 07:00:00,12.4,329,openmeteo
2024-12-26 08:00:00,13.3,332,openmeteo
2024-12-26 09:00:00,13.7,338,openmeteo
2024-12-26 10:00:00,14.1,344,openmeteo
2024-12-26 11:00:00,13.9,349,openmeteo
2024-12-26 12:00:00,13.5,356,openmeteo
2024-12-26 13:00:00,14.1,346,openmeteo
2024-12-26 14:00:00,13.1,360,openmeteo
2024-12-26 15:00:00,12.1,7,openmeteo
2024-12-26 16:00:00,9.8,6,openmeteo
2024-12-26 17:00:00,8.9,351,openmeteo
2024-12-26 18:00:00,8.4,351,openmeteo
2024-12-26 19:00:00,9.8,352,openmeteo
2024-12-26 20:00:00,12.3,355,openmeteo
2024-12-26 21:00:00,12.9,6,openmeteo
2024-12-26 22:00:00,12.0,22,openmeteo
2024-12-26 23:00:00,12.1,40,openmeteo
2024-12-27 00:00:00,10.7,23,openmeteo
2024-12-27 01:00:00,12.4,17,openmeteo
2024-12-27 02:00:00,12.4,19,openmeteo
2024-12-27 03:00:00,12.2,29,openmeteo
2024-12-27 04:00:00,11.7,34,openmeteo
2024-12-27 05:00:00,11.6,41,openmeteo
2024-12-27 06:00:00,11.3,48,openmeteo
2024-12-27 07:00:00,11.6,55,openmeteo
2024-12-27 08:00:00,12.8,70,openmeteo
2024-12-27 09:00:00,11.4,77,openmeteo
2024-12-27 10:00:00,8.4,65,openmeteo
2024-12-27 11:00:00,9.4,38,openmeteo
2024-12-27 12:00:00,12.8,26,openmeteo
2024-12-27 13:00:00,9.3,37,openmeteo
2024-12-27 14:00:00,12.9,7,openmeteo
2024-12-27 15:00:00,15.9,5,openmeteo
2024-12-27 16:00:00,13.6,17,openmeteo
2024-12-27 17:00:00,12.3,6,openmeteo
2024-12-27 18:00:00,11.0,26,openmeteo
2024-12-27 19:00:00,12.7,39,openmeteo
2024-12-27 20:00:00,12.8,39,openmeteo
2024-12-27 21:00:00,12.1,33,openmeteo
2024-12-27 22:00:00,12.0,36,openmeteo
2024-12-27 23:00:00,11.7,31,openmeteo
2024-12-28 00:00:00,11.0,38,openmeteo
2024-12-28 01:00:00,10.6,40,openmeteo
2024-12-28 02:00:00,9.9,44,openmeteo
2024-12-28 03:00:00,9.6,69,openmeteo
2024-12-28 04:00:00,9.9,100,openmeteo
2024-12-28 05:00:00,8.5,118,openmeteo
2024-12-28 06:00:00,7.9,135,openmeteo
2024-12-28 07:00:00,7.0,157,openmeteo
2024-12-28 08:00:00,3.8,185,openmeteo
2024-12-28 09:00:00,0.9,259,openmeteo
2024-12-28 10:00:00,2.2,355,openmeteo
2024-12-28 11:00:00,4.7,342,openmeteo
2024-12-28 12:00:00,7.5,350,openmeteo
2024-12-28 13:00:00,10.5,5,openmeteo
2024-12-28 14:00:00,12.5,23,openmeteo
2024-12-28 15:00:00,13.5,27,openmeteo
2024-12-28 16:00:00,12.6,22,openmeteo
2024-12-28 17:00:00,13.8,26,openmeteo
2024-12-28 18:00:00,14.0,30,openmeteo
2024-12-28 19:00:00,11.9,35,openmeteo
2024-12-28 20:00:00,11.3,25,openmeteo
2024-12-28 21:00:00,8.9,29,openmeteo
2024-12-28 22:00:00,7.1,36,openmeteo
2024-12-28 23:00:00,4.8,68,openmeteo
2024-12-29 00:00:00,6.7,144,openmeteo
2024-12-29 01:00:00,9.8,162,openmeteo
2024-12-29 02:00:00,10.7,164,openmeteo
2024-12-29 03:00:00,11.3,170,openmeteo
2024-12-29 04:00:00,11.8,174,openmeteo
2024-12-29 05:00:00,11.9,180,openmeteo
2024-12-29 06:00:00,10.9,189,openmeteo
2024-12-29 07:00:00,9.4,203,openmeteo
2024-12-29 08:00:00,8.3,221,openmeteo
2024-12-29 09:00:00,7.2,248,openmeteo
2024-12-29 10:00:00,6.5,265,openmeteo
2024-12-29 11:00:00,5.6,287,openmeteo
2024-12-29 12:00:00,5.9,317,openmeteo
2024-12-29 13:00:00,8.8,337,openmeteo
2024-12-29 14:00:00,9.6,343,openmeteo
2024-12-29 15:00:00,10.4,339,openmeteo
2024-12-29 16:00:00,9.8,343,openmeteo
2024-12-29 17:00:00,7.8,347,openmeteo
2024-12-29 18:00:00,7.1,344,openmeteo
2024-12-29 19:00:00,7.9,347,openmeteo
2024-12-29 20:00:00,7.6,352,openmeteo
2024-12-29 21:00:00,6.4,352,openmeteo
2024-12-29 22:00:00,5.3,350,openmeteo
2024-12-29 23:00:00,4.2,350,openmeteo
2024-12-30 00:00:00,1.8,349,openmeteo
2024-12-30 01:00:00,1.0,135,openmeteo
2024-12-30 02:00:00,4.2,155,openmeteo
2024-12-30 03:00:00,6.1,166,openmeteo
2024-12-30 04:00:00,7.2,176,openmeteo
2024-12-30 05:00:00,8.3,175,openmeteo
2024-12-30 06:00:00,7.2,174,openmeteo
2024-12-30 07:00:00,6.0,171,openmeteo
2024-12-30 08:00:00,3.9,164,openmeteo
2024-12-30 09:00:00,1.7,139,openmeteo
2024-12-30 10:00:00,2.3,90,openmeteo
2024-12-30 11:00:00,4.0,21,openmeteo
2024-12-30 12:00:00,6.4,352,openmeteo
2024-12-30 13:00:00,10.4,337,openmeteo
2024-12-30 14:00:00,14.1,338,openmeteo
2024-12-30 15:00:00,15.3,348,openmeteo
2024-12-30 16:00:00,12.4,2,openmeteo
2024-12-30 17:00:00,11.0,4,openmeteo
2024-12-30 18:00:00,8.5,6,openmeteo
2024-12-30 19:00:00,6.0,9,openmeteo
2024-12-30 20:00:00,4.5,34,openmeteo
2024-12-30 21:00:00,4.6,77,openmeteo
2024-12-30 22:00:00,7.2,103,openmeteo
2024-12-30 23:00:00,5.8,110,openmeteo
2024-12-31 00:00:00,4.8,110,openmeteo
2024-12-31 01:00:00,8.9,142,openmeteo
2024-12-31 02:00:00,10.3,142,openmeteo
2024-12-31 03:00:00,10.0,141,openmeteo
2024-12-31 04:00:00,11.0,138,openmeteo
2024-12-31 05:00:00,12.6,137,openmeteo
2024-12-31 06:00:00,12.2,137,openmeteo
2024-12-31 07:00:00,11.5,139,openmeteo
2024-12-31 08:00:00,7.2,127,openmeteo
2024-12-31 09:00:00,4.9,82,openmeteo
2024-12-31 10:00:00,7.2,39,openmeteo
2024-12-31 11:00:00,8.4,34,openmeteo
2024-12-31 12:00:00,7.8,37,openmeteo
2024-12-31 13:00:00,10.5,27,openmeteo
2024-12-31 14:00:00,11.4,35,openmeteo
2024-12-31 15:00:00,9.5,27,openmeteo
2024-12-31 16:00:00,7.2,3,openmeteo
2024-12-31 17:00:00,3.8,17,openmeteo
2024-12-31 18:00:00,1.7,103,openmeteo
2024-12-31 19:00:00,1.5,187,openmeteo
2024-12-31 20:00:00,2.5,249,openmeteo
2024-12-31 21:00:00,2.5,278,openmeteo
2024-12-31 22:00:00,2.1,195,openmeteo
2024-12-31 23:00:00,5.4,200,openmeteo
2025-01-01 00:00:00,4.8,217,openmeteo
2025-01-01 01:00:00,7.1,190,openmeteo
2025-01-01 02:00:00,8.8,180,openmeteo
2025-01-01 03:00:00,10.7,188,openmeteo
2025-01-01 04:00:00,18.8,279,openmeteo
2025-01-01 05:00:00,18.5,305,openmeteo
2025-01-01 06:00:00,24.0,324,openmeteo
2025-01-01 07:00:00,27.7,326,openmeteo
2025-01-01 08:00:00,28.8,326,openmeteo
2025-01-01 09:00:00,32.8,330,openmeteo
2025-01-01 10:00:00,33.4,333,openmeteo
2025-01-01 11:00:00,33.4,333,openmeteo
2025-01-01 12:00:00,33.0,330,openmeteo
2025-01-01 13:00:00,34.3,325,openmeteo
2025-01-01 14:00:00,34.8,322,openmeteo
2025-01-01 15:00:00,34.5,322,openmeteo
2025-01-01 16:00:00,34.7,321,openmeteo
2025-01-01 17:00:00,34.8,321,openmeteo
2025-01-01 18:00:00,34.6,322,openmeteo
2025-01-01 19:00:00,35.3,321,openmeteo
2025-01-01 20:00:00,37.7,321,openmeteo
2025-01-01 21:00:00,38.6,319,openmeteo
2025-01-01 22:00:00,38.7,316,openmeteo
2025-01-01 23:00:00,39.2,316,openmeteo
2025-01-02 00:00:00,38.9,315,openmeteo
2025-01-02 01:00:00,38.2,320,openmeteo
2025-01-02 02:00:00,38.4,320,openmeteo
2025-01-02 03:00:00,39.9,318,openmeteo
2025-01-02 04:00:00,38.8,317,openmeteo
2025-01-02 05:00:00,36.0,317,openmeteo
2025-01-02 06:00:00,34.4,317,openmeteo
2025-01-02 07:00:00,34.6,316,openmeteo
2025-01-02 08:00:00,36.2,313,openmeteo
2025-01-02 09:00:00,35.7,311,openmeteo
2025-01-02 10:00:00,35.5,308,openmeteo
2025-01-02 11:00:00,35.5,302,openmeteo
2025-01-02 12:00:00,33.7,305,openmeteo
2025-01-02 13:00:00,36.5,307,openmeteo
2025-01-02 14:00:00,37.7,306,openmeteo
2025-01-02 15:00:00,37.8,309,openmeteo
2025-01-02 16:00:00,38.1,309,openmeteo
2025-01-02 17:00:00,38.7,310,openmeteo
2025-01-02 18:00:00,37.3,308,openmeteo
2025-01-02 19:00:00,36.8,305,openmeteo
2025-01-02 20:00:00,36.6,305,openmeteo
2025-01-02 21:00:00,35.9,304,openmeteo
2025-01-02 22:00:00,37.5,305,openmeteo
2025-01-02 23:00:00,37.7,305,openmeteo
2025-01-03 00:00:00,37.4,307,openmeteo
2025-01-03 01:00:00,39.0,312,openmeteo
2025-01-03 02:00:00,37.6,312,openmeteo
2025-01-03 03:00:00,36.9,313,openmeteo
2025-01-03 04:00:00,34.8,313,openmeteo
2025-01-03 05:00:00,34.1,311,openmeteo
2025-01-03 06:00:00,31.6,309,openmeteo
2025-01-03 07:00:00,31.0,308,openmeteo
2025-01-03 08:00:00,30.5,309,openmeteo
2025-01-03 09:00:00,28.2,311,openmeteo
2025-01-03 10:00:00,27.9,314,openmeteo
2025-01-03 11:00:00,28.5,315,openmeteo
2025-01-03 12:00:00,26.0,311,openmeteo
2025-01-03 13:00:00,30.5,309,openmeteo
2025-01-03 14:00:00,27.4,316,openmeteo
2025-01-03 15:00:00,26.0,321,openmeteo
2025-01-03 16:00:00,25.8,334,openmeteo
2025-01-03 17:00:00,24.0,347,openmeteo
2025-01-03 18:00:00,23.1,352,openmeteo
2025-01-03 19:00:00,21.8,357,openmeteo
2025-01-03 20:00:00,21.8,359,openmeteo
2025-01-03 21:00:00,22.0,0,openmeteo
2025-01-03 22:00:00,21.2,359,openmeteo
2025-01-03 23:00:00,20.5,1,openmeteo
2025-01-04 00:00:00,19.5,354,openmeteo
2025-01-04 01:00:00,22.9,331,openmeteo
2025-01-04 02:00:00,19.5,336,openmeteo
2025-01-04 03:00:00,16.0,352,openmeteo
2025-01-04 04:00:00,23.7,332,openmeteo
2025-01-04 05:00:00,21.5,332,openmeteo
2025-01-04 06:00:00,17.9,320,openmeteo
2025-01-04 07:00:00,17.8,309,openmeteo
2025-01-04 08:00:00,12.7,293,openmeteo
2025-01-04 09:00:00,17.4,281,openmeteo
2025-01-04 10:00:00,15.4,307,openmeteo
2025-01-04 11:00:00,28.4,315,openmeteo
2025-01-04 12:00:00,27.5,306,openmeteo
2025-01-04 13:00:00,29.0,311,openmeteo
2025-01-04 14:00:00,34.2,311,openmeteo
2025-01-04 15:00:00,29.9,308,openmeteo
2025-01-04 16:00:00,27.8,304,openmeteo
2025-01-04 17:00:00,27.4,301,openmeteo
2025-01-04 18:00:00,28.5,305,openmeteo
2025-01-04 19:00:00,26.0,307,openmeteo
2025-01-04 20:00:00,24.4,313,openmeteo
2025-01-04 21:00:00,26.6,315,openmeteo
2025-01-04 22:00:00,28.2,312,openmeteo
2025-01-04 23:00:00,27.9,317,openmeteo
2025-01-05 00:00:00,28.0,318,openmeteo
2025-01-05 01:00:00,25.8,319,openmeteo
2025-01-05 02:00:00,25.0,321,openmeteo
2025-01-05 03:00:00,25.5,319,openmeteo
2025-01-05 04:00:00,23.8,315,openmeteo
2025-01-05 05:00:00,23.4,308,openmeteo
2025-01-05 06:00:00,22.4,305,openmeteo
2025-01-05 07:00:00,22.5,295,openmeteo
2025-01-05 08:00:00,22.1,296,openmeteo
2025-01-05 09:00:00,22.9,295,openmeteo
2025-01-05 10:00:00,28.0,291,openmeteo
2025-01-05 11:00:00,24.8,295,openmeteo
2025-01-05 12:00:00,23.7,302,openmeteo
2025-01-05 13:00:00,18.3,316,openmeteo
2025-01-05 14:00:00,20.9,316,openmeteo
2025-01-05 15:00:00,20.2,316,openmeteo
2025-01-05 16:00:00,17.7,317,openmeteo
2025-01-05 17:00:00,15.6,319,openmeteo
2025-01-05 18:00:00,14.1,322,openmeteo
2025-01-05 19:00:00,11.5,325,openmeteo
2025-01-05 20:00:00,9.0,329,openmeteo
2025-01-05 21:00:00,8.5,342,openmeteo
2025-01-05 22:00:00,9.5,358,openmeteo
2025-01-05 23:00:00,11.4,13,openmeteo
2025-01-06 00:00:00,11.7,23,openmeteo
2025-01-06 01:00:00,9.8,26,openmeteo
2025-01-06 02:00:00,8.4,25,openmeteo
2025-01-06 03:00:00,7.9,33,openmeteo
2025-01-06 04:00:00,8.1,43,openmeteo
2025-01-06 05:00:00,9.1,63,openmeteo
2025-01-06 06:00:00,7.6,76,openmeteo
2025-01-06 07:00:00,6.8,115,openmeteo
2025-01-06 08:00:00,7.1,144,openmeteo
2025-01-06 09:00:00,4.8,146,openmeteo
2025-01-06 10:00:00,2.6,78,openmeteo
2025-01-06 11:00:00,6.0,33,openmeteo
2025-01-06 12:00:00,9.9,27,openmeteo
2025-01-06 13:00:00,12.2,25,openmeteo
2025-01-06 14:00:00,13.9,25,openmeteo
2025-01-06 15:00:00,12.9,27,openmeteo
2025-01-06 16:00:00,11.8,28,openmeteo
2025-01-06 17:00:00,11.7,29,openmeteo
2025-01-06 18:00:00,11.1,44,openmeteo
2025-01-06 19:00:00,10.9,57,openmeteo
2025-01-06 20:00:00,8.5,66,openmeteo
2025-01-06 21:00:00,6.1,90,openmeteo
2025-01-06 22:00:00,2.5,120,openmeteo
2025-01-06 23:00:00,1.7,198,openmeteo
2025-01-07 00:00:00,3.5,246,openmeteo
2025-01-07 01:00:00,10.0,291,openmeteo
2025-01-07 02:00:00,8.9,295,openmeteo
2025-01-07 03:00:00,6.3,297,openmeteo
2025-01-07 04:00:00,3.9,292,openmeteo
2025-01-07 05:00:00,2.1,308,openmeteo
2025-01-07 06:00:00,0.7,256,openmeteo
2025-01-07 07:00:00,0.4,297,openmeteo
2025-01-07 08:00:00,2.5,356,openmeteo
2025-01-07 09:00:00,4.1,13,openmeteo
2025-01-07 10:00:00,4.8,13,openmeteo
2025-01-07 11:00:00,6.2,350,openmeteo
2025-01-07 12:00:00,9.6,339,openmeteo
2025-01-07 13:00:00,9.3,345,openmeteo
2025-01-07 14:00:00,11.4,341,openmeteo
2025-01-07 15:00:00,10.6,341,openmeteo
2025-01-07 16:00:00,8.4,341,openmeteo
2025-01-07 17:00:00,5.7,349,openmeteo
2025-01-07 18:00:00,4.9,343,openmeteo
2025-01-07 19:00:00,5.7,323,openmeteo
2025-01-07 20:00:00,4.7,317,openmeteo
2025-01-07 21:00:00,5.6,345,openmeteo
2025-01-07 22:00:00,6.6,35,openmeteo
2025-01-07 23:00:00,8.4,53,openmeteo
2025-01-08 00:00:00,8.6,57,openmeteo
2025-01-08 01:00:00,8.5,21,openmeteo
2025-01-08 02:00:00,11.1,329,openmeteo
2025-01-08 03:00:00,13.0,326,openmeteo
2025-01-08 04:00:00,11.2,328,openmeteo
2025-01-08 05:00:00,10.8,322,openmeteo
2025-01-08 06:00:00,9.7,318,openmeteo
2025-01-08 07:00:00,6.9,298,openmeteo
2025-01-08 08:00:00,10.9,292,openmeteo
2025-01-08 09:00:00,14.4,296,openmeteo
2025-01-08 10:00:00,17.1,299,openmeteo
2025-01-08 11:00:00,17.2,307,openmeteo
2025-01-08 12:00:00,17.2,308,openmeteo
2025-01-08 13:00:00,19.3,305,openmeteo
2025-01-08 14:00:00,19.8,302,openmeteo
2025-01-08 15:00:00,19.9,307,openmeteo
2025-01-08 16:00:00,19.9,307,openmeteo
2025-01-08 17:00:00,20.7,308,openmeteo
2025-01-08 18:00:00,20.1,310,openmeteo
2025-01-08 19:00:00,20.3,308,openmeteo
2025-01-08 20:00:00,20.8,300,openmeteo
2025-01-08 21:00:00,22.1,296,openmeteo
2025-01-08 22:00:00,24.1,295,openmeteo
2025-01-08 23:00:00,25.6,296,openmeteo
2025-01-09 00:00:00,25.0,297,openmeteo
2025-01-09 01:00:00,26.1,289,openmeteo
2025-01-09 02:00:00,28.5,296,openmeteo
2025-01-09 03:00:00,29.6,298,openmeteo
2025-01-09 04:00:00,28.3,299,openmeteo
2025-01-09 05:00:00,26.4,299,openmeteo
2025-01-09 06:00:00,22.9,297,openmeteo
2025-01-09 07:00:00,22.6,294,openmeteo
2025-01-09 08:00:00,23.8,295,openmeteo
2025-01-09 09:00:00,25.2,297,openmeteo
2025-01-09 10:00:00,26.3,299,openmeteo
2025-01-09 11:00:00,27.9,296,openmeteo
2025-01-09 12:00:00,28.6,298,openmeteo
2025-01-09 13:00:00,27.5,295,openmeteo
2025-01-09 14:00:00,25.6,303,openmeteo
2025-01-09 15:00:00,26.6,313,openmeteo
2025-01-09 16:00:00,26.3,315,openmeteo
2025-01-09 17:00:00,26.6,315,openmeteo
2025-01-09 18:00:00,25.0,313,openmeteo
2025-01-09 19:00:00,23.6,311,openmeteo
2025-01-09 20:00:00,21.9,316,openmeteo
2025-01-09 21:00:00,20.1,323,openmeteo
2025-01-09 22:00:00,18.1,327,openmeteo
2025-01-09 23:00:00,17.5,334,openmeteo
2025-01-10 00:00:00,17.6,340,openmeteo
2025-01-10 01:00:00,20.1,345,openmeteo
2025-01-10 02:00:00,21.0,348,openmeteo
2025-01-10 03:00:00,21.5,348,openmeteo
2025-01-10 04:00:00,21.5,350,openmeteo
2025-01-10 05:00:00,19.3,356,openmeteo
2025-01-10 06:00:00,15.8,1,openmeteo
2025-01-10 07:00:00,15.2,356,openmeteo
2025-01-10 08:00:00,14.9,345,openmeteo
2025-01-10 09:00:00,14.8,339,openmeteo
2025-01-10 10:00:00,14.0,336,openmeteo
2025-01-10 11:00:00,13.9,335,openmeteo
2025-01-10 12:00:00,13.9,333,openmeteo
2025-01-10 13:00:00,14.3,314,openmeteo
2025-01-10 14:00:00,15.0,309,openmeteo
2025-01-10 15:00:00,16.3,306,openmeteo
2025-01-10 16:00:00,16.8,308,openmeteo
2025-01-10 17:00:00,16.3,311,openmeteo
2025-01-10 18:00:00,18.1,314,openmeteo
2025-01-10 19:00:00,19.6,318,openmeteo
2025-01-10 20:00:00,18.6,325,openmeteo
2025-01-10 21:00:00,15.5,332,openmeteo
2025-01-10 22:00:00,11.5,346,openmeteo
2025-01-10 23:00:00,9.2,359,openmeteo
2025-01-11 00:00:00,7.9,11,openmeteo
2025-01-11 01:00:00,12.3,18,openmeteo
2025-01-11 02:00:00,13.4,27,openmeteo
2025-01-11 03:00:00,13.8,33,openmeteo
2025-01-11 04:00:00,14.5,32,openmeteo
2025-01-11 05:00:00,14.2,30,openmeteo
2025-01-11 06:00:00,11.6,35,openmeteo
2025-01-11 07:00:00,10.4,53,openmeteo
2025-01-11 08:00:00,10.6,93,openmeteo
2025-01-11 09:00:00,9.1,98,openmeteo
2025-01-11 10:00:00,6.4,45,openmeteo
2025-01-11 11:00:00,11.7,4,openmeteo
2025-01-11 12:00:00,16.4,1,openmeteo
2025-01-11 13:00:00,9.1,342,openmeteo
2025-01-11 14:00:00,14.9,345,openmeteo
2025-01-11 15:00:00,13.3,351,openmeteo
2025-01-11 16:00:00,13.6,345,openmeteo
2025-01-11 17:00:00,12.4,358,openmeteo
2025-01-11 18:00:00,10.8,360,openmeteo
2025-01-11 19:00:00,10.3,359,openmeteo
2025-01-11 20:00:00,10.0,8,openmeteo
2025-01-11 21:00:00,8.1,21,openmeteo
2025-01-11 22:00:00,5.4,21,openmeteo
2025-01-11 23:00:00,4.9,358,openmeteo
2025-01-12 00:00:00,6.0,333,openmeteo
2025-01-12 01:00:00,7.3,332,openmeteo
2025-01-12 02:00:00,7.8,328,openmeteo
2025-01-12 03:00:00,9.1,328,openmeteo
2025-01-12 04:00:00,9.7,333,openmeteo
2025-01-12 05:00:00,10.0,340,openmeteo
2025-01-12 06:00:00,9.6,347,openmeteo
2025-01-12 07:00:00,8.6,350,openmeteo
2025-01-12 08:00:00,9.5,346,openmeteo
2025-01-12 09:00:00,10.6,345,openmeteo
2025-01-12 10:00:00,10.5,354,openmeteo
2025-01-12 11:00:00,12.1,357,openmeteo
2025-01-12 12:00:00,14.4,356,openmeteo
2025-01-12 13:00:00,12.0,351,openmeteo
2025-01-12 14:00:00,12.1,343,openmeteo
2025-01-12 15:00:00,14.2,336,openmeteo
2025-01-12 16:00:00,18.7,340,openmeteo
2025-01-12 17:00:00,20.5,338,openmeteo
2025-01-12 18:00:00,19.9,337,openmeteo
2025-01-12 19:00:00,20.3,335,openmeteo
2025-01-12 20:00:00,19.9,337,openmeteo
2025-01-12 21:00:00,19.3,335,openmeteo
2025-01-12 22:00:00,24.2,323,openmeteo
2025-01-12 23:00:00,24.1,331,openmeteo
2025-01-13 00:00:00,21.3,334,openmeteo
2025-01-13 01:00:00,15.4,327,openmeteo
2025-01-13 02:00:00,10.4,326,openmeteo
2025-01-13 03:00:00,12.1,314,openmeteo
2025-01-13 04:00:00,21.1,320,openmeteo
2025-01-13 05:00:00,26.7,323,openmeteo
2025-01-13 06:00:00,23.7,324,openmeteo
2025-01-13 07:00:00,22.1,319,openmeteo
2025-01-13 08:00:00,22.5,319,openmeteo
2025-01-13 09:00:00,23.8,321,openmeteo
2025-01-13 10:00:00,23.6,317,openmeteo
2025-01-13 11:00:00,25.9,313,openmeteo
2025-01-13 12:00:00,28.8,311,openmeteo
2025-01-13 13:00:00,28.9,313,openmeteo
2025-01-13 14:00:00,29.5,309,openmeteo
2025-01-13 15:00:00,29.3,309,openmeteo
2025-01-13 16:00:00,29.0,310,openmeteo
2025-01-13 17:00:00,29.1,310,openmeteo
2025-01-13 18:00:00,30.2,311,openmeteo
2025-01-13 19:00:00,30.4,311,openmeteo
2025-01-13 20:00:00,31.3,310,openmeteo
2025-01-13 21:00:00,32.4,310,openmeteo
2025-01-13 22:00:00,31.7,310,openmeteo
2025-01-13 23:00:00,31.2,310,openmeteo
2025-01-14 00:00:00,30.9,308,openmeteo
2025-01-14 01:00:00,26.2,309,openmeteo
2025-01-14 02:00:00,27.3,306,openmeteo
2025-01-14 03:00:00,28.3,305,openmeteo
2025-01-14 04:00:00,28.7,304,openmeteo
2025-01-14 05:00:00,26.6,304,openmeteo
2025-01-14 06:00:00,25.4,305,openmeteo
2025-01-14 07:00:00,24.1,305,openmeteo
2025-01-14 08:00:00,22.4,304,openmeteo
2025-01-14 09:00:00,22.2,307,openmeteo
2025-01-14 10:00:00,21.9,311,openmeteo
2025-01-14 11:00:00,22.2,313,openmeteo
2025-01-14 12:00:00,22.8,313,openmeteo
2025-01-14 13:00:00,23.9,302,openmeteo
2025-01-14 14:00:00,23.0,301,openmeteo
2025-01-14 15:00:00,23.3,306,openmeteo
2025-01-14 16:00:00,21.6,310,openmeteo
2025-01-14 17:00:00,23.2,315,openmeteo
2025-01-14 18:00:00,23.8,315,openmeteo
2025-01-14 19:00:00,23.2,314,openmeteo
2025-01-14 20:00:00,21.6,316,openmeteo
2025-01-14 21:00:00,21.4,319,openmeteo
2025-01-14 22:00:00,22.4,320,openmeteo
2025-01-14 23:00:00,21.8,322,openmeteo
2025-01-15 00:00:00,21.7,331,openmeteo
2025-01-15 01:00:00,16.4,355,openmeteo
2025-01-15 02:00:00,14.1,354,openmeteo
2025-01-15 03:00:00,13.6,354,openmeteo
2025-01-15 04:00:00,11.0,354,openmeteo
2025-01-15 05:00:00,7.2,13,openmeteo
2025-01-15 06:00:00,6.2,46,openmeteo
2025-01-15 07:00:00,7.9,66,openmeteo
2025-01-15 08:00:00,9.3,65,openmeteo
2025-01-15 09:00:00,8.9,61,openmeteo
2025-01-15 10:00:00,8.1,45,openmeteo
2025-01-15 11:00:00,9.0,26,openmeteo
2025-01-15 12:00:00,10.2,14,openmeteo
2025-01-15 13:00:00,9.0,16,openmeteo
2025-01-15 14:00:00,10.1,12,openmeteo
2025-01-15 15:00:00,8.6,8,openmeteo
2025-01-15 16:00:00,7.5,330,openmeteo
2025-01-15 17:00:00,8.8,309,openmeteo
2025-01-15 18:00:00,9.6,311,openmeteo
2025-01-15 19:00:00,10.4,321,openmeteo
2025-01-15 20:00:00,9.7,348,openmeteo
2025-01-15 21:00:00,8.5,7,openmeteo
2025-01-15 22:00:00,9.5,1,openmeteo
2025-01-15 23:00:00,8.5,354,openmeteo
2025-01-16 00:00:00,6.5,357,openmeteo
2025-01-16 01:00:00,6.8,29,openmeteo
2025-01-16 02:00:00,5.3,24,openmeteo
2025-01-16 03:00:00,4.5,7,openmeteo
2025-01-16 04:00:00,2.4,351,openmeteo
2025-01-16 05:00:00,2.2,284,openmeteo
2025-01-16 06:00:00,6.7,290,openmeteo
2025-01-16 07:00:00,10.1,286,openmeteo
2025-01-16 08:00:00,13.5,272,openmeteo
2025-01-16 09:00:00,17.3,280,openmeteo
2025-01-16 10:00:00,20.0,292,openmeteo
2025-01-16 11:00:00,16.2,302,openmeteo
2025-01-16 12:00:00,15.1,306,openmeteo
2025-01-16 13:00:00,13.4,302,openmeteo
2025-01-16 14:00:00,15.6,311,openmeteo
2025-01-16 15:00:00,16.0,311,openmeteo
2025-01-16 16:00:00,13.1,306,openmeteo
2025-01-16 17:00:00,16.2,306,openmeteo
2025-01-16 18:00:00,15.5,302,openmeteo
2025-01-16 19:00:00,13.9,299,openmeteo
2025-01-16 20:00:00,12.5,288,openmeteo
2025-01-16 21:00:00,11.4,275,openmeteo
2025-01-16 22:00:00,13.3,271,openmeteo
2025-01-16 23:00:00,14.8,261,openmeteo
2025-01-17 00:00:00,16.1,257,openmeteo
2025-01-17 01:00:00,15.5,250,openmeteo
2025-01-17 02:00:00,16.2,243,openmeteo
2025-01-17 03:00:00,16.0,236,openmeteo
2025-01-17 04:00:00,14.5,226,openmeteo
2025-01-17 05:00:00,15.7,221,openmeteo
2025-01-17 06:00:00,16.9,219,openmeteo
2025-01-17 07:00:00,15.9,231,openmeteo
2025-01-17 08:00:00,16.4,235,openmeteo
2025-01-17 09:00:00,15.9,250,openmeteo
2025-01-17 10:00:00,14.7,259,openmeteo
2025-01-17 11:00:00,12.0,261,openmeteo
2025-01-17 12:00:00,10.2,277,openmeteo
2025-01-17 13:00:00,9.7,273,openmeteo
2025-01-17 14:00:00,8.4,247,openmeteo
2025-01-17 15:00:00,8.6,209,openmeteo
2025-01-17 16:00:00,10.9,209,openmeteo
2025-01-17 17:00:00,11.6,226,openmeteo
2025-01-17 18:00:00,12.9,224,openmeteo
2025-01-17 19:00:00,14.1,257,openmeteo
2025-01-17 20:00:00,18.7,272,openmeteo
2025-01-17 21:00:00,24.9,305,openmeteo
2025-01-17 22:00:00,29.7,295,openmeteo
2025-01-17 23:00:00,30.3,294,openmeteo
2025-01-18 00:00:00,30.8,296,openmeteo
2025-01-18 01:00:00,29.6,298,openmeteo
2025-01-18 02:00:00,32.0,299,openmeteo
2025-01-18 03:00:00,31.2,302,openmeteo
2025-01-18 04:00:00,30.1,303,openmeteo
2025-01-18 05:00:00,30.2,303,openmeteo
2025-01-18 06:00:00,28.9,301,openmeteo
2025-01-18 07:00:00,28.2,295,openmeteo
2025-01-18 08:00:00,28.9,291,openmeteo
2025-01-18 09:00:00,29.3,291,openmeteo
2025-01-18 10:00:00,30.4,294,openmeteo
2025-01-18 11:00:00,30.8,296,openmeteo
2025-01-18 12:00:00,31.1,298,openmeteo
2025-01-18 13:00:00,29.3,295,openmeteo
2025-01-18 14:00:00,30.1,294,openmeteo
2025-01-18 15:00:00,31.1,298,openmeteo
2025-01-18 16:00:00,29.8,303,openmeteo
2025-01-18 17:00:00,30.5,304,openmeteo
2025-01-18 18:00:00,31.0,303,openmeteo
2025-01-18 19:00:00,30.2,303,openmeteo
2025-01-18 20:00:00,31.9,305,openmeteo
2025-01-18 21:00:00,32.4,303,openmeteo
2025-01-18 22:00:00,31.2,301,openmeteo
2025-01-18 23:00:00,31.1,301,openmeteo
2025-01-19 00:00:00,31.2,304,openmeteo
2025-01-19 01:00:00,27.7,308,openmeteo
2025-01-19 02:00:00,26.2,310,openmeteo
2025-01-19 03:00:00,24.2,311,openmeteo
2025-01-19 04:00:00,23.2,308,openmeteo
2025-01-19 05:00:00,22.2,304,openmeteo
2025-01-19 06:00:00,21.6,302,openmeteo
2025-01-19 07:00:00,21.9,301,openmeteo
2025-01-19 08:00:00,22.4,299,openmeteo
2025-01-19 09:00:00,23.7,297,openmeteo
2025-01-19 10:00:00,24.6,295,openmeteo
2025-01-19 11:00:00,24.6,294,openmeteo
2025-01-19 12:00:00,24.0,298,openmeteo
2025-01-19 13:00:00,23.0,299,openmeteo
2025-01-19 14:00:00,22.8,301,openmeteo
2025-01-19 15:00:00,22.7,301,openmeteo
2025-01-19 16:00:00,21.7,301,openmeteo
2025-01-19 17:00:00,21.9,301,openmeteo
2025-01-19 18:00:00,19.8,303,openmeteo
2025-01-19 19:00:00,21.6,305,openmeteo
2025-01-19 20:00:00,23.0,309,openmeteo
2025-01-19 21:00:00,23.1,310,openmeteo
2025-01-19 22:00:00,23.4,310,openmeteo
2025-01-19 23:00:00,22.7,311,openmeteo
2025-01-20 00:00:00,22.7,312,openmeteo
2025-01-20 01:00:00,20.4,314,openmeteo
2025-01-20 02:00:00,20.1,315,openmeteo
2025-01-20 03:00:00,19.6,317,openmeteo
2025-01-20 04:00:00,18.5,315,openmeteo
2025-01-20 05:00:00,17.6,314,openmeteo
2025-01-20 06:00:00,17.8,313,openmeteo
2025-01-20 07:00:00,17.8,309,openmeteo
2025-01-20 08:00:00,17.9,308,openmeteo
2025-01-20 09:00:00,19.6,308,openmeteo
2025-01-20 10:00:00,20.3,306,openmeteo
2025-01-20 11:00:00,20.9,308,openmeteo
2025-01-20 12:00:00,21.1,310,openmeteo
2025-01-20 13:00:00,20.1,309,openmeteo
2025-01-20 14:00:00,21.0,313,openmeteo
2025-01-20 15:00:00,21.0,316,openmeteo
2025-01-20 16:00:00,20.9,320,openmeteo
2025-01-20 17:00:00,19.7,323,openmeteo
2025-01-20 18:00:00,18.3,322,openmeteo
2025-01-20 19:00:00,17.9,319,openmeteo
2025-01-20 20:00:00,17.8,317,openmeteo
2025-01-20 21:00:00,17.7,313,openmeteo
2025-01-20 22:00:00,18.6,311,openmeteo
2025-01-20 23:00:00,19.3,315,openmeteo
2025-01-21 00:00:00,20.8,318,openmeteo
2025-01-21 01:00:00,20.9,325,openmeteo
2025-01-21 02:00:00,21.4,327,openmeteo
2025-01-21 03:00:00,21.1,330,openmeteo
2025-01-21 04:00:00,19.0,330,openmeteo
2025-01-21 05:00:00,17.3,325,openmeteo
2025-01-21 06:00:00,17.9,326,openmeteo
2025-01-21 07:00:00,17.6,322,openmeteo
2025-01-21 08:00:00,16.4,316,openmeteo
2025-01-21 09:00:00,18.1,313,openmeteo
2025-01-21 10:00:00,19.5,315,openmeteo
2025-01-21 11:00:00,22.4,318,openmeteo
2025-01-21 12:00:00,26.6,320,openmeteo
2025-01-21 13:00:00,28.8,319,openmeteo
2025-01-21 14:00:00,30.6,319,openmeteo
2025-01-21 15:00:00,31.0,319,openmeteo
2025-01-21 16:00:00,30.0,316,openmeteo
2025-01-21 17:00:00,29.9,316,openmeteo
2025-01-21 18:00:00,30.6,313,openmeteo
2025-01-21 19:00:00,31.2,310,openmeteo
2025-01-21 20:00:00,32.2,310,openmeteo
2025-01-21 21:00:00,33.1,312,openmeteo
2025-01-21 22:00:00,35.0,318,openmeteo
2025-01-21 23:00:00,36.3,320,openmeteo
2025-01-22 00:00:00,35.7,323,openmeteo
2025-01-22 01:00:00,34.5,327,openmeteo
2025-01-22 02:00:00,31.9,329,openmeteo
2025-01-22 03:00:00,28.8,336,openmeteo
2025-01-22 04:00:00,24.7,352,openmeteo
2025-01-22 05:00:00,21.6,10,openmeteo
2025-01-22 06:00:00,21.6,38,openmeteo
2025-01-22 07:00:00,24.9,59,openmeteo
2025-01-22 08:00:00,24.8,71,openmeteo
2025-01-22 09:00:00,23.6,70,openmeteo
2025-01-22 10:00:00,21.7,59,openmeteo
2025-01-22 11:00:00,20.7,45,openmeteo
2025-01-22 12:00:00,22.4,30,openmeteo
2025-01-22 13:00:00,23.4,29,openmeteo
2025-01-22 14:00:00,23.1,15,openmeteo
2025-01-22 15:00:00,24.4,21,openmeteo
2025-01-22 16:00:00,23.6,28,openmeteo
2025-01-22 17:00:00,24.2,41,openmeteo
2025-01-22 18:00:00,27.4,51,openmeteo
2025-01-22 19:00:00,27.4,56,openmeteo
2025-01-22 20:00:00,26.0,61,openmeteo
2025-01-22 21:00:00,24.6,65,openmeteo
2025-01-22 22:00:00,21.8,68,openmeteo
2025-01-22 23:00:00,18.3,67,openmeteo
2025-01-23 00:00:00,16.4,67,openmeteo
2025-01-23 01:00:00,19.4,57,openmeteo
2025-01-23 02:00:00,19.9,58,openmeteo
2025-01-23 03:00:00,19.9,58,openmeteo
2025-01-23 04:00:00,20.0,56,openmeteo
2025-01-23 05:00:00,26.6,74,openmeteo
2025-01-23 06:00:00,23.9,84,openmeteo
2025-01-23 07:00:00,20.8,85,openmeteo
2025-01-23 08:00:00,19.3,86,openmeteo
2025-01-23 09:00:00,16.6,77,openmeteo
2025-01-23 10:00:00,16.0,64,openmeteo
2025-01-23 11:00:00,17.0,36,openmeteo
2025-01-23 12:00:00,24.0,22,openmeteo
2025-01-23 13:00:00,23.8,29,openmeteo
2025-01-23 14:00:00,24.4,31,openmeteo
2025-01-23 15:00:00,27.3,35,openmeteo
2025-01-23 16:00:00,26.9,38,openmeteo
2025-01-23 17:00:00,24.4,41,openmeteo
2025-01-23 18:00:00,22.5,50,openmeteo
2025-01-23 19:00:00,22.9,58,openmeteo
2025-01-23 20:00:00,23.5,59,openmeteo
2025-01-23 21:00:00,22.7,59,openmeteo
2025-01-23 22:00:00,20.2,61,openmeteo
2025-01-23 23:00:00,18.1,63,openmeteo
2025-01-24 00:00:00,16.7,66,openmeteo
2025-01-24 01:00:00,16.5,62,openmeteo
2025-01-24 02:00:00,15.7,68,openmeteo
2025-01-24 03:00:00,14.7,79,openmeteo
2025-01-24 04:00:00,12.8,96,openmeteo
2025-01-24 05:00:00,11.3,110,openmeteo
2025-01-24 06:00:00,9.4,113,openmeteo
2025-01-24 07:00:00,7.3,115,openmeteo
2025-01-24 08:00:00,4.6,116,openmeteo
2025-01-24 09:00:00,2.3,72,openmeteo
2025-01-24 10:00:00,4.3,360,openmeteo
2025-01-24 11:00:00,7.8,347,openmeteo
2025-01-24 12:00:00,10.5,338,openmeteo
2025-01-24 13:00:00,11.2,315,openmeteo
2025-01-24 14:00:00,12.1,308,openmeteo
2025-01-24 15:00:00,10.8,303,openmeteo
2025-01-24 16:00:00,8.2,310,openmeteo
2025-01-24 17:00:00,7.3,322,openmeteo
2025-01-24 18:00:00,8.8,345,openmeteo
2025-01-24 19:00:00,9.1,353,openmeteo
2025-01-24 20:00:00,9.4,356,openmeteo
2025-01-24 21:00:00,9.7,350,openmeteo
2025-01-24 22:00:00,9.9,350,openmeteo
2025-01-24 23:00:00,10.1,350,openmeteo
2025-01-25 00:00:00,9.2,354,openmeteo
2025-01-25 01:00:00,6.1,2,openmeteo
2025-01-25 02:00:00,5.2,360,openmeteo
2025-01-25 03:00:00,5.4,354,openmeteo
2025-01-25 04:00:00,7.1,351,openmeteo
2025-01-25 05:00:00,8.1,348,openmeteo
2025-01-25 06:00:00,9.5,350,openmeteo
2025-01-25 07:00:00,10.8,349,openmeteo
2025-01-25 08:00:00,12.4,347,openmeteo
2025-01-25 09:00:00,13.7,343,openmeteo
2025-01-25 10:00:00,16.2,339,openmeteo
2025-01-25 11:00:00,18.4,337,openmeteo
2025-01-25 12:00:00,18.6,340,openmeteo
2025-01-25 13:00:00,17.6,333,openmeteo
2025-01-25 14:00:00,17.0,334,openmeteo
2025-01-25 15:00:00,17.3,333,openmeteo
2025-01-25 16:00:00,16.1,333,openmeteo
2025-01-25 17:00:00,14.6,330,openmeteo
2025-01-25 18:00:00,13.8,327,openmeteo
2025-01-25 19:00:00,12.9,330,openmeteo
2025-01-25 20:00:00,12.8,336,openmeteo
2025-01-25 21:00:00,12.9,345,openmeteo
2025-01-25 22:00:00,14.3,355,openmeteo
2025-01-25 23:00:00,14.8,3,openmeteo
2025-01-26 00:00:00,14.1,7,openmeteo
2025-01-26 01:00:00,13.2,15,openmeteo
2025-01-26 02:00:00,13.7,16,openmeteo
2025-01-26 03:00:00,13.3,23,openmeteo
2025-01-26 04:00:00,12.7,30,openmeteo
2025-01-26 05:00:00,11.3,20,openmeteo
2025-01-26 06:00:00,9.0,13,openmeteo
2025-01-26 07:00:00,8.3,2,openmeteo
2025-01-26 08:00:00,9.7,359,openmeteo
2025-01-26 09:00:00,11.4,356,openmeteo
2025-01-26 10:00:00,11.8,353,openmeteo
2025-01-26 11:00:00,12.2,352,openmeteo
2025-01-26 12:00:00,12.7,353,openmeteo
2025-01-26 13:00:00,12.0,342,openmeteo
2025-01-26 14:00:00,10.3,337,openmeteo
2025-01-26 15:00:00,14.0,336,openmeteo
2025-01-26 16:00:00,15.5,335,openmeteo
2025-01-26 17:00:00,16.5,327,openmeteo
2025-01-26 18:00:00,16.8,322,openmeteo
2025-01-26 19:00:00,18.0,321,openmeteo
2025-01-26 20:00:00,17.8,324,openmeteo
2025-01-26 21:00:00,19.3,324,openmeteo
2025-01-26 22:00:00,20.0,326,openmeteo
2025-01-26 23:00:00,19.4,327,openmeteo
2025-01-27 00:00:00,19.6,330,openmeteo
2025-01-27 01:00:00,20.8,342,openmeteo
2025-01-27 02:00:00,19.1,346,openmeteo
2025-01-27 03:00:00,17.1,356,openmeteo
2025-01-27 04:00:00,13.2,6,openmeteo
2025-01-27 05:00:00,11.5,359,openmeteo
2025-01-27 06:00:00,10.8,323,openmeteo
2025-01-27 07:00:00,14.3,316,openmeteo
2025-01-27 08:00:00,20.6,320,openmeteo
2025-01-27 09:00:00,20.7,320,openmeteo
2025-01-27 10:00:00,20.0,312,openmeteo
2025-01-27 11:00:00,22.9,320,openmeteo
2025-01-27 12:00:00,20.1,324,openmeteo
2025-01-27 13:00:00,17.5,323,openmeteo
2025-01-27 14:00:00,20.3,323,openmeteo
2025-01-27 15:00:00,18.6,328,openmeteo
2025-01-27 16:00:00,19.2,326,openmeteo
2025-01-27 17:00:00,22.6,319,openmeteo
2025-01-27 18:00:00,24.6,316,openmeteo
2025-01-27 19:00:00,24.9,324,openmeteo
2025-01-27 20:00:00,23.9,324,openmeteo
2025-01-27 21:00:00,24.2,324,openmeteo
2025-01-27 22:00:00,26.6,322,openmeteo
2025-01-27 23:00:00,28.2,319,openmeteo
2025-01-28 00:00:00,28.8,318,openmeteo
2025-01-28 01:00:00,27.6,325,openmeteo
2025-01-28 02:00:00,26.7,327,openmeteo
2025-01-28 03:00:00,23.4,328,openmeteo
2025-01-28 04:00:00,25.1,319,openmeteo
2025-01-28 05:00:00,26.9,316,openmeteo
2025-01-28 06:00:00,27.5,321,openmeteo
2025-01-28 07:00:00,26.9,319,openmeteo
2025-01-28 08:00:00,26.0,318,openmeteo
2025-01-28 09:00:00,26.4,319,openmeteo
2025-01-28 10:00:00,27.4,321,openmeteo
2025-01-28 11:00:00,27.0,323,openmeteo
2025-01-28 12:00:00,27.8,323,openmeteo
2025-01-28 13:00:00,27.3,324,openmeteo
2025-01-28 14:00:00,29.1,325,openmeteo
2025-01-28 15:00:00,30.1,325,openmeteo
2025-01-28 16:00:00,30.4,324,openmeteo
2025-01-28 17:00:00,30.0,324,openmeteo
2025-01-28 18:00:00,29.7,321,openmeteo
2025-01-28 19:00:00,28.4,317,openmeteo
2025-01-28 20:00:00,29.0,317,openmeteo
2025-01-28 21:00:00,30.2,319,openmeteo
2025-01-28 22:00:00,31.1,321,openmeteo
2025-01-28 23:00:00,32.1,324,openmeteo
2025-01-29 00:00:00,32.7,327,openmeteo
2025-01-29 01:00:00,28.5,327,openmeteo
2025-01-29 02:00:00,27.0,325,openmeteo
2025-01-29 03:00:00,24.0,320,openmeteo
2025-01-29 04:00:00,21.9,316,openmeteo
2025-01-29 05:00:00,21.4,314,openmeteo
2025-01-29 06:00:00,21.8,313,openmeteo
2025-01-29 07:00:00,23.7,314,openmeteo
2025-01-29 08:00:00,25.3,317,openmeteo
2025-01-29 09:00:00,25.9,319,openmeteo
2025-01-29 10:00:00,26.2,321,openmeteo
2025-01-29 11:00:00,25.5,324,openmeteo
2025-01-29 12:00:00,25.0,326,openmeteo
2025-01-29 13:00:00,24.9,324,openmeteo
2025-01-29 14:00:00,23.7,324,openmeteo
2025-01-29 15:00:00,22.8,324,openmeteo
2025-01-29 16:00:00,21.2,325,openmeteo
2025-01-29 17:00:00,20.0,326,openmeteo
2025-01-29 18:00:00,20.1,329,openmeteo
2025-01-29 19:00:00,19.9,331,openmeteo
2025-01-29 20:00:00,19.8,329,openmeteo
2025-01-29 21:00:00,21.4,324,openmeteo
2025-01-29 22:00:00,22.4,321,openmeteo
2025-01-29 23:00:00,24.6,314,openmeteo
2025-01-30 00:00:00,28.0,312,openmeteo
2025-01-30 01:00:00,27.2,320,openmeteo
2025-01-30 02:00:00,27.8,323,openmeteo
2025-01-30 03:00:00,25.5,327,openmeteo
2025-01-30 04:00:00,25.8,329,openmeteo
2025-01-30 05:00:00,27.4,330,openmeteo
2025-01-30 06:00:00,29.6,333,openmeteo
2025-01-30 07:00:00,31.0,333,openmeteo
2025-01-30 08:00:00,29.1,335,openmeteo
2025-01-30 09:00:00,26.6,333,openmeteo
2025-01-30 10:00:00,24.0,328,openmeteo
2025-01-30 11:00:00,27.6,325,openmeteo
2025-01-30 12:00:00,31.1,323,openmeteo
2025-01-30 13:00:00,30.2,314,openmeteo
2025-01-30 14:00:00,28.8,311,openmeteo
2025-01-30 15:00:00,32.6,315,openmeteo
2025-01-30 16:00:00,34.1,317,openmeteo
2025-01-30 17:00:00,33.9,316,openmeteo
2025-01-30 18:00:00,34.1,314,openmeteo
2025-01-30 19:00:00,34.8,312,openmeteo
2025-01-30 20:00:00,34.9,312,openmeteo
2025-01-30 21:00:00,35.3,311,openmeteo
2025-01-30 22:00:00,38.4,312,openmeteo
2025-01-30 23:00:00,38.2,313,openmeteo
2025-01-31 00:00:00,37.1,312,openmeteo
2025-01-31 01:00:00,34.7,310,openmeteo
2025-01-31 02:00:00,33.7,309,openmeteo
2025-01-31 03:00:00,33.6,310,openmeteo
2025-01-31 04:00:00,33.3,312,openmeteo
2025-01-31 05:00:00,31.5,313,openmeteo
2025-01-31 06:00:00,31.2,316,openmeteo
2025-01-31 07:00:00,30.4,313,openmeteo
2025-01-31 08:00:00,29.9,300,openmeteo
2025-01-31 09:00:00,28.7,295,openmeteo
2025-01-31 10:00:00,28.7,298,openmeteo
2025-01-31 11:00:00,30.1,301,openmeteo
2025-01-31 12:00:00,30.3,305,openmeteo
2025-01-31 13:00:00,29.6,304,openmeteo
2025-01-31 14:00:00,30.3,314,openmeteo
2025-01-31 15:00:00,29.7,318,openmeteo
2025-01-31 16:00:00,29.6,322,openmeteo
2025-01-31 17:00:00,28.6,326,openmeteo
2025-01-31 18:00:00,25.7,328,openmeteo
2025-01-31 19:00:00,23.3,329,openmeteo
2025-01-31 20:00:00,21.3,337,openmeteo
2025-01-31 21:00:00,19.6,347,openmeteo
2025-01-31 22:00:00,17.2,347,openmeteo
2025-01-31 23:00:00,15.3,351,openmeteo
